CREATE DATABASE  IF NOT EXISTS `Assignment1_Final` /*!40100 DEFAULT CHARACTER SET utf8mb4 COLLATE utf8mb4_0900_ai_ci */ /*!80016 DEFAULT ENCRYPTION='N' */;
USE `Assignment1_Final`;
-- MySQL dump 10.13  Distrib 8.0.16, for Win64 (x86_64)
--
-- Host: localhost    Database: asgmt1_after
-- ------------------------------------------------------
-- Server version	8.0.16

/*!40101 SET @OLD_CHARACTER_SET_CLIENT=@@CHARACTER_SET_CLIENT */;
/*!40101 SET @OLD_CHARACTER_SET_RESULTS=@@CHARACTER_SET_RESULTS */;
/*!40101 SET @OLD_COLLATION_CONNECTION=@@COLLATION_CONNECTION */;
 SET NAMES utf8 ;
/*!40103 SET @OLD_TIME_ZONE=@@TIME_ZONE */;
/*!40103 SET TIME_ZONE='+00:00' */;
/*!40014 SET @OLD_UNIQUE_CHECKS=@@UNIQUE_CHECKS, UNIQUE_CHECKS=0 */;
/*!40014 SET @OLD_FOREIGN_KEY_CHECKS=@@FOREIGN_KEY_CHECKS, FOREIGN_KEY_CHECKS=0 */;
/*!40101 SET @OLD_SQL_MODE=@@SQL_MODE, SQL_MODE='NO_AUTO_VALUE_ON_ZERO' */;
/*!40111 SET @OLD_SQL_NOTES=@@SQL_NOTES, SQL_NOTES=0 */;

--
-- Table structure for table `cannabisincome`
--

DROP TABLE IF EXISTS `cannabis_income`;
/*!40101 SET @saved_cs_client     = @@character_set_client */;
 SET character_set_client = utf8mb4 ;
CREATE TABLE `cannabis_income` (
  `Income_ID` int(11) NOT NULL AUTO_INCREMENT,
  `Year` varchar(45) DEFAULT NULL,
  `Location_ID` varchar(45) DEFAULT NULL,
  `Estimate_ID` varchar(11) DEFAULT NULL,
  `Industry_ID` varchar(11) DEFAULT NULL,
  `Value` double DEFAULT NULL,
  `Scalar_ID` int(11) DEFAULT NULL,
  `UOM_ID` int(11) DEFAULT NULL,
  PRIMARY KEY (`Income_ID`),
  KEY `Location_idx` (`Location_ID`),
  KEY `Estimate_idx` (`Estimate_ID`),
  KEY `Industry_idx` (`Industry_ID`),
  KEY `Scalar_idx` (`Scalar_ID`),
  KEY `UOM_idx` (`UOM_ID`),
  CONSTRAINT `cannabis_income_ibfk_1` FOREIGN KEY (`Location_ID`) REFERENCES `locations` (`Location_ID`),
  CONSTRAINT `cannabis_income_ibfk_2` FOREIGN KEY (`Estimate_ID`) REFERENCES `estimates` (`Estimate_ID`),
  CONSTRAINT `cannabis_income_ibfk_3` FOREIGN KEY (`Industry_ID`) REFERENCES `industries` (`Industry_ID`),
  CONSTRAINT `cannabis_income_ibfk_4` FOREIGN KEY (`Scalar_ID`) REFERENCES `scalars` (`Scalar_ID`),
  CONSTRAINT `cannabis_income_ibfk_5` FOREIGN KEY (`UOM_ID`) REFERENCES `measures` (`Unit_of_measure_ID`)
) ENGINE=InnoDB AUTO_INCREMENT=581 DEFAULT CHARSET=utf8mb4 COLLATE=utf8mb4_0900_ai_ci;
/*!40101 SET character_set_client = @saved_cs_client */;

--
-- Dumping data for table `cannabis_income`
--

LOCK TABLES `cannabis_income` WRITE;
/*!40000 ALTER TABLE `cannabis_income` DISABLE KEYS */;
INSERT INTO `cannabis_income` VALUES (1,'1961','CN','GDP','MED',0,6,81),(2,'1961','CN','GDP','NMED',94,6,81),(3,'1961','CN','ECOMP','MED',0,6,81),(4,'1961','CN','ECOMP','NMED',0,6,81),(5,'1961','CN','GOS','MED',0,6,81),(6,'1961','CN','GOS','NMED',0,6,81),(9,'1961','CN','TXLSUB','MED',0,6,81),(10,'1961','CN','TXLSUB','NMED',0,6,81),(11,'1962','CN','GDP','MED',0,6,81),(12,'1962','CN','GDP','NMED',107,6,81),(13,'1962','CN','ECOMP','MED',0,6,81),(14,'1962','CN','ECOMP','NMED',0,6,81),(15,'1962','CN','GOS','MED',0,6,81),(16,'1962','CN','GOS','NMED',0,6,81),(19,'1962','CN','TXLSUB','MED',0,6,81),(20,'1962','CN','TXLSUB','NMED',0,6,81),(21,'1963','CN','GDP','MED',0,6,81),(22,'1963','CN','GDP','NMED',125,6,81),(23,'1963','CN','ECOMP','MED',0,6,81),(24,'1963','CN','ECOMP','NMED',0,6,81),(25,'1963','CN','GOS','MED',0,6,81),(26,'1963','CN','GOS','NMED',0,6,81),(29,'1963','CN','TXLSUB','MED',0,6,81),(30,'1963','CN','TXLSUB','NMED',0,6,81),(31,'1964','CN','GDP','MED',0,6,81),(32,'1964','CN','GDP','NMED',150,6,81),(33,'1964','CN','ECOMP','MED',0,6,81),(34,'1964','CN','ECOMP','NMED',0,6,81),(35,'1964','CN','GOS','MED',0,6,81),(36,'1964','CN','GOS','NMED',0,6,81),(39,'1964','CN','TXLSUB','MED',0,6,81),(40,'1964','CN','TXLSUB','NMED',0,6,81),(41,'1965','CN','GDP','MED',0,6,81),(42,'1965','CN','GDP','NMED',183,6,81),(43,'1965','CN','ECOMP','MED',0,6,81),(44,'1965','CN','ECOMP','NMED',0,6,81),(45,'1965','CN','GOS','MED',0,6,81),(46,'1965','CN','GOS','NMED',0,6,81),(49,'1965','CN','TXLSUB','MED',0,6,81),(50,'1965','CN','TXLSUB','NMED',0,6,81),(51,'1966','CN','GDP','MED',0,6,81),(52,'1966','CN','GDP','NMED',223,6,81),(53,'1966','CN','ECOMP','MED',0,6,81),(54,'1966','CN','ECOMP','NMED',0,6,81),(55,'1966','CN','GOS','MED',0,6,81),(56,'1966','CN','GOS','NMED',0,6,81),(59,'1966','CN','TXLSUB','MED',0,6,81),(60,'1966','CN','TXLSUB','NMED',0,6,81),(61,'1967','CN','GDP','MED',0,6,81),(62,'1967','CN','GDP','NMED',273,6,81),(63,'1967','CN','ECOMP','MED',0,6,81),(64,'1967','CN','ECOMP','NMED',0,6,81),(65,'1967','CN','GOS','MED',0,6,81),(66,'1967','CN','GOS','NMED',0,6,81),(69,'1967','CN','TXLSUB','MED',0,6,81),(70,'1967','CN','TXLSUB','NMED',0,6,81),(71,'1968','CN','GDP','MED',0,6,81),(72,'1968','CN','GDP','NMED',332,6,81),(73,'1968','CN','ECOMP','MED',0,6,81),(74,'1968','CN','ECOMP','NMED',0,6,81),(75,'1968','CN','GOS','MED',0,6,81),(76,'1968','CN','GOS','NMED',0,6,81),(79,'1968','CN','TXLSUB','MED',0,6,81),(80,'1968','CN','TXLSUB','NMED',0,6,81),(81,'1969','CN','GDP','MED',0,6,81),(82,'1969','CN','GDP','NMED',397,6,81),(83,'1969','CN','ECOMP','MED',0,6,81),(84,'1969','CN','ECOMP','NMED',0,6,81),(85,'1969','CN','GOS','MED',0,6,81),(86,'1969','CN','GOS','NMED',0,6,81),(89,'1969','CN','TXLSUB','MED',0,6,81),(90,'1969','CN','TXLSUB','NMED',0,6,81),(91,'1970','CN','GDP','MED',0,6,81),(92,'1970','CN','GDP','NMED',483,6,81),(93,'1970','CN','ECOMP','MED',0,6,81),(94,'1970','CN','ECOMP','NMED',0,6,81),(95,'1970','CN','GOS','MED',0,6,81),(96,'1970','CN','GOS','NMED',0,6,81),(99,'1970','CN','TXLSUB','MED',0,6,81),(100,'1970','CN','TXLSUB','NMED',0,6,81),(101,'1971','CN','GDP','MED',0,6,81),(102,'1971','CN','GDP','NMED',553,6,81),(103,'1971','CN','ECOMP','MED',0,6,81),(104,'1971','CN','ECOMP','NMED',0,6,81),(105,'1971','CN','GOS','MED',0,6,81),(106,'1971','CN','GOS','NMED',0,6,81),(109,'1971','CN','TXLSUB','MED',0,6,81),(110,'1971','CN','TXLSUB','NMED',0,6,81),(111,'1972','CN','GDP','MED',0,6,81),(112,'1972','CN','GDP','NMED',619,6,81),(113,'1972','CN','ECOMP','MED',0,6,81),(114,'1972','CN','ECOMP','NMED',0,6,81),(115,'1972','CN','GOS','MED',0,6,81),(116,'1972','CN','GOS','NMED',0,6,81),(119,'1972','CN','TXLSUB','MED',0,6,81),(120,'1972','CN','TXLSUB','NMED',0,6,81),(121,'1973','CN','GDP','MED',0,6,81),(122,'1973','CN','GDP','NMED',681,6,81),(123,'1973','CN','ECOMP','MED',0,6,81),(124,'1973','CN','ECOMP','NMED',0,6,81),(125,'1973','CN','GOS','MED',0,6,81),(126,'1973','CN','GOS','NMED',0,6,81),(129,'1973','CN','TXLSUB','MED',0,6,81),(130,'1973','CN','TXLSUB','NMED',0,6,81),(131,'1974','CN','GDP','MED',0,6,81),(132,'1974','CN','GDP','NMED',768,6,81),(133,'1974','CN','ECOMP','MED',0,6,81),(134,'1974','CN','ECOMP','NMED',0,6,81),(135,'1974','CN','GOS','MED',0,6,81),(136,'1974','CN','GOS','NMED',0,6,81),(139,'1974','CN','TXLSUB','MED',0,6,81),(140,'1974','CN','TXLSUB','NMED',0,6,81),(141,'1975','CN','GDP','MED',0,6,81),(142,'1975','CN','GDP','NMED',824,6,81),(143,'1975','CN','ECOMP','MED',0,6,81),(144,'1975','CN','ECOMP','NMED',0,6,81),(145,'1975','CN','GOS','MED',0,6,81),(146,'1975','CN','GOS','NMED',0,6,81),(149,'1975','CN','TXLSUB','MED',0,6,81),(150,'1975','CN','TXLSUB','NMED',0,6,81),(151,'1976','CN','GDP','MED',0,6,81),(152,'1976','CN','GDP','NMED',884,6,81),(153,'1976','CN','ECOMP','MED',0,6,81),(154,'1976','CN','ECOMP','NMED',0,6,81),(155,'1976','CN','GOS','MED',0,6,81),(156,'1976','CN','GOS','NMED',0,6,81),(159,'1976','CN','TXLSUB','MED',0,6,81),(160,'1976','CN','TXLSUB','NMED',0,6,81),(161,'1977','CN','GDP','MED',0,6,81),(162,'1977','CN','GDP','NMED',944,6,81),(163,'1977','CN','ECOMP','MED',0,6,81),(164,'1977','CN','ECOMP','NMED',0,6,81),(165,'1977','CN','GOS','MED',0,6,81),(166,'1977','CN','GOS','NMED',0,6,81),(169,'1977','CN','TXLSUB','MED',0,6,81),(170,'1977','CN','TXLSUB','NMED',0,6,81),(171,'1978','CN','GDP','MED',0,6,81),(172,'1978','CN','GDP','NMED',1044,6,81),(173,'1978','CN','ECOMP','MED',0,6,81),(174,'1978','CN','ECOMP','NMED',0,6,81),(175,'1978','CN','GOS','MED',0,6,81),(176,'1978','CN','GOS','NMED',0,6,81),(179,'1978','CN','TXLSUB','MED',0,6,81),(180,'1978','CN','TXLSUB','NMED',0,6,81),(181,'1979','CN','GDP','MED',0,6,81),(182,'1979','CN','GDP','NMED',1106,6,81),(183,'1979','CN','ECOMP','MED',0,6,81),(184,'1979','CN','ECOMP','NMED',0,6,81),(185,'1979','CN','GOS','MED',0,6,81),(186,'1979','CN','GOS','NMED',0,6,81),(189,'1979','CN','TXLSUB','MED',0,6,81),(190,'1979','CN','TXLSUB','NMED',0,6,81),(191,'1980','CN','GDP','MED',0,6,81),(192,'1980','CN','GDP','NMED',1169,6,81),(193,'1980','CN','ECOMP','MED',0,6,81),(194,'1980','CN','ECOMP','NMED',0,6,81),(195,'1980','CN','GOS','MED',0,6,81),(196,'1980','CN','GOS','NMED',0,6,81),(199,'1980','CN','TXLSUB','MED',0,6,81),(200,'1980','CN','TXLSUB','NMED',0,6,81),(201,'1981','CN','GDP','MED',0,6,81),(202,'1981','CN','GDP','NMED',1233,6,81),(203,'1981','CN','ECOMP','MED',0,6,81),(204,'1981','CN','ECOMP','NMED',0,6,81),(205,'1981','CN','GOS','MED',0,6,81),(206,'1981','CN','GOS','NMED',0,6,81),(209,'1981','CN','TXLSUB','MED',0,6,81),(210,'1981','CN','TXLSUB','NMED',0,6,81),(211,'1982','CN','GDP','MED',0,6,81),(212,'1982','CN','GDP','NMED',1403,6,81),(213,'1982','CN','ECOMP','MED',0,6,81),(214,'1982','CN','ECOMP','NMED',0,6,81),(215,'1982','CN','GOS','MED',0,6,81),(216,'1982','CN','GOS','NMED',0,6,81),(219,'1982','CN','TXLSUB','MED',0,6,81),(220,'1982','CN','TXLSUB','NMED',0,6,81),(221,'1983','CN','GDP','MED',0,6,81),(222,'1983','CN','GDP','NMED',1619,6,81),(223,'1983','CN','ECOMP','MED',0,6,81),(224,'1983','CN','ECOMP','NMED',0,6,81),(225,'1983','CN','GOS','MED',0,6,81),(226,'1983','CN','GOS','NMED',0,6,81),(229,'1983','CN','TXLSUB','MED',0,6,81),(230,'1983','CN','TXLSUB','NMED',0,6,81),(231,'1984','CN','GDP','MED',0,6,81),(232,'1984','CN','GDP','NMED',1737,6,81),(233,'1984','CN','ECOMP','MED',0,6,81),(234,'1984','CN','ECOMP','NMED',0,6,81),(235,'1984','CN','GOS','MED',0,6,81),(236,'1984','CN','GOS','NMED',0,6,81),(239,'1984','CN','TXLSUB','MED',0,6,81),(240,'1984','CN','TXLSUB','NMED',0,6,81),(241,'1985','CN','GDP','MED',0,6,81),(242,'1985','CN','GDP','NMED',1946,6,81),(243,'1985','CN','ECOMP','MED',0,6,81),(244,'1985','CN','ECOMP','NMED',0,6,81),(245,'1985','CN','GOS','MED',0,6,81),(246,'1985','CN','GOS','NMED',0,6,81),(249,'1985','CN','TXLSUB','MED',0,6,81),(250,'1985','CN','TXLSUB','NMED',0,6,81),(251,'1986','CN','GDP','MED',0,6,81),(252,'1986','CN','GDP','NMED',2170,6,81),(253,'1986','CN','ECOMP','MED',0,6,81),(254,'1986','CN','ECOMP','NMED',0,6,81),(255,'1986','CN','GOS','MED',0,6,81),(256,'1986','CN','GOS','NMED',0,6,81),(259,'1986','CN','TXLSUB','MED',0,6,81),(260,'1986','CN','TXLSUB','NMED',0,6,81),(261,'1987','CN','GDP','MED',0,6,81),(262,'1987','CN','GDP','NMED',2403,6,81),(263,'1987','CN','ECOMP','MED',0,6,81),(264,'1987','CN','ECOMP','NMED',0,6,81),(265,'1987','CN','GOS','MED',0,6,81),(266,'1987','CN','GOS','NMED',0,6,81),(269,'1987','CN','TXLSUB','MED',0,6,81),(270,'1987','CN','TXLSUB','NMED',0,6,81),(271,'1988','CN','GDP','MED',0,6,81),(272,'1988','CN','GDP','NMED',2486,6,81),(273,'1988','CN','ECOMP','MED',0,6,81),(274,'1988','CN','ECOMP','NMED',0,6,81),(275,'1988','CN','GOS','MED',0,6,81),(276,'1988','CN','GOS','NMED',0,6,81),(279,'1988','CN','TXLSUB','MED',0,6,81),(280,'1988','CN','TXLSUB','NMED',0,6,81),(281,'1989','CN','GDP','MED',0,6,81),(282,'1989','CN','GDP','NMED',2542,6,81),(283,'1989','CN','ECOMP','MED',0,6,81),(284,'1989','CN','ECOMP','NMED',0,6,81),(285,'1989','CN','GOS','MED',0,6,81),(286,'1989','CN','GOS','NMED',0,6,81),(289,'1989','CN','TXLSUB','MED',0,6,81),(290,'1989','CN','TXLSUB','NMED',0,6,81),(291,'1990','CN','GDP','MED',0,6,81),(292,'1990','CN','GDP','NMED',2490,6,81),(293,'1990','CN','ECOMP','MED',0,6,81),(294,'1990','CN','ECOMP','NMED',0,6,81),(295,'1990','CN','GOS','MED',0,6,81),(296,'1990','CN','GOS','NMED',0,6,81),(299,'1990','CN','TXLSUB','MED',0,6,81),(300,'1990','CN','TXLSUB','NMED',0,6,81),(301,'1991','CN','GDP','MED',0,6,81),(302,'1991','CN','GDP','NMED',2511,6,81),(303,'1991','CN','ECOMP','MED',0,6,81),(304,'1991','CN','ECOMP','NMED',0,6,81),(305,'1991','CN','GOS','MED',0,6,81),(306,'1991','CN','GOS','NMED',0,6,81),(309,'1991','CN','TXLSUB','MED',0,6,81),(310,'1991','CN','TXLSUB','NMED',0,6,81),(311,'1992','CN','GDP','MED',0,6,81),(312,'1992','CN','GDP','NMED',2405,6,81),(313,'1992','CN','ECOMP','MED',0,6,81),(314,'1992','CN','ECOMP','NMED',0,6,81),(315,'1992','CN','GOS','MED',0,6,81),(316,'1992','CN','GOS','NMED',0,6,81),(319,'1992','CN','TXLSUB','MED',0,6,81),(320,'1992','CN','TXLSUB','NMED',0,6,81),(321,'1993','CN','GDP','MED',0,6,81),(322,'1993','CN','GDP','NMED',2417,6,81),(323,'1993','CN','ECOMP','MED',0,6,81),(324,'1993','CN','ECOMP','NMED',0,6,81),(325,'1993','CN','GOS','MED',0,6,81),(326,'1993','CN','GOS','NMED',0,6,81),(329,'1993','CN','TXLSUB','MED',0,6,81),(330,'1993','CN','TXLSUB','NMED',0,6,81),(331,'1994','CN','GDP','MED',0,6,81),(332,'1994','CN','GDP','NMED',2452,6,81),(333,'1994','CN','ECOMP','MED',0,6,81),(334,'1994','CN','ECOMP','NMED',0,6,81),(335,'1994','CN','GOS','MED',0,6,81),(336,'1994','CN','GOS','NMED',0,6,81),(339,'1994','CN','TXLSUB','MED',0,6,81),(340,'1994','CN','TXLSUB','NMED',0,6,81),(341,'1995','CN','GDP','MED',0,6,81),(342,'1995','CN','GDP','NMED',2621,6,81),(343,'1995','CN','ECOMP','MED',0,6,81),(344,'1995','CN','ECOMP','NMED',0,6,81),(345,'1995','CN','GOS','MED',0,6,81),(346,'1995','CN','GOS','NMED',0,6,81),(349,'1995','CN','TXLSUB','MED',0,6,81),(350,'1995','CN','TXLSUB','NMED',0,6,81),(351,'1996','CN','GDP','MED',0,6,81),(352,'1996','CN','GDP','NMED',2782,6,81),(353,'1996','CN','ECOMP','MED',0,6,81),(354,'1996','CN','ECOMP','NMED',0,6,81),(355,'1996','CN','GOS','MED',0,6,81),(356,'1996','CN','GOS','NMED',0,6,81),(359,'1996','CN','TXLSUB','MED',0,6,81),(360,'1996','CN','TXLSUB','NMED',0,6,81),(361,'1997','CN','GDP','MED',0,6,81),(362,'1997','CN','GDP','NMED',2995,6,81),(363,'1997','CN','ECOMP','MED',0,6,81),(364,'1997','CN','ECOMP','NMED',0,6,81),(365,'1997','CN','GOS','MED',0,6,81),(366,'1997','CN','GOS','NMED',0,6,81),(369,'1997','CN','TXLSUB','MED',0,6,81),(370,'1997','CN','TXLSUB','NMED',0,6,81),(371,'1998','CN','GDP','MED',0,6,81),(372,'1998','CN','GDP','NMED',3244,6,81),(373,'1998','CN','ECOMP','MED',0,6,81),(374,'1998','CN','ECOMP','NMED',0,6,81),(375,'1998','CN','GOS','MED',0,6,81),(376,'1998','CN','GOS','NMED',0,6,81),(379,'1998','CN','TXLSUB','MED',0,6,81),(380,'1998','CN','TXLSUB','NMED',0,6,81),(381,'1999','CN','GDP','MED',0,6,81),(382,'1999','CN','GDP','NMED',3459,6,81),(383,'1999','CN','ECOMP','MED',0,6,81),(384,'1999','CN','ECOMP','NMED',0,6,81),(385,'1999','CN','GOS','MED',0,6,81),(386,'1999','CN','GOS','NMED',0,6,81),(389,'1999','CN','TXLSUB','MED',0,6,81),(390,'1999','CN','TXLSUB','NMED',0,6,81),(391,'2000','CN','GDP','MED',0,6,81),(392,'2000','CN','GDP','NMED',3680,6,81),(393,'2000','CN','ECOMP','MED',0,6,81),(394,'2000','CN','ECOMP','NMED',0,6,81),(395,'2000','CN','GOS','MED',0,6,81),(396,'2000','CN','GOS','NMED',0,6,81),(399,'2000','CN','TXLSUB','MED',0,6,81),(400,'2000','CN','TXLSUB','NMED',0,6,81),(401,'2001','CN','GDP','MED',0,6,81),(402,'2001','CN','GDP','NMED',4030,6,81),(403,'2001','CN','ECOMP','MED',0,6,81),(404,'2001','CN','ECOMP','NMED',0,6,81),(405,'2001','CN','GOS','MED',0,6,81),(406,'2001','CN','GOS','NMED',0,6,81),(409,'2001','CN','TXLSUB','MED',0,6,81),(410,'2001','CN','TXLSUB','NMED',0,6,81),(411,'2002','CN','GDP','MED',0,6,81),(412,'2002','CN','GDP','NMED',4235,6,81),(413,'2002','CN','ECOMP','MED',0,6,81),(414,'2002','CN','ECOMP','NMED',0,6,81),(415,'2002','CN','GOS','MED',0,6,81),(416,'2002','CN','GOS','NMED',0,6,81),(419,'2002','CN','TXLSUB','MED',0,6,81),(420,'2002','CN','TXLSUB','NMED',0,6,81),(421,'2003','CN','GDP','MED',0,6,81),(422,'2003','CN','GDP','NMED',4425,6,81),(423,'2003','CN','ECOMP','MED',0,6,81),(424,'2003','CN','ECOMP','NMED',0,6,81),(425,'2003','CN','GOS','MED',0,6,81),(426,'2003','CN','GOS','NMED',0,6,81),(429,'2003','CN','TXLSUB','MED',0,6,81),(430,'2003','CN','TXLSUB','NMED',0,6,81),(431,'2004','CN','GDP','MED',0,6,81),(432,'2004','CN','GDP','NMED',4545,6,81),(433,'2004','CN','ECOMP','MED',0,6,81),(434,'2004','CN','ECOMP','NMED',0,6,81),(435,'2004','CN','GOS','MED',0,6,81),(436,'2004','CN','GOS','NMED',0,6,81),(439,'2004','CN','TXLSUB','MED',0,6,81),(440,'2004','CN','TXLSUB','NMED',0,6,81),(441,'2005','CN','GDP','MED',0,6,81),(442,'2005','CN','GDP','NMED',4544,6,81),(443,'2005','CN','ECOMP','MED',0,6,81),(444,'2005','CN','ECOMP','NMED',0,6,81),(445,'2005','CN','GOS','MED',0,6,81),(446,'2005','CN','GOS','NMED',0,6,81),(449,'2005','CN','TXLSUB','MED',0,6,81),(450,'2005','CN','TXLSUB','NMED',0,6,81),(451,'2006','CN','GDP','MED',0,6,81),(452,'2006','CN','GDP','NMED',4367,6,81),(453,'2006','CN','ECOMP','MED',0,6,81),(454,'2006','CN','ECOMP','NMED',0,6,81),(455,'2006','CN','GOS','MED',0,6,81),(456,'2006','CN','GOS','NMED',0,6,81),(459,'2006','CN','TXLSUB','MED',0,6,81),(460,'2006','CN','TXLSUB','NMED',0,6,81),(461,'2007','CN','GDP','MED',0,6,81),(462,'2007','CN','GDP','NMED',4127,6,81),(463,'2007','CN','ECOMP','MED',0,6,81),(464,'2007','CN','ECOMP','NMED',0,6,81),(465,'2007','CN','GOS','MED',0,6,81),(466,'2007','CN','GOS','NMED',0,6,81),(469,'2007','CN','TXLSUB','MED',0,6,81),(470,'2007','CN','TXLSUB','NMED',0,6,81),(471,'2008','CN','GDP','MED',1,6,81),(472,'2008','CN','GDP','NMED',4117,6,81),(473,'2008','CN','ECOMP','MED',0,6,81),(474,'2008','CN','ECOMP','NMED',0,6,81),(475,'2008','CN','GOS','MED',0,6,81),(476,'2008','CN','GOS','NMED',0,6,81),(479,'2008','CN','TXLSUB','MED',0,6,81),(480,'2008','CN','TXLSUB','NMED',0,6,81),(481,'2009','CN','GDP','MED',1,6,81),(482,'2009','CN','GDP','NMED',3968,6,81),(483,'2009','CN','ECOMP','MED',1,6,81),(484,'2009','CN','ECOMP','NMED',0,6,81),(485,'2009','CN','GOS','MED',0,6,81),(486,'2009','CN','GOS','NMED',0,6,81),(489,'2009','CN','TXLSUB','MED',0,6,81),(490,'2009','CN','TXLSUB','NMED',0,6,81),(491,'2010','CN','GDP','MED',1,6,81),(492,'2010','CN','GDP','NMED',3915,6,81),(493,'2010','CN','ECOMP','MED',1,6,81),(494,'2010','CN','ECOMP','NMED',0,6,81),(495,'2010','CN','GOS','MED',0,6,81),(496,'2010','CN','GOS','NMED',0,6,81),(499,'2010','CN','TXLSUB','MED',0,6,81),(500,'2010','CN','TXLSUB','NMED',0,6,81),(501,'2011','CN','GDP','MED',2,6,81),(502,'2011','CN','GDP','NMED',4139,6,81),(503,'2011','CN','ECOMP','MED',1,6,81),(504,'2011','CN','ECOMP','NMED',0,6,81),(505,'2011','CN','GOS','MED',0,6,81),(506,'2011','CN','GOS','NMED',0,6,81),(509,'2011','CN','TXLSUB','MED',0,6,81),(510,'2011','CN','TXLSUB','NMED',0,6,81),(511,'2012','CN','GDP','MED',2,6,81),(512,'2012','CN','GDP','NMED',4394,6,81),(513,'2012','CN','ECOMP','MED',1,6,81),(514,'2012','CN','ECOMP','NMED',0,6,81),(515,'2012','CN','GOS','MED',1,6,81),(516,'2012','CN','GOS','NMED',0,6,81),(519,'2012','CN','TXLSUB','MED',0,6,81),(520,'2012','CN','TXLSUB','NMED',0,6,81),(521,'2013','CN','GDP','MED',4,6,81),(522,'2013','CN','GDP','NMED',4714,6,81),(523,'2013','CN','ECOMP','MED',2,6,81),(524,'2013','CN','ECOMP','NMED',0,6,81),(525,'2013','CN','GOS','MED',1,6,81),(526,'2013','CN','GOS','NMED',0,6,81),(529,'2013','CN','TXLSUB','MED',0,6,81),(530,'2013','CN','TXLSUB','NMED',0,6,81),(531,'2014','CN','GDP','MED',8,6,81),(532,'2014','CN','GDP','NMED',4707,6,81),(533,'2014','CN','ECOMP','MED',5,6,81),(534,'2014','CN','ECOMP','NMED',0,6,81),(535,'2014','CN','GOS','MED',2,6,81),(536,'2014','CN','GOS','NMED',0,6,81),(539,'2014','CN','TXLSUB','MED',0,6,81),(540,'2014','CN','TXLSUB','NMED',0,6,81),(541,'2015','CN','GDP','MED',14,6,81),(542,'2015','CN','GDP','NMED',4605,6,81),(543,'2015','CN','ECOMP','MED',8,6,81),(544,'2015','CN','ECOMP','NMED',0,6,81),(545,'2015','CN','GOS','MED',3,6,81),(546,'2015','CN','GOS','NMED',0,6,81),(549,'2015','CN','TXLSUB','MED',0,6,81),(550,'2015','CN','TXLSUB','NMED',0,6,81),(551,'2016','CN','GDP','MED',49,6,81),(552,'2016','CN','GDP','NMED',4392,6,81),(553,'2016','CN','ECOMP','MED',30,6,81),(554,'2016','CN','ECOMP','NMED',0,6,81),(555,'2016','CN','GOS','MED',12,6,81),(556,'2016','CN','GOS','NMED',0,6,81),(559,'2016','CN','TXLSUB','MED',1,6,81),(560,'2016','CN','TXLSUB','NMED',0,6,81),(561,'2017','CN','GDP','MED',102,6,81),(562,'2017','CN','GDP','NMED',3974,6,81),(563,'2017','CN','ECOMP','MED',61,6,81),(564,'2017','CN','ECOMP','NMED',0,6,81),(565,'2017','CN','GOS','MED',25,6,81),(566,'2017','CN','GOS','NMED',0,6,81),(569,'2017','CN','TXLSUB','MED',1,6,81),(570,'2017','CN','TXLSUB','NMED',0,6,81),(571,'2018','CN','GDP','MED',1654,6,81),(572,'2018','CN','GDP','NMED',4056,6,81),(573,'2018','CN','ECOMP','MED',395,6,81),(574,'2018','CN','ECOMP','NMED',0,6,81),(575,'2018','CN','GOS','MED',1161,6,81),(576,'2018','CN','GOS','NMED',0,6,81),(579,'2018','CN','TXLSUB','MED',9,6,81),(580,'2018','CN','TXLSUB','NMED',0,6,81);
/*!40000 ALTER TABLE `cannabis_income` ENABLE KEYS */;
UNLOCK TABLES;

--
-- Table structure for table `cannabisproduction`
--

DROP TABLE IF EXISTS `cannabis_production`;
/*!40101 SET @saved_cs_client     = @@character_set_client */;
 SET character_set_client = utf8mb4 ;
CREATE TABLE `cannabis_production` (
  `Production_ID` int(11) NOT NULL AUTO_INCREMENT,
  `Year` varchar(45) DEFAULT NULL,
  `Location_ID` varchar(45) DEFAULT NULL,
  `Indicator_ID` varchar(11) DEFAULT NULL,
  `Industry_ID` varchar(11) DEFAULT NULL,
  `Authority` varchar(45) DEFAULT NULL,
  `Value` double DEFAULT NULL,
  `Scalar_ID` int(11) DEFAULT NULL,
  `UOM_ID` int(11) DEFAULT NULL,
  PRIMARY KEY (`Production_ID`),
  KEY `Location_idx` (`Location_ID`),
  KEY `Indicator_idx` (`Indicator_ID`),
  KEY `Industry_idx` (`Industry_ID`),
  KEY `Scalar_idx` (`Scalar_ID`),
  KEY `UOM_idx` (`UOM_ID`),
  CONSTRAINT `cannabis_production_ibfk_1` FOREIGN KEY (`Location_ID`) REFERENCES `locations` (`Location_ID`),
  CONSTRAINT `cannabis_production_ibfk_2` FOREIGN KEY (`Indicator_ID`) REFERENCES `indicators` (`Indicator_ID`),
  CONSTRAINT `cannabis_production_ibfk_3` FOREIGN KEY (`Industry_ID`) REFERENCES `industries` (`Industry_ID`),
  CONSTRAINT `cannabis_production_ibfk_4` FOREIGN KEY (`Scalar_ID`) REFERENCES `scalars` (`Scalar_ID`),
  CONSTRAINT `cannabis_production_ibfk_5` FOREIGN KEY (`UOM_ID`) REFERENCES `measures` (`Unit_of_measure_ID`)
) ENGINE=InnoDB AUTO_INCREMENT=2521 DEFAULT CHARSET=utf8mb4 COLLATE=utf8mb4_0900_ai_ci;
/*!40101 SET character_set_client = @saved_cs_client */;

--
-- Dumping data for table `cannabis_production`
--

LOCK TABLES `cannabis_production` WRITE;
/*!40000 ALTER TABLE `cannabis_production` DISABLE KEYS */;
INSERT INTO `cannabis_production` VALUES (1,'2012','CN','DP','CULT','Licensed source',12,6,81),(2,'2012','CN','DP','CULT','Unlicensed source',4614,6,81),(3,'2012','CN','DP','RTL','Licensed source',0,6,81),(4,'2012','CN','DP','RTL','Unlicensed source',1660,6,81),(5,'2012','CN','DMP','CULT','Licensed source',2,6,81),(6,'2012','CN','DMP','CULT','Unlicensed source',4543,6,81),(7,'2012','CN','DMP','RTL','Licensed source',0,6,81),(8,'2012','CN','DMP','RTL','Unlicensed source',1660,6,81),(9,'2012','CN','DOP','CULT','Licensed source',10,6,81),(10,'2012','CN','DOP','CULT','Unlicensed source',71,6,81),(11,'2012','CN','DOP','RTL','Licensed source',0,6,81),(12,'2012','CN','DOP','RTL','Unlicensed source',0,6,81),(13,'2012','CN','INTCN','CULT','Licensed source',10,6,81),(14,'2012','CN','INTCN','CULT','Unlicensed source',1547,6,81),(15,'2012','CN','INTCN','RTL','Licensed source',0,6,81),(16,'2012','CN','INTCN','RTL','Unlicensed source',332,6,81),(17,'2012','CN','GV','CULT','Licensed source',2,6,81),(18,'2012','CN','GV','CULT','Unlicensed source',3067,6,81),(19,'2012','CN','GV','RTL','Licensed source',0,6,81),(20,'2012','CN','GV','RTL','Unlicensed source',1328,6,81),(21,'2012','AT','DP','CULT','Licensed source',1,6,81),(22,'2012','AT','DP','CULT','Unlicensed source',164,6,81),(23,'2012','AT','DP','RTL','Licensed source',0,6,81),(24,'2012','AT','DP','RTL','Unlicensed source',100,6,81),(25,'2012','AT','DMP','CULT','Licensed source',0,6,81),(26,'2012','AT','DMP','CULT','Unlicensed source',159,6,81),(27,'2012','AT','DMP','RTL','Licensed source',0,6,81),(28,'2012','AT','DMP','RTL','Unlicensed source',100,6,81),(29,'2012','AT','DOP','CULT','Licensed source',1,6,81),(30,'2012','AT','DOP','CULT','Unlicensed source',5,6,81),(31,'2012','AT','DOP','RTL','Licensed source',0,6,81),(32,'2012','AT','DOP','RTL','Unlicensed source',0,6,81),(33,'2012','AT','INTCN','CULT','Licensed source',1,6,81),(34,'2012','AT','INTCN','CULT','Unlicensed source',59,6,81),(35,'2012','AT','INTCN','RTL','Licensed source',0,6,81),(36,'2012','AT','INTCN','RTL','Unlicensed source',20,6,81),(37,'2012','AT','GV','CULT','Licensed source',0,6,81),(38,'2012','AT','GV','CULT','Unlicensed source',105,6,81),(39,'2012','AT','GV','RTL','Licensed source',0,6,81),(40,'2012','AT','GV','RTL','Unlicensed source',80,6,81),(41,'2012','NL','DP','CULT','Licensed source',0,6,81),(42,'2012','NL','DP','CULT','Unlicensed source',14,6,81),(43,'2012','NL','DP','RTL','Licensed source',0,6,81),(44,'2012','NL','DP','RTL','Unlicensed source',20,6,81),(45,'2012','NL','DMP','CULT','Licensed source',0,6,81),(46,'2012','NL','DMP','CULT','Unlicensed source',13,6,81),(47,'2012','NL','DMP','RTL','Licensed source',0,6,81),(48,'2012','NL','DMP','RTL','Unlicensed source',20,6,81),(49,'2012','NL','DOP','CULT','Licensed source',0,6,81),(50,'2012','NL','DOP','CULT','Unlicensed source',0,6,81),(51,'2012','NL','DOP','RTL','Licensed source',0,6,81),(52,'2012','NL','DOP','RTL','Unlicensed source',0,6,81),(53,'2012','NL','INTCN','CULT','Licensed source',0,6,81),(54,'2012','NL','INTCN','CULT','Unlicensed source',5,6,81),(55,'2012','NL','INTCN','RTL','Licensed source',0,6,81),(56,'2012','NL','INTCN','RTL','Unlicensed source',4,6,81),(57,'2012','NL','GV','CULT','Licensed source',0,6,81),(58,'2012','NL','GV','CULT','Unlicensed source',8,6,81),(59,'2012','NL','GV','RTL','Licensed source',0,6,81),(60,'2012','NL','GV','RTL','Unlicensed source',16,6,81),(61,'2012','PE','DP','CULT','Licensed source',0,6,81),(62,'2012','PE','DP','CULT','Unlicensed source',7,6,81),(63,'2012','PE','DP','RTL','Licensed source',0,6,81),(64,'2012','PE','DP','RTL','Unlicensed source',5,6,81),(65,'2012','PE','DMP','CULT','Licensed source',0,6,81),(66,'2012','PE','DMP','CULT','Unlicensed source',7,6,81),(67,'2012','PE','DMP','RTL','Licensed source',0,6,81),(68,'2012','PE','DMP','RTL','Unlicensed source',5,6,81),(69,'2012','PE','DOP','CULT','Licensed source',0,6,81),(70,'2012','PE','DOP','CULT','Unlicensed source',0,6,81),(71,'2012','PE','DOP','RTL','Licensed source',0,6,81),(72,'2012','PE','DOP','RTL','Unlicensed source',0,6,81),(73,'2012','PE','INTCN','CULT','Licensed source',0,6,81),(74,'2012','PE','INTCN','CULT','Unlicensed source',2,6,81),(75,'2012','PE','INTCN','RTL','Licensed source',0,6,81),(76,'2012','PE','INTCN','RTL','Unlicensed source',1,6,81),(77,'2012','PE','GV','CULT','Licensed source',0,6,81),(78,'2012','PE','GV','CULT','Unlicensed source',5,6,81),(79,'2012','PE','GV','RTL','Licensed source',0,6,81),(80,'2012','PE','GV','RTL','Unlicensed source',4,6,81),(81,'2012','NS','DP','CULT','Licensed source',0,6,81),(82,'2012','NS','DP','CULT','Unlicensed source',72,6,81),(83,'2012','NS','DP','RTL','Licensed source',0,6,81),(84,'2012','NS','DP','RTL','Unlicensed source',49,6,81),(85,'2012','NS','DMP','CULT','Licensed source',0,6,81),(86,'2012','NS','DMP','CULT','Unlicensed source',70,6,81),(87,'2012','NS','DMP','RTL','Licensed source',0,6,81),(88,'2012','NS','DMP','RTL','Unlicensed source',49,6,81),(89,'2012','NS','DOP','CULT','Licensed source',0,6,81),(90,'2012','NS','DOP','CULT','Unlicensed source',2,6,81),(91,'2012','NS','DOP','RTL','Licensed source',0,6,81),(92,'2012','NS','DOP','RTL','Unlicensed source',0,6,81),(93,'2012','NS','INTCN','CULT','Licensed source',0,6,81),(94,'2012','NS','INTCN','CULT','Unlicensed source',28,6,81),(95,'2012','NS','INTCN','RTL','Licensed source',0,6,81),(96,'2012','NS','INTCN','RTL','Unlicensed source',10,6,81),(97,'2012','NS','GV','CULT','Licensed source',0,6,81),(98,'2012','NS','GV','CULT','Unlicensed source',45,6,81),(99,'2012','NS','GV','RTL','Licensed source',0,6,81),(100,'2012','NS','GV','RTL','Unlicensed source',39,6,81),(101,'2012','NB','DP','CULT','Licensed source',0,6,81),(102,'2012','NB','DP','CULT','Unlicensed source',71,6,81),(103,'2012','NB','DP','RTL','Licensed source',0,6,81),(104,'2012','NB','DP','RTL','Unlicensed source',26,6,81),(105,'2012','NB','DMP','CULT','Licensed source',0,6,81),(106,'2012','NB','DMP','CULT','Unlicensed source',68,6,81),(107,'2012','NB','DMP','RTL','Licensed source',0,6,81),(108,'2012','NB','DMP','RTL','Unlicensed source',26,6,81),(109,'2012','NB','DOP','CULT','Licensed source',0,6,81),(110,'2012','NB','DOP','CULT','Unlicensed source',2,6,81),(111,'2012','NB','DOP','RTL','Licensed source',0,6,81),(112,'2012','NB','DOP','RTL','Unlicensed source',0,6,81),(113,'2012','NB','INTCN','CULT','Licensed source',0,6,81),(114,'2012','NB','INTCN','CULT','Unlicensed source',23,6,81),(115,'2012','NB','INTCN','RTL','Licensed source',0,6,81),(116,'2012','NB','INTCN','RTL','Unlicensed source',5,6,81),(117,'2012','NB','GV','CULT','Licensed source',0,6,81),(118,'2012','NB','GV','CULT','Unlicensed source',47,6,81),(119,'2012','NB','GV','RTL','Licensed source',0,6,81),(120,'2012','NB','GV','RTL','Unlicensed source',21,6,81),(121,'2012','QC','DP','CULT','Licensed source',2,6,81),(122,'2012','QC','DP','CULT','Unlicensed source',1545,6,81),(123,'2012','QC','DP','RTL','Licensed source',0,6,81),(124,'2012','QC','DP','RTL','Unlicensed source',346,6,81),(125,'2012','QC','DMP','CULT','Licensed source',2,6,81),(126,'2012','QC','DMP','CULT','Unlicensed source',1521,6,81),(127,'2012','QC','DMP','RTL','Licensed source',0,6,81),(128,'2012','QC','DMP','RTL','Unlicensed source',346,6,81),(129,'2012','QC','DOP','CULT','Licensed source',0,6,81),(130,'2012','QC','DOP','CULT','Unlicensed source',24,6,81),(131,'2012','QC','DOP','RTL','Licensed source',0,6,81),(132,'2012','QC','DOP','RTL','Unlicensed source',0,6,81),(133,'2012','QC','INTCN','CULT','Licensed source',2,6,81),(134,'2012','QC','INTCN','CULT','Unlicensed source',524,6,81),(135,'2012','QC','INTCN','RTL','Licensed source',0,6,81),(136,'2012','QC','INTCN','RTL','Unlicensed source',69,6,81),(137,'2012','QC','GV','CULT','Licensed source',0,6,81),(138,'2012','QC','GV','CULT','Unlicensed source',1021,6,81),(139,'2012','QC','GV','RTL','Licensed source',0,6,81),(140,'2012','QC','GV','RTL','Unlicensed source',277,6,81),(141,'2012','ON','DP','CULT','Licensed source',4,6,81),(142,'2012','ON','DP','CULT','Unlicensed source',598,6,81),(143,'2012','ON','DP','RTL','Licensed source',0,6,81),(144,'2012','ON','DP','RTL','Unlicensed source',555,6,81),(145,'2012','ON','DMP','CULT','Licensed source',0,6,81),(146,'2012','ON','DMP','CULT','Unlicensed source',580,6,81),(147,'2012','ON','DMP','RTL','Licensed source',0,6,81),(148,'2012','ON','DMP','RTL','Unlicensed source',555,6,81),(149,'2012','ON','DOP','CULT','Licensed source',4,6,81),(150,'2012','ON','DOP','CULT','Unlicensed source',18,6,81),(151,'2012','ON','DOP','RTL','Licensed source',0,6,81),(152,'2012','ON','DOP','RTL','Unlicensed source',0,6,81),(153,'2012','ON','INTCN','CULT','Licensed source',3,6,81),(154,'2012','ON','INTCN','CULT','Unlicensed source',202,6,81),(155,'2012','ON','INTCN','RTL','Licensed source',0,6,81),(156,'2012','ON','INTCN','RTL','Unlicensed source',111,6,81),(157,'2012','ON','GV','CULT','Licensed source',1,6,81),(158,'2012','ON','GV','CULT','Unlicensed source',396,6,81),(159,'2012','ON','GV','RTL','Licensed source',0,6,81),(160,'2012','ON','GV','RTL','Unlicensed source',444,6,81),(161,'2012','PR','DP','CULT','Licensed source',4,6,81),(162,'2012','PR','DP','CULT','Unlicensed source',160,6,81),(163,'2012','PR','DP','RTL','Licensed source',0,6,81),(164,'2012','PR','DP','RTL','Unlicensed source',229,6,81),(165,'2012','PR','DMP','CULT','Licensed source',0,6,81),(166,'2012','PR','DMP','CULT','Unlicensed source',155,6,81),(167,'2012','PR','DMP','RTL','Licensed source',0,6,81),(168,'2012','PR','DMP','RTL','Unlicensed source',229,6,81),(169,'2012','PR','DOP','CULT','Licensed source',4,6,81),(170,'2012','PR','DOP','CULT','Unlicensed source',5,6,81),(171,'2012','PR','DOP','RTL','Licensed source',0,6,81),(172,'2012','PR','DOP','RTL','Unlicensed source',0,6,81),(173,'2012','PR','INTCN','CULT','Licensed source',3,6,81),(174,'2012','PR','INTCN','CULT','Unlicensed source',61,6,81),(175,'2012','PR','INTCN','RTL','Licensed source',0,6,81),(176,'2012','PR','INTCN','RTL','Unlicensed source',46,6,81),(177,'2012','PR','GV','CULT','Licensed source',1,6,81),(178,'2012','PR','GV','CULT','Unlicensed source',99,6,81),(179,'2012','PR','GV','RTL','Licensed source',0,6,81),(180,'2012','PR','GV','RTL','Unlicensed source',184,6,81),(181,'2012','MB','DP','CULT','Licensed source',0,6,81),(182,'2012','MB','DP','CULT','Unlicensed source',33,6,81),(183,'2012','MB','DP','RTL','Licensed source',0,6,81),(184,'2012','MB','DP','RTL','Unlicensed source',46,6,81),(185,'2012','MB','DMP','CULT','Licensed source',0,6,81),(186,'2012','MB','DMP','CULT','Unlicensed source',32,6,81),(187,'2012','MB','DMP','RTL','Licensed source',0,6,81),(188,'2012','MB','DMP','RTL','Unlicensed source',46,6,81),(189,'2012','MB','DOP','CULT','Licensed source',0,6,81),(190,'2012','MB','DOP','CULT','Unlicensed source',1,6,81),(191,'2012','MB','DOP','RTL','Licensed source',0,6,81),(192,'2012','MB','DOP','RTL','Unlicensed source',0,6,81),(193,'2012','MB','INTCN','CULT','Licensed source',0,6,81),(194,'2012','MB','INTCN','CULT','Unlicensed source',11,6,81),(195,'2012','MB','INTCN','RTL','Licensed source',0,6,81),(196,'2012','MB','INTCN','RTL','Unlicensed source',9,6,81),(197,'2012','MB','GV','CULT','Licensed source',0,6,81),(198,'2012','MB','GV','CULT','Unlicensed source',21,6,81),(199,'2012','MB','GV','RTL','Licensed source',0,6,81),(200,'2012','MB','GV','RTL','Unlicensed source',37,6,81),(201,'2012','SK','DP','CULT','Licensed source',0,6,81),(202,'2012','SK','DP','CULT','Unlicensed source',24,6,81),(203,'2012','SK','DP','RTL','Licensed source',0,6,81),(204,'2012','SK','DP','RTL','Unlicensed source',34,6,81),(205,'2012','SK','DMP','CULT','Licensed source',0,6,81),(206,'2012','SK','DMP','CULT','Unlicensed source',24,6,81),(207,'2012','SK','DMP','RTL','Licensed source',0,6,81),(208,'2012','SK','DMP','RTL','Unlicensed source',34,6,81),(209,'2012','SK','DOP','CULT','Licensed source',0,6,81),(210,'2012','SK','DOP','CULT','Unlicensed source',1,6,81),(211,'2012','SK','DOP','RTL','Licensed source',0,6,81),(212,'2012','SK','DOP','RTL','Unlicensed source',0,6,81),(213,'2012','SK','INTCN','CULT','Licensed source',0,6,81),(214,'2012','SK','INTCN','CULT','Unlicensed source',10,6,81),(215,'2012','SK','INTCN','RTL','Licensed source',0,6,81),(216,'2012','SK','INTCN','RTL','Unlicensed source',7,6,81),(217,'2012','SK','GV','CULT','Licensed source',0,6,81),(218,'2012','SK','GV','CULT','Unlicensed source',14,6,81),(219,'2012','SK','GV','RTL','Licensed source',0,6,81),(220,'2012','SK','GV','RTL','Unlicensed source',27,6,81),(221,'2012','AL','DP','CULT','Licensed source',3,6,81),(222,'2012','AL','DP','CULT','Unlicensed source',103,6,81),(223,'2012','AL','DP','RTL','Licensed source',0,6,81),(224,'2012','AL','DP','RTL','Unlicensed source',150,6,81),(225,'2012','AL','DMP','CULT','Licensed source',0,6,81),(226,'2012','AL','DMP','CULT','Unlicensed source',100,6,81),(227,'2012','AL','DMP','RTL','Licensed source',0,6,81),(228,'2012','AL','DMP','RTL','Unlicensed source',150,6,81),(229,'2012','AL','DOP','CULT','Licensed source',3,6,81),(230,'2012','AL','DOP','CULT','Unlicensed source',3,6,81),(231,'2012','AL','DOP','RTL','Licensed source',0,6,81),(232,'2012','AL','DOP','RTL','Unlicensed source',0,6,81),(233,'2012','AL','INTCN','CULT','Licensed source',3,6,81),(234,'2012','AL','INTCN','CULT','Unlicensed source',39,6,81),(235,'2012','AL','INTCN','RTL','Licensed source',0,6,81),(236,'2012','AL','INTCN','RTL','Unlicensed source',30,6,81),(237,'2012','AL','GV','CULT','Licensed source',1,6,81),(238,'2012','AL','GV','CULT','Unlicensed source',64,6,81),(239,'2012','AL','GV','RTL','Licensed source',0,6,81),(240,'2012','AL','GV','RTL','Unlicensed source',120,6,81),(241,'2012','BC','DP','CULT','Licensed source',1,6,81),(242,'2012','BC','DP','CULT','Unlicensed source',2147,6,81),(243,'2012','BC','DP','RTL','Licensed source',0,6,81),(244,'2012','BC','DP','RTL','Unlicensed source',426,6,81),(245,'2012','BC','DMP','CULT','Licensed source',0,6,81),(246,'2012','BC','DMP','CULT','Unlicensed source',2128,6,81),(247,'2012','BC','DMP','RTL','Licensed source',0,6,81),(248,'2012','BC','DMP','RTL','Unlicensed source',426,6,81),(249,'2012','BC','DOP','CULT','Licensed source',1,6,81),(250,'2012','BC','DOP','CULT','Unlicensed source',19,6,81),(251,'2012','BC','DOP','RTL','Licensed source',0,6,81),(252,'2012','BC','DOP','RTL','Unlicensed source',0,6,81),(253,'2012','BC','INTCN','CULT','Licensed source',1,6,81),(254,'2012','BC','INTCN','CULT','Unlicensed source',702,6,81),(255,'2012','BC','INTCN','RTL','Licensed source',0,6,81),(256,'2012','BC','INTCN','RTL','Unlicensed source',85,6,81),(257,'2012','BC','GV','CULT','Licensed source',0,6,81),(258,'2012','BC','GV','CULT','Unlicensed source',1445,6,81),(259,'2012','BC','GV','RTL','Licensed source',0,6,81),(260,'2012','BC','GV','RTL','Unlicensed source',341,6,81),(261,'2012','T','DP','CULT','Licensed source',0,6,81),(262,'2012','T','DP','CULT','Unlicensed source',0,6,81),(263,'2012','T','DP','RTL','Licensed source',0,6,81),(264,'2012','T','DP','RTL','Unlicensed source',4,6,81),(265,'2012','T','DMP','CULT','Licensed source',0,6,81),(266,'2012','T','DMP','CULT','Unlicensed source',0,6,81),(267,'2012','T','DMP','RTL','Licensed source',0,6,81),(268,'2012','T','DMP','RTL','Unlicensed source',4,6,81),(269,'2012','T','DOP','CULT','Licensed source',0,6,81),(270,'2012','T','DOP','CULT','Unlicensed source',0,6,81),(271,'2012','T','DOP','RTL','Licensed source',0,6,81),(272,'2012','T','DOP','RTL','Unlicensed source',0,6,81),(273,'2012','T','INTCN','CULT','Licensed source',0,6,81),(274,'2012','T','INTCN','CULT','Unlicensed source',0,6,81),(275,'2012','T','INTCN','RTL','Licensed source',0,6,81),(276,'2012','T','INTCN','RTL','Unlicensed source',1,6,81),(277,'2012','T','GV','CULT','Licensed source',0,6,81),(278,'2012','T','GV','CULT','Unlicensed source',0,6,81),(279,'2012','T','GV','RTL','Licensed source',0,6,81),(280,'2012','T','GV','RTL','Unlicensed source',3,6,81),(281,'2012','YT','DP','CULT','Licensed source',0,6,81),(282,'2012','YT','DP','CULT','Unlicensed source',0,6,81),(283,'2012','YT','DP','RTL','Licensed source',0,6,81),(284,'2012','YT','DP','RTL','Unlicensed source',1,6,81),(285,'2012','YT','DMP','CULT','Licensed source',0,6,81),(286,'2012','YT','DMP','CULT','Unlicensed source',0,6,81),(287,'2012','YT','DMP','RTL','Licensed source',0,6,81),(288,'2012','YT','DMP','RTL','Unlicensed source',1,6,81),(289,'2012','YT','DOP','CULT','Licensed source',0,6,81),(290,'2012','YT','DOP','CULT','Unlicensed source',0,6,81),(291,'2012','YT','DOP','RTL','Licensed source',0,6,81),(292,'2012','YT','DOP','RTL','Unlicensed source',0,6,81),(293,'2012','YT','INTCN','CULT','Licensed source',0,6,81),(294,'2012','YT','INTCN','CULT','Unlicensed source',0,6,81),(295,'2012','YT','INTCN','RTL','Licensed source',0,6,81),(296,'2012','YT','INTCN','RTL','Unlicensed source',0,6,81),(297,'2012','YT','GV','CULT','Licensed source',0,6,81),(298,'2012','YT','GV','CULT','Unlicensed source',0,6,81),(299,'2012','YT','GV','RTL','Licensed source',0,6,81),(300,'2012','YT','GV','RTL','Unlicensed source',1,6,81),(301,'2012','NTN','DP','CULT','Licensed source',NULL,6,81),(302,'2012','NTN','DP','CULT','Unlicensed source',NULL,6,81),(303,'2012','NTN','DP','RTL','Licensed source',NULL,6,81),(304,'2012','NTN','DP','RTL','Unlicensed source',NULL,6,81),(305,'2012','NTN','DMP','CULT','Licensed source',NULL,6,81),(306,'2012','NTN','DMP','CULT','Unlicensed source',NULL,6,81),(307,'2012','NTN','DMP','RTL','Licensed source',NULL,6,81),(308,'2012','NTN','DMP','RTL','Unlicensed source',NULL,6,81),(309,'2012','NTN','DOP','CULT','Licensed source',NULL,6,81),(310,'2012','NTN','DOP','CULT','Unlicensed source',NULL,6,81),(311,'2012','NTN','DOP','RTL','Licensed source',NULL,6,81),(312,'2012','NTN','DOP','RTL','Unlicensed source',NULL,6,81),(313,'2012','NTN','INTCN','CULT','Licensed source',NULL,6,81),(314,'2012','NTN','INTCN','CULT','Unlicensed source',NULL,6,81),(315,'2012','NTN','INTCN','RTL','Licensed source',NULL,6,81),(316,'2012','NTN','INTCN','RTL','Unlicensed source',NULL,6,81),(317,'2012','NTN','GV','CULT','Licensed source',NULL,6,81),(318,'2012','NTN','GV','CULT','Unlicensed source',NULL,6,81),(319,'2012','NTN','GV','RTL','Licensed source',NULL,6,81),(320,'2012','NTN','GV','RTL','Unlicensed source',NULL,6,81),(321,'2012','NT','DP','CULT','Licensed source',0,6,81),(322,'2012','NT','DP','CULT','Unlicensed source',0,6,81),(323,'2012','NT','DP','RTL','Licensed source',0,6,81),(324,'2012','NT','DP','RTL','Unlicensed source',1,6,81),(325,'2012','NT','DMP','CULT','Licensed source',0,6,81),(326,'2012','NT','DMP','CULT','Unlicensed source',0,6,81),(327,'2012','NT','DMP','RTL','Licensed source',0,6,81),(328,'2012','NT','DMP','RTL','Unlicensed source',1,6,81),(329,'2012','NT','DOP','CULT','Licensed source',0,6,81),(330,'2012','NT','DOP','CULT','Unlicensed source',0,6,81),(331,'2012','NT','DOP','RTL','Licensed source',0,6,81),(332,'2012','NT','DOP','RTL','Unlicensed source',0,6,81),(333,'2012','NT','INTCN','CULT','Licensed source',0,6,81),(334,'2012','NT','INTCN','CULT','Unlicensed source',0,6,81),(335,'2012','NT','INTCN','RTL','Licensed source',0,6,81),(336,'2012','NT','INTCN','RTL','Unlicensed source',0,6,81),(337,'2012','NT','GV','CULT','Licensed source',0,6,81),(338,'2012','NT','GV','CULT','Unlicensed source',0,6,81),(339,'2012','NT','GV','RTL','Licensed source',0,6,81),(340,'2012','NT','GV','RTL','Unlicensed source',1,6,81),(341,'2012','NU','DP','CULT','Licensed source',0,6,81),(342,'2012','NU','DP','CULT','Unlicensed source',0,6,81),(343,'2012','NU','DP','RTL','Licensed source',0,6,81),(344,'2012','NU','DP','RTL','Unlicensed source',1,6,81),(345,'2012','NU','DMP','CULT','Licensed source',0,6,81),(346,'2012','NU','DMP','CULT','Unlicensed source',0,6,81),(347,'2012','NU','DMP','RTL','Licensed source',0,6,81),(348,'2012','NU','DMP','RTL','Unlicensed source',1,6,81),(349,'2012','NU','DOP','CULT','Licensed source',0,6,81),(350,'2012','NU','DOP','CULT','Unlicensed source',0,6,81),(351,'2012','NU','DOP','RTL','Licensed source',0,6,81),(352,'2012','NU','DOP','RTL','Unlicensed source',0,6,81),(353,'2012','NU','INTCN','CULT','Licensed source',0,6,81),(354,'2012','NU','INTCN','CULT','Unlicensed source',0,6,81),(355,'2012','NU','INTCN','RTL','Licensed source',0,6,81),(356,'2012','NU','INTCN','RTL','Unlicensed source',0,6,81),(357,'2012','NU','GV','CULT','Licensed source',0,6,81),(358,'2012','NU','GV','CULT','Unlicensed source',0,6,81),(359,'2012','NU','GV','RTL','Licensed source',0,6,81),(360,'2012','NU','GV','RTL','Unlicensed source',1,6,81),(361,'2013','CN','DP','CULT','Licensed source',18,6,81),(362,'2013','CN','DP','CULT','Unlicensed source',4950,6,81),(363,'2013','CN','DP','RTL','Licensed source',0,6,81),(364,'2013','CN','DP','RTL','Unlicensed source',1779,6,81),(365,'2013','CN','DMP','CULT','Licensed source',3,6,81),(366,'2013','CN','DMP','CULT','Unlicensed source',4871,6,81),(367,'2013','CN','DMP','RTL','Licensed source',0,6,81),(368,'2013','CN','DMP','RTL','Unlicensed source',1779,6,81),(369,'2013','CN','DOP','CULT','Licensed source',15,6,81),(370,'2013','CN','DOP','CULT','Unlicensed source',78,6,81),(371,'2013','CN','DOP','RTL','Licensed source',0,6,81),(372,'2013','CN','DOP','RTL','Unlicensed source',0,6,81),(373,'2013','CN','INTCN','CULT','Licensed source',14,6,81),(374,'2013','CN','INTCN','CULT','Unlicensed source',1659,6,81),(375,'2013','CN','INTCN','RTL','Licensed source',0,6,81),(376,'2013','CN','INTCN','RTL','Unlicensed source',356,6,81),(377,'2013','CN','GV','CULT','Licensed source',4,6,81),(378,'2013','CN','GV','CULT','Unlicensed source',3291,6,81),(379,'2013','CN','GV','RTL','Licensed source',0,6,81),(380,'2013','CN','GV','RTL','Unlicensed source',1423,6,81),(381,'2013','AT','DP','CULT','Licensed source',1,6,81),(382,'2013','AT','DP','CULT','Unlicensed source',185,6,81),(383,'2013','AT','DP','RTL','Licensed source',0,6,81),(384,'2013','AT','DP','RTL','Unlicensed source',105,6,81),(385,'2013','AT','DMP','CULT','Licensed source',0,6,81),(386,'2013','AT','DMP','CULT','Unlicensed source',179,6,81),(387,'2013','AT','DMP','RTL','Licensed source',0,6,81),(388,'2013','AT','DMP','RTL','Unlicensed source',105,6,81),(389,'2013','AT','DOP','CULT','Licensed source',1,6,81),(390,'2013','AT','DOP','CULT','Unlicensed source',6,6,81),(391,'2013','AT','DOP','RTL','Licensed source',0,6,81),(392,'2013','AT','DOP','RTL','Unlicensed source',0,6,81),(393,'2013','AT','INTCN','CULT','Licensed source',1,6,81),(394,'2013','AT','INTCN','CULT','Unlicensed source',67,6,81),(395,'2013','AT','INTCN','RTL','Licensed source',0,6,81),(396,'2013','AT','INTCN','RTL','Unlicensed source',21,6,81),(397,'2013','AT','GV','CULT','Licensed source',0,6,81),(398,'2013','AT','GV','CULT','Unlicensed source',117,6,81),(399,'2013','AT','GV','RTL','Licensed source',0,6,81),(400,'2013','AT','GV','RTL','Unlicensed source',84,6,81),(401,'2013','NL','DP','CULT','Licensed source',0,6,81),(402,'2013','NL','DP','CULT','Unlicensed source',15,6,81),(403,'2013','NL','DP','RTL','Licensed source',0,6,81),(404,'2013','NL','DP','RTL','Unlicensed source',21,6,81),(405,'2013','NL','DMP','CULT','Licensed source',0,6,81),(406,'2013','NL','DMP','CULT','Unlicensed source',14,6,81),(407,'2013','NL','DMP','RTL','Licensed source',0,6,81),(408,'2013','NL','DMP','RTL','Unlicensed source',21,6,81),(409,'2013','NL','DOP','CULT','Licensed source',0,6,81),(410,'2013','NL','DOP','CULT','Unlicensed source',0,6,81),(411,'2013','NL','DOP','RTL','Licensed source',0,6,81),(412,'2013','NL','DOP','RTL','Unlicensed source',0,6,81),(413,'2013','NL','INTCN','CULT','Licensed source',0,6,81),(414,'2013','NL','INTCN','CULT','Unlicensed source',6,6,81),(415,'2013','NL','INTCN','RTL','Licensed source',0,6,81),(416,'2013','NL','INTCN','RTL','Unlicensed source',4,6,81),(417,'2013','NL','GV','CULT','Licensed source',0,6,81),(418,'2013','NL','GV','CULT','Unlicensed source',9,6,81),(419,'2013','NL','GV','RTL','Licensed source',0,6,81),(420,'2013','NL','GV','RTL','Unlicensed source',17,6,81),(421,'2013','PE','DP','CULT','Licensed source',0,6,81),(422,'2013','PE','DP','CULT','Unlicensed source',8,6,81),(423,'2013','PE','DP','RTL','Licensed source',0,6,81),(424,'2013','PE','DP','RTL','Unlicensed source',5,6,81),(425,'2013','PE','DMP','CULT','Licensed source',0,6,81),(426,'2013','PE','DMP','CULT','Unlicensed source',8,6,81),(427,'2013','PE','DMP','RTL','Licensed source',0,6,81),(428,'2013','PE','DMP','RTL','Unlicensed source',5,6,81),(429,'2013','PE','DOP','CULT','Licensed source',0,6,81),(430,'2013','PE','DOP','CULT','Unlicensed source',0,6,81),(431,'2013','PE','DOP','RTL','Licensed source',0,6,81),(432,'2013','PE','DOP','RTL','Unlicensed source',0,6,81),(433,'2013','PE','INTCN','CULT','Licensed source',0,6,81),(434,'2013','PE','INTCN','CULT','Unlicensed source',3,6,81),(435,'2013','PE','INTCN','RTL','Licensed source',0,6,81),(436,'2013','PE','INTCN','RTL','Unlicensed source',1,6,81),(437,'2013','PE','GV','CULT','Licensed source',0,6,81),(438,'2013','PE','GV','CULT','Unlicensed source',5,6,81),(439,'2013','PE','GV','RTL','Licensed source',0,6,81),(440,'2013','PE','GV','RTL','Unlicensed source',4,6,81),(441,'2013','NS','DP','CULT','Licensed source',1,6,81),(442,'2013','NS','DP','CULT','Unlicensed source',84,6,81),(443,'2013','NS','DP','RTL','Licensed source',0,6,81),(444,'2013','NS','DP','RTL','Unlicensed source',51,6,81),(445,'2013','NS','DMP','CULT','Licensed source',0,6,81),(446,'2013','NS','DMP','CULT','Unlicensed source',82,6,81),(447,'2013','NS','DMP','RTL','Licensed source',0,6,81),(448,'2013','NS','DMP','RTL','Unlicensed source',51,6,81),(449,'2013','NS','DOP','CULT','Licensed source',1,6,81),(450,'2013','NS','DOP','CULT','Unlicensed source',3,6,81),(451,'2013','NS','DOP','RTL','Licensed source',0,6,81),(452,'2013','NS','DOP','RTL','Unlicensed source',0,6,81),(453,'2013','NS','INTCN','CULT','Licensed source',1,6,81),(454,'2013','NS','INTCN','CULT','Unlicensed source',33,6,81),(455,'2013','NS','INTCN','RTL','Licensed source',0,6,81),(456,'2013','NS','INTCN','RTL','Unlicensed source',10,6,81),(457,'2013','NS','GV','CULT','Licensed source',0,6,81),(458,'2013','NS','GV','CULT','Unlicensed source',51,6,81),(459,'2013','NS','GV','RTL','Licensed source',0,6,81),(460,'2013','NS','GV','RTL','Unlicensed source',41,6,81),(461,'2013','NB','DP','CULT','Licensed source',0,6,81),(462,'2013','NB','DP','CULT','Unlicensed source',78,6,81),(463,'2013','NB','DP','RTL','Licensed source',0,6,81),(464,'2013','NB','DP','RTL','Unlicensed source',27,6,81),(465,'2013','NB','DMP','CULT','Licensed source',0,6,81),(466,'2013','NB','DMP','CULT','Unlicensed source',75,6,81),(467,'2013','NB','DMP','RTL','Licensed source',0,6,81),(468,'2013','NB','DMP','RTL','Unlicensed source',27,6,81),(469,'2013','NB','DOP','CULT','Licensed source',0,6,81),(470,'2013','NB','DOP','CULT','Unlicensed source',2,6,81),(471,'2013','NB','DOP','RTL','Licensed source',0,6,81),(472,'2013','NB','DOP','RTL','Unlicensed source',0,6,81),(473,'2013','NB','INTCN','CULT','Licensed source',0,6,81),(474,'2013','NB','INTCN','CULT','Unlicensed source',26,6,81),(475,'2013','NB','INTCN','RTL','Licensed source',0,6,81),(476,'2013','NB','INTCN','RTL','Unlicensed source',5,6,81),(477,'2013','NB','GV','CULT','Licensed source',0,6,81),(478,'2013','NB','GV','CULT','Unlicensed source',52,6,81),(479,'2013','NB','GV','RTL','Licensed source',0,6,81),(480,'2013','NB','GV','RTL','Unlicensed source',22,6,81),(481,'2013','QC','DP','CULT','Licensed source',3,6,81),(482,'2013','QC','DP','CULT','Unlicensed source',1624,6,81),(483,'2013','QC','DP','RTL','Licensed source',0,6,81),(484,'2013','QC','DP','RTL','Unlicensed source',371,6,81),(485,'2013','QC','DMP','CULT','Licensed source',3,6,81),(486,'2013','QC','DMP','CULT','Unlicensed source',1599,6,81),(487,'2013','QC','DMP','RTL','Licensed source',0,6,81),(488,'2013','QC','DMP','RTL','Unlicensed source',371,6,81),(489,'2013','QC','DOP','CULT','Licensed source',1,6,81),(490,'2013','QC','DOP','CULT','Unlicensed source',25,6,81),(491,'2013','QC','DOP','RTL','Licensed source',0,6,81),(492,'2013','QC','DOP','RTL','Unlicensed source',0,6,81),(493,'2013','QC','INTCN','CULT','Licensed source',3,6,81),(494,'2013','QC','INTCN','CULT','Unlicensed source',556,6,81),(495,'2013','QC','INTCN','RTL','Licensed source',0,6,81),(496,'2013','QC','INTCN','RTL','Unlicensed source',74,6,81),(497,'2013','QC','GV','CULT','Licensed source',1,6,81),(498,'2013','QC','GV','CULT','Unlicensed source',1068,6,81),(499,'2013','QC','GV','RTL','Licensed source',0,6,81),(500,'2013','QC','GV','RTL','Unlicensed source',297,6,81),(501,'2013','ON','DP','CULT','Licensed source',6,6,81),(502,'2013','ON','DP','CULT','Unlicensed source',704,6,81),(503,'2013','ON','DP','RTL','Licensed source',0,6,81),(504,'2013','ON','DP','RTL','Unlicensed source',586,6,81),(505,'2013','ON','DMP','CULT','Licensed source',0,6,81),(506,'2013','ON','DMP','CULT','Unlicensed source',683,6,81),(507,'2013','ON','DMP','RTL','Licensed source',0,6,81),(508,'2013','ON','DMP','RTL','Unlicensed source',586,6,81),(509,'2013','ON','DOP','CULT','Licensed source',6,6,81),(510,'2013','ON','DOP','CULT','Unlicensed source',21,6,81),(511,'2013','ON','DOP','RTL','Licensed source',0,6,81),(512,'2013','ON','DOP','RTL','Unlicensed source',0,6,81),(513,'2013','ON','INTCN','CULT','Licensed source',5,6,81),(514,'2013','ON','INTCN','CULT','Unlicensed source',238,6,81),(515,'2013','ON','INTCN','RTL','Licensed source',0,6,81),(516,'2013','ON','INTCN','RTL','Unlicensed source',117,6,81),(517,'2013','ON','GV','CULT','Licensed source',1,6,81),(518,'2013','ON','GV','CULT','Unlicensed source',466,6,81),(519,'2013','ON','GV','RTL','Licensed source',0,6,81),(520,'2013','ON','GV','RTL','Unlicensed source',469,6,81),(521,'2013','PR','DP','CULT','Licensed source',5,6,81),(522,'2013','PR','DP','CULT','Unlicensed source',191,6,81),(523,'2013','PR','DP','RTL','Licensed source',0,6,81),(524,'2013','PR','DP','RTL','Unlicensed source',245,6,81),(525,'2013','PR','DMP','CULT','Licensed source',0,6,81),(526,'2013','PR','DMP','CULT','Unlicensed source',186,6,81),(527,'2013','PR','DMP','RTL','Licensed source',0,6,81),(528,'2013','PR','DMP','RTL','Unlicensed source',245,6,81),(529,'2013','PR','DOP','CULT','Licensed source',5,6,81),(530,'2013','PR','DOP','CULT','Unlicensed source',6,6,81),(531,'2013','PR','DOP','RTL','Licensed source',0,6,81),(532,'2013','PR','DOP','RTL','Unlicensed source',0,6,81),(533,'2013','PR','INTCN','CULT','Licensed source',4,6,81),(534,'2013','PR','INTCN','CULT','Unlicensed source',72,6,81),(535,'2013','PR','INTCN','RTL','Licensed source',0,6,81),(536,'2013','PR','INTCN','RTL','Unlicensed source',49,6,81),(537,'2013','PR','GV','CULT','Licensed source',1,6,81),(538,'2013','PR','GV','CULT','Unlicensed source',119,6,81),(539,'2013','PR','GV','RTL','Licensed source',0,6,81),(540,'2013','PR','GV','RTL','Unlicensed source',196,6,81),(541,'2013','MB','DP','CULT','Licensed source',0,6,81),(542,'2013','MB','DP','CULT','Unlicensed source',40,6,81),(543,'2013','MB','DP','RTL','Licensed source',0,6,81),(544,'2013','MB','DP','RTL','Unlicensed source',48,6,81),(545,'2013','MB','DMP','CULT','Licensed source',0,6,81),(546,'2013','MB','DMP','CULT','Unlicensed source',39,6,81),(547,'2013','MB','DMP','RTL','Licensed source',0,6,81),(548,'2013','MB','DMP','RTL','Unlicensed source',48,6,81),(549,'2013','MB','DOP','CULT','Licensed source',0,6,81),(550,'2013','MB','DOP','CULT','Unlicensed source',1,6,81),(551,'2013','MB','DOP','RTL','Licensed source',0,6,81),(552,'2013','MB','DOP','RTL','Unlicensed source',0,6,81),(553,'2013','MB','INTCN','CULT','Licensed source',0,6,81),(554,'2013','MB','INTCN','CULT','Unlicensed source',14,6,81),(555,'2013','MB','INTCN','RTL','Licensed source',0,6,81),(556,'2013','MB','INTCN','RTL','Unlicensed source',10,6,81),(557,'2013','MB','GV','CULT','Licensed source',0,6,81),(558,'2013','MB','GV','CULT','Unlicensed source',26,6,81),(559,'2013','MB','GV','RTL','Licensed source',0,6,81),(560,'2013','MB','GV','RTL','Unlicensed source',39,6,81),(561,'2013','SK','DP','CULT','Licensed source',0,6,81),(562,'2013','SK','DP','CULT','Unlicensed source',33,6,81),(563,'2013','SK','DP','RTL','Licensed source',0,6,81),(564,'2013','SK','DP','RTL','Unlicensed source',36,6,81),(565,'2013','SK','DMP','CULT','Licensed source',0,6,81),(566,'2013','SK','DMP','CULT','Unlicensed source',32,6,81),(567,'2013','SK','DMP','RTL','Licensed source',0,6,81),(568,'2013','SK','DMP','RTL','Unlicensed source',36,6,81),(569,'2013','SK','DOP','CULT','Licensed source',0,6,81),(570,'2013','SK','DOP','CULT','Unlicensed source',1,6,81),(571,'2013','SK','DOP','RTL','Licensed source',0,6,81),(572,'2013','SK','DOP','RTL','Unlicensed source',0,6,81),(573,'2013','SK','INTCN','CULT','Licensed source',0,6,81),(574,'2013','SK','INTCN','CULT','Unlicensed source',13,6,81),(575,'2013','SK','INTCN','RTL','Licensed source',0,6,81),(576,'2013','SK','INTCN','RTL','Unlicensed source',7,6,81),(577,'2013','SK','GV','CULT','Licensed source',0,6,81),(578,'2013','SK','GV','CULT','Unlicensed source',20,6,81),(579,'2013','SK','GV','RTL','Licensed source',0,6,81),(580,'2013','SK','GV','RTL','Unlicensed source',29,6,81),(581,'2013','AL','DP','CULT','Licensed source',5,6,81),(582,'2013','AL','DP','CULT','Unlicensed source',118,6,81),(583,'2013','AL','DP','RTL','Licensed source',0,6,81),(584,'2013','AL','DP','RTL','Unlicensed source',161,6,81),(585,'2013','AL','DMP','CULT','Licensed source',0,6,81),(586,'2013','AL','DMP','CULT','Unlicensed source',115,6,81),(587,'2013','AL','DMP','RTL','Licensed source',0,6,81),(588,'2013','AL','DMP','RTL','Unlicensed source',161,6,81),(589,'2013','AL','DOP','CULT','Licensed source',5,6,81),(590,'2013','AL','DOP','CULT','Unlicensed source',4,6,81),(591,'2013','AL','DOP','RTL','Licensed source',0,6,81),(592,'2013','AL','DOP','RTL','Unlicensed source',0,6,81),(593,'2013','AL','INTCN','CULT','Licensed source',4,6,81),(594,'2013','AL','INTCN','CULT','Unlicensed source',44,6,81),(595,'2013','AL','INTCN','RTL','Licensed source',0,6,81),(596,'2013','AL','INTCN','RTL','Unlicensed source',32,6,81),(597,'2013','AL','GV','CULT','Licensed source',1,6,81),(598,'2013','AL','GV','CULT','Unlicensed source',74,6,81),(599,'2013','AL','GV','RTL','Licensed source',0,6,81),(600,'2013','AL','GV','RTL','Unlicensed source',129,6,81),(601,'2013','BC','DP','CULT','Licensed source',2,6,81),(602,'2013','BC','DP','CULT','Unlicensed source',2245,6,81),(603,'2013','BC','DP','RTL','Licensed source',0,6,81),(604,'2013','BC','DP','RTL','Unlicensed source',468,6,81),(605,'2013','BC','DMP','CULT','Licensed source',0,6,81),(606,'2013','BC','DMP','CULT','Unlicensed source',2225,6,81),(607,'2013','BC','DMP','RTL','Licensed source',0,6,81),(608,'2013','BC','DMP','RTL','Unlicensed source',468,6,81),(609,'2013','BC','DOP','CULT','Licensed source',2,6,81),(610,'2013','BC','DOP','CULT','Unlicensed source',20,6,81),(611,'2013','BC','DOP','RTL','Licensed source',0,6,81),(612,'2013','BC','DOP','RTL','Unlicensed source',0,6,81),(613,'2013','BC','INTCN','CULT','Licensed source',1,6,81),(614,'2013','BC','INTCN','CULT','Unlicensed source',725,6,81),(615,'2013','BC','INTCN','RTL','Licensed source',0,6,81),(616,'2013','BC','INTCN','RTL','Unlicensed source',94,6,81),(617,'2013','BC','GV','CULT','Licensed source',0,6,81),(618,'2013','BC','GV','CULT','Unlicensed source',1520,6,81),(619,'2013','BC','GV','RTL','Licensed source',0,6,81),(620,'2013','BC','GV','RTL','Unlicensed source',374,6,81),(621,'2013','T','DP','CULT','Licensed source',0,6,81),(622,'2013','T','DP','CULT','Unlicensed source',0,6,81),(623,'2013','T','DP','RTL','Licensed source',0,6,81),(624,'2013','T','DP','RTL','Unlicensed source',4,6,81),(625,'2013','T','DMP','CULT','Licensed source',0,6,81),(626,'2013','T','DMP','CULT','Unlicensed source',0,6,81),(627,'2013','T','DMP','RTL','Licensed source',0,6,81),(628,'2013','T','DMP','RTL','Unlicensed source',4,6,81),(629,'2013','T','DOP','CULT','Licensed source',0,6,81),(630,'2013','T','DOP','CULT','Unlicensed source',0,6,81),(631,'2013','T','DOP','RTL','Licensed source',0,6,81),(632,'2013','T','DOP','RTL','Unlicensed source',0,6,81),(633,'2013','T','INTCN','CULT','Licensed source',0,6,81),(634,'2013','T','INTCN','CULT','Unlicensed source',0,6,81),(635,'2013','T','INTCN','RTL','Licensed source',0,6,81),(636,'2013','T','INTCN','RTL','Unlicensed source',1,6,81),(637,'2013','T','GV','CULT','Licensed source',0,6,81),(638,'2013','T','GV','CULT','Unlicensed source',0,6,81),(639,'2013','T','GV','RTL','Licensed source',0,6,81),(640,'2013','T','GV','RTL','Unlicensed source',3,6,81),(641,'2013','YT','DP','CULT','Licensed source',0,6,81),(642,'2013','YT','DP','CULT','Unlicensed source',0,6,81),(643,'2013','YT','DP','RTL','Licensed source',0,6,81),(644,'2013','YT','DP','RTL','Unlicensed source',1,6,81),(645,'2013','YT','DMP','CULT','Licensed source',0,6,81),(646,'2013','YT','DMP','CULT','Unlicensed source',0,6,81),(647,'2013','YT','DMP','RTL','Licensed source',0,6,81),(648,'2013','YT','DMP','RTL','Unlicensed source',1,6,81),(649,'2013','YT','DOP','CULT','Licensed source',0,6,81),(650,'2013','YT','DOP','CULT','Unlicensed source',0,6,81),(651,'2013','YT','DOP','RTL','Licensed source',0,6,81),(652,'2013','YT','DOP','RTL','Unlicensed source',0,6,81),(653,'2013','YT','INTCN','CULT','Licensed source',0,6,81),(654,'2013','YT','INTCN','CULT','Unlicensed source',0,6,81),(655,'2013','YT','INTCN','RTL','Licensed source',0,6,81),(656,'2013','YT','INTCN','RTL','Unlicensed source',0,6,81),(657,'2013','YT','GV','CULT','Licensed source',0,6,81),(658,'2013','YT','GV','CULT','Unlicensed source',0,6,81),(659,'2013','YT','GV','RTL','Licensed source',0,6,81),(660,'2013','YT','GV','RTL','Unlicensed source',1,6,81),(661,'2013','NTN','DP','CULT','Licensed source',NULL,6,81),(662,'2013','NTN','DP','CULT','Unlicensed source',NULL,6,81),(663,'2013','NTN','DP','RTL','Licensed source',NULL,6,81),(664,'2013','NTN','DP','RTL','Unlicensed source',NULL,6,81),(665,'2013','NTN','DMP','CULT','Licensed source',NULL,6,81),(666,'2013','NTN','DMP','CULT','Unlicensed source',NULL,6,81),(667,'2013','NTN','DMP','RTL','Licensed source',NULL,6,81),(668,'2013','NTN','DMP','RTL','Unlicensed source',NULL,6,81),(669,'2013','NTN','DOP','CULT','Licensed source',NULL,6,81),(670,'2013','NTN','DOP','CULT','Unlicensed source',NULL,6,81),(671,'2013','NTN','DOP','RTL','Licensed source',NULL,6,81),(672,'2013','NTN','DOP','RTL','Unlicensed source',NULL,6,81),(673,'2013','NTN','INTCN','CULT','Licensed source',NULL,6,81),(674,'2013','NTN','INTCN','CULT','Unlicensed source',NULL,6,81),(675,'2013','NTN','INTCN','RTL','Licensed source',NULL,6,81),(676,'2013','NTN','INTCN','RTL','Unlicensed source',NULL,6,81),(677,'2013','NTN','GV','CULT','Licensed source',NULL,6,81),(678,'2013','NTN','GV','CULT','Unlicensed source',NULL,6,81),(679,'2013','NTN','GV','RTL','Licensed source',NULL,6,81),(680,'2013','NTN','GV','RTL','Unlicensed source',NULL,6,81),(681,'2013','NT','DP','CULT','Licensed source',0,6,81),(682,'2013','NT','DP','CULT','Unlicensed source',0,6,81),(683,'2013','NT','DP','RTL','Licensed source',0,6,81),(684,'2013','NT','DP','RTL','Unlicensed source',1,6,81),(685,'2013','NT','DMP','CULT','Licensed source',0,6,81),(686,'2013','NT','DMP','CULT','Unlicensed source',0,6,81),(687,'2013','NT','DMP','RTL','Licensed source',0,6,81),(688,'2013','NT','DMP','RTL','Unlicensed source',1,6,81),(689,'2013','NT','DOP','CULT','Licensed source',0,6,81),(690,'2013','NT','DOP','CULT','Unlicensed source',0,6,81),(691,'2013','NT','DOP','RTL','Licensed source',0,6,81),(692,'2013','NT','DOP','RTL','Unlicensed source',0,6,81),(693,'2013','NT','INTCN','CULT','Licensed source',0,6,81),(694,'2013','NT','INTCN','CULT','Unlicensed source',0,6,81),(695,'2013','NT','INTCN','RTL','Licensed source',0,6,81),(696,'2013','NT','INTCN','RTL','Unlicensed source',0,6,81),(697,'2013','NT','GV','CULT','Licensed source',0,6,81),(698,'2013','NT','GV','CULT','Unlicensed source',0,6,81),(699,'2013','NT','GV','RTL','Licensed source',0,6,81),(700,'2013','NT','GV','RTL','Unlicensed source',1,6,81),(701,'2013','NU','DP','CULT','Licensed source',0,6,81),(702,'2013','NU','DP','CULT','Unlicensed source',0,6,81),(703,'2013','NU','DP','RTL','Licensed source',0,6,81),(704,'2013','NU','DP','RTL','Unlicensed source',1,6,81),(705,'2013','NU','DMP','CULT','Licensed source',0,6,81),(706,'2013','NU','DMP','CULT','Unlicensed source',0,6,81),(707,'2013','NU','DMP','RTL','Licensed source',0,6,81),(708,'2013','NU','DMP','RTL','Unlicensed source',1,6,81),(709,'2013','NU','DOP','CULT','Licensed source',0,6,81),(710,'2013','NU','DOP','CULT','Unlicensed source',0,6,81),(711,'2013','NU','DOP','RTL','Licensed source',0,6,81),(712,'2013','NU','DOP','RTL','Unlicensed source',0,6,81),(713,'2013','NU','INTCN','CULT','Licensed source',0,6,81),(714,'2013','NU','INTCN','CULT','Unlicensed source',0,6,81),(715,'2013','NU','INTCN','RTL','Licensed source',0,6,81),(716,'2013','NU','INTCN','RTL','Unlicensed source',0,6,81),(717,'2013','NU','GV','CULT','Licensed source',0,6,81),(718,'2013','NU','GV','CULT','Unlicensed source',0,6,81),(719,'2013','NU','GV','RTL','Licensed source',0,6,81),(720,'2013','NU','GV','RTL','Unlicensed source',1,6,81),(721,'2014','CN','DP','CULT','Licensed source',38,6,81),(722,'2014','CN','DP','CULT','Unlicensed source',4964,6,81),(723,'2014','CN','DP','RTL','Licensed source',0,6,81),(724,'2014','CN','DP','RTL','Unlicensed source',1784,6,81),(725,'2014','CN','DMP','CULT','Licensed source',22,6,81),(726,'2014','CN','DMP','CULT','Unlicensed source',4883,6,81),(727,'2014','CN','DMP','RTL','Licensed source',0,6,81),(728,'2014','CN','DMP','RTL','Unlicensed source',1784,6,81),(729,'2014','CN','DOP','CULT','Licensed source',15,6,81),(730,'2014','CN','DOP','CULT','Unlicensed source',81,6,81),(731,'2014','CN','DOP','RTL','Licensed source',0,6,81),(732,'2014','CN','DOP','RTL','Unlicensed source',0,6,81),(733,'2014','CN','INTCN','CULT','Licensed source',30,6,81),(734,'2014','CN','INTCN','CULT','Unlicensed source',1685,6,81),(735,'2014','CN','INTCN','RTL','Licensed source',0,6,81),(736,'2014','CN','INTCN','RTL','Unlicensed source',357,6,81),(737,'2014','CN','GV','CULT','Licensed source',8,6,81),(738,'2014','CN','GV','CULT','Unlicensed source',3279,6,81),(739,'2014','CN','GV','RTL','Licensed source',0,6,81),(740,'2014','CN','GV','RTL','Unlicensed source',1428,6,81),(741,'2014','AT','DP','CULT','Licensed source',0,6,81),(742,'2014','AT','DP','CULT','Unlicensed source',197,6,81),(743,'2014','AT','DP','RTL','Licensed source',0,6,81),(744,'2014','AT','DP','RTL','Unlicensed source',104,6,81),(745,'2014','AT','DMP','CULT','Licensed source',0,6,81),(746,'2014','AT','DMP','CULT','Unlicensed source',191,6,81),(747,'2014','AT','DMP','RTL','Licensed source',0,6,81),(748,'2014','AT','DMP','RTL','Unlicensed source',104,6,81),(749,'2014','AT','DOP','CULT','Licensed source',0,6,81),(750,'2014','AT','DOP','CULT','Unlicensed source',6,6,81),(751,'2014','AT','DOP','RTL','Licensed source',0,6,81),(752,'2014','AT','DOP','RTL','Unlicensed source',0,6,81),(753,'2014','AT','INTCN','CULT','Licensed source',0,6,81),(754,'2014','AT','INTCN','CULT','Unlicensed source',72,6,81),(755,'2014','AT','INTCN','RTL','Licensed source',0,6,81),(756,'2014','AT','INTCN','RTL','Unlicensed source',21,6,81),(757,'2014','AT','GV','CULT','Licensed source',0,6,81),(758,'2014','AT','GV','CULT','Unlicensed source',125,6,81),(759,'2014','AT','GV','RTL','Licensed source',0,6,81),(760,'2014','AT','GV','RTL','Unlicensed source',83,6,81),(761,'2014','NL','DP','CULT','Licensed source',0,6,81),(762,'2014','NL','DP','CULT','Unlicensed source',14,6,81),(763,'2014','NL','DP','RTL','Licensed source',0,6,81),(764,'2014','NL','DP','RTL','Unlicensed source',21,6,81),(765,'2014','NL','DMP','CULT','Licensed source',0,6,81),(766,'2014','NL','DMP','CULT','Unlicensed source',14,6,81),(767,'2014','NL','DMP','RTL','Licensed source',0,6,81),(768,'2014','NL','DMP','RTL','Unlicensed source',21,6,81),(769,'2014','NL','DOP','CULT','Licensed source',0,6,81),(770,'2014','NL','DOP','CULT','Unlicensed source',0,6,81),(771,'2014','NL','DOP','RTL','Licensed source',0,6,81),(772,'2014','NL','DOP','RTL','Unlicensed source',0,6,81),(773,'2014','NL','INTCN','CULT','Licensed source',0,6,81),(774,'2014','NL','INTCN','CULT','Unlicensed source',6,6,81),(775,'2014','NL','INTCN','RTL','Licensed source',0,6,81),(776,'2014','NL','INTCN','RTL','Unlicensed source',4,6,81),(777,'2014','NL','GV','CULT','Licensed source',0,6,81),(778,'2014','NL','GV','CULT','Unlicensed source',8,6,81),(779,'2014','NL','GV','RTL','Licensed source',0,6,81),(780,'2014','NL','GV','RTL','Unlicensed source',17,6,81),(781,'2014','PE','DP','CULT','Licensed source',0,6,81),(782,'2014','PE','DP','CULT','Unlicensed source',9,6,81),(783,'2014','PE','DP','RTL','Licensed source',0,6,81),(784,'2014','PE','DP','RTL','Unlicensed source',5,6,81),(785,'2014','PE','DMP','CULT','Licensed source',0,6,81),(786,'2014','PE','DMP','CULT','Unlicensed source',9,6,81),(787,'2014','PE','DMP','RTL','Licensed source',0,6,81),(788,'2014','PE','DMP','RTL','Unlicensed source',5,6,81),(789,'2014','PE','DOP','CULT','Licensed source',0,6,81),(790,'2014','PE','DOP','CULT','Unlicensed source',0,6,81),(791,'2014','PE','DOP','RTL','Licensed source',0,6,81),(792,'2014','PE','DOP','RTL','Unlicensed source',0,6,81),(793,'2014','PE','INTCN','CULT','Licensed source',0,6,81),(794,'2014','PE','INTCN','CULT','Unlicensed source',3,6,81),(795,'2014','PE','INTCN','RTL','Licensed source',0,6,81),(796,'2014','PE','INTCN','RTL','Unlicensed source',1,6,81),(797,'2014','PE','GV','CULT','Licensed source',0,6,81),(798,'2014','PE','GV','CULT','Unlicensed source',6,6,81),(799,'2014','PE','GV','RTL','Licensed source',0,6,81),(800,'2014','PE','GV','RTL','Unlicensed source',4,6,81),(801,'2014','NS','DP','CULT','Licensed source',0,6,81),(802,'2014','NS','DP','CULT','Unlicensed source',94,6,81),(803,'2014','NS','DP','RTL','Licensed source',0,6,81),(804,'2014','NS','DP','RTL','Unlicensed source',50,6,81),(805,'2014','NS','DMP','CULT','Licensed source',0,6,81),(806,'2014','NS','DMP','CULT','Unlicensed source',91,6,81),(807,'2014','NS','DMP','RTL','Licensed source',0,6,81),(808,'2014','NS','DMP','RTL','Unlicensed source',50,6,81),(809,'2014','NS','DOP','CULT','Licensed source',0,6,81),(810,'2014','NS','DOP','CULT','Unlicensed source',3,6,81),(811,'2014','NS','DOP','RTL','Licensed source',0,6,81),(812,'2014','NS','DOP','RTL','Unlicensed source',0,6,81),(813,'2014','NS','INTCN','CULT','Licensed source',0,6,81),(814,'2014','NS','INTCN','CULT','Unlicensed source',37,6,81),(815,'2014','NS','INTCN','RTL','Licensed source',0,6,81),(816,'2014','NS','INTCN','RTL','Unlicensed source',10,6,81),(817,'2014','NS','GV','CULT','Licensed source',0,6,81),(818,'2014','NS','GV','CULT','Unlicensed source',57,6,81),(819,'2014','NS','GV','RTL','Licensed source',0,6,81),(820,'2014','NS','GV','RTL','Unlicensed source',40,6,81),(821,'2014','NB','DP','CULT','Licensed source',0,6,81),(822,'2014','NB','DP','CULT','Unlicensed source',79,6,81),(823,'2014','NB','DP','RTL','Licensed source',0,6,81),(824,'2014','NB','DP','RTL','Unlicensed source',27,6,81),(825,'2014','NB','DMP','CULT','Licensed source',0,6,81),(826,'2014','NB','DMP','CULT','Unlicensed source',77,6,81),(827,'2014','NB','DMP','RTL','Licensed source',0,6,81),(828,'2014','NB','DMP','RTL','Unlicensed source',27,6,81),(829,'2014','NB','DOP','CULT','Licensed source',0,6,81),(830,'2014','NB','DOP','CULT','Unlicensed source',2,6,81),(831,'2014','NB','DOP','RTL','Licensed source',0,6,81),(832,'2014','NB','DOP','RTL','Unlicensed source',0,6,81),(833,'2014','NB','INTCN','CULT','Licensed source',0,6,81),(834,'2014','NB','INTCN','CULT','Unlicensed source',27,6,81),(835,'2014','NB','INTCN','RTL','Licensed source',0,6,81),(836,'2014','NB','INTCN','RTL','Unlicensed source',5,6,81),(837,'2014','NB','GV','CULT','Licensed source',0,6,81),(838,'2014','NB','GV','CULT','Unlicensed source',53,6,81),(839,'2014','NB','GV','RTL','Licensed source',0,6,81),(840,'2014','NB','GV','RTL','Unlicensed source',22,6,81),(841,'2014','QC','DP','CULT','Licensed source',15,6,81),(842,'2014','QC','DP','CULT','Unlicensed source',1638,6,81),(843,'2014','QC','DP','RTL','Licensed source',0,6,81),(844,'2014','QC','DP','RTL','Unlicensed source',371,6,81),(845,'2014','QC','DMP','CULT','Licensed source',14,6,81),(846,'2014','QC','DMP','CULT','Unlicensed source',1613,6,81),(847,'2014','QC','DMP','RTL','Licensed source',0,6,81),(848,'2014','QC','DMP','RTL','Unlicensed source',371,6,81),(849,'2014','QC','DOP','CULT','Licensed source',1,6,81),(850,'2014','QC','DOP','CULT','Unlicensed source',25,6,81),(851,'2014','QC','DOP','RTL','Licensed source',0,6,81),(852,'2014','QC','DOP','RTL','Unlicensed source',0,6,81),(853,'2014','QC','INTCN','CULT','Licensed source',12,6,81),(854,'2014','QC','INTCN','CULT','Unlicensed source',575,6,81),(855,'2014','QC','INTCN','RTL','Licensed source',0,6,81),(856,'2014','QC','INTCN','RTL','Unlicensed source',74,6,81),(857,'2014','QC','GV','CULT','Licensed source',3,6,81),(858,'2014','QC','GV','CULT','Unlicensed source',1063,6,81),(859,'2014','QC','GV','RTL','Licensed source',0,6,81),(860,'2014','QC','GV','RTL','Unlicensed source',297,6,81),(861,'2014','ON','DP','CULT','Licensed source',15,6,81),(862,'2014','ON','DP','CULT','Unlicensed source',777,6,81),(863,'2014','ON','DP','RTL','Licensed source',0,6,81),(864,'2014','ON','DP','RTL','Unlicensed source',588,6,81),(865,'2014','ON','DMP','CULT','Licensed source',4,6,81),(866,'2014','ON','DMP','CULT','Unlicensed source',754,6,81),(867,'2014','ON','DMP','RTL','Licensed source',0,6,81),(868,'2014','ON','DMP','RTL','Unlicensed source',588,6,81),(869,'2014','ON','DOP','CULT','Licensed source',11,6,81),(870,'2014','ON','DOP','CULT','Unlicensed source',23,6,81),(871,'2014','ON','DOP','RTL','Licensed source',0,6,81),(872,'2014','ON','DOP','RTL','Unlicensed source',0,6,81),(873,'2014','ON','INTCN','CULT','Licensed source',12,6,81),(874,'2014','ON','INTCN','CULT','Unlicensed source',263,6,81),(875,'2014','ON','INTCN','RTL','Licensed source',0,6,81),(876,'2014','ON','INTCN','RTL','Unlicensed source',118,6,81),(877,'2014','ON','GV','CULT','Licensed source',3,6,81),(878,'2014','ON','GV','CULT','Unlicensed source',515,6,81),(879,'2014','ON','GV','RTL','Licensed source',0,6,81),(880,'2014','ON','GV','RTL','Unlicensed source',470,6,81),(881,'2014','PR','DP','CULT','Licensed source',0,6,81),(882,'2014','PR','DP','CULT','Unlicensed source',202,6,81),(883,'2014','PR','DP','RTL','Licensed source',0,6,81),(884,'2014','PR','DP','RTL','Unlicensed source',249,6,81),(885,'2014','PR','DMP','CULT','Licensed source',0,6,81),(886,'2014','PR','DMP','CULT','Unlicensed source',196,6,81),(887,'2014','PR','DMP','RTL','Licensed source',0,6,81),(888,'2014','PR','DMP','RTL','Unlicensed source',249,6,81),(889,'2014','PR','DOP','CULT','Licensed source',0,6,81),(890,'2014','PR','DOP','CULT','Unlicensed source',6,6,81),(891,'2014','PR','DOP','RTL','Licensed source',0,6,81),(892,'2014','PR','DOP','RTL','Unlicensed source',0,6,81),(893,'2014','PR','INTCN','CULT','Licensed source',0,6,81),(894,'2014','PR','INTCN','CULT','Unlicensed source',76,6,81),(895,'2014','PR','INTCN','RTL','Licensed source',0,6,81),(896,'2014','PR','INTCN','RTL','Unlicensed source',50,6,81),(897,'2014','PR','GV','CULT','Licensed source',0,6,81),(898,'2014','PR','GV','CULT','Unlicensed source',127,6,81),(899,'2014','PR','GV','RTL','Licensed source',0,6,81),(900,'2014','PR','GV','RTL','Unlicensed source',199,6,81),(901,'2014','MB','DP','CULT','Licensed source',0,6,81),(902,'2014','MB','DP','CULT','Unlicensed source',46,6,81),(903,'2014','MB','DP','RTL','Licensed source',0,6,81),(904,'2014','MB','DP','RTL','Unlicensed source',49,6,81),(905,'2014','MB','DMP','CULT','Licensed source',0,6,81),(906,'2014','MB','DMP','CULT','Unlicensed source',44,6,81),(907,'2014','MB','DMP','RTL','Licensed source',0,6,81),(908,'2014','MB','DMP','RTL','Unlicensed source',49,6,81),(909,'2014','MB','DOP','CULT','Licensed source',0,6,81),(910,'2014','MB','DOP','CULT','Unlicensed source',1,6,81),(911,'2014','MB','DOP','RTL','Licensed source',0,6,81),(912,'2014','MB','DOP','RTL','Unlicensed source',0,6,81),(913,'2014','MB','INTCN','CULT','Licensed source',0,6,81),(914,'2014','MB','INTCN','CULT','Unlicensed source',16,6,81),(915,'2014','MB','INTCN','RTL','Licensed source',0,6,81),(916,'2014','MB','INTCN','RTL','Unlicensed source',10,6,81),(917,'2014','MB','GV','CULT','Licensed source',0,6,81),(918,'2014','MB','GV','CULT','Unlicensed source',30,6,81),(919,'2014','MB','GV','RTL','Licensed source',0,6,81),(920,'2014','MB','GV','RTL','Unlicensed source',39,6,81),(921,'2014','SK','DP','CULT','Licensed source',0,6,81),(922,'2014','SK','DP','CULT','Unlicensed source',34,6,81),(923,'2014','SK','DP','RTL','Licensed source',0,6,81),(924,'2014','SK','DP','RTL','Unlicensed source',36,6,81),(925,'2014','SK','DMP','CULT','Licensed source',0,6,81),(926,'2014','SK','DMP','CULT','Unlicensed source',33,6,81),(927,'2014','SK','DMP','RTL','Licensed source',0,6,81),(928,'2014','SK','DMP','RTL','Unlicensed source',36,6,81),(929,'2014','SK','DOP','CULT','Licensed source',0,6,81),(930,'2014','SK','DOP','CULT','Unlicensed source',1,6,81),(931,'2014','SK','DOP','RTL','Licensed source',0,6,81),(932,'2014','SK','DOP','RTL','Unlicensed source',0,6,81),(933,'2014','SK','INTCN','CULT','Licensed source',0,6,81),(934,'2014','SK','INTCN','CULT','Unlicensed source',14,6,81),(935,'2014','SK','INTCN','RTL','Licensed source',0,6,81),(936,'2014','SK','INTCN','RTL','Unlicensed source',7,6,81),(937,'2014','SK','GV','CULT','Licensed source',0,6,81),(938,'2014','SK','GV','CULT','Unlicensed source',20,6,81),(939,'2014','SK','GV','RTL','Licensed source',0,6,81),(940,'2014','SK','GV','RTL','Unlicensed source',29,6,81),(941,'2014','AL','DP','CULT','Licensed source',0,6,81),(942,'2014','AL','DP','CULT','Unlicensed source',123,6,81),(943,'2014','AL','DP','RTL','Licensed source',0,6,81),(944,'2014','AL','DP','RTL','Unlicensed source',164,6,81),(945,'2014','AL','DMP','CULT','Licensed source',0,6,81),(946,'2014','AL','DMP','CULT','Unlicensed source',119,6,81),(947,'2014','AL','DMP','RTL','Licensed source',0,6,81),(948,'2014','AL','DMP','RTL','Unlicensed source',164,6,81),(949,'2014','AL','DOP','CULT','Licensed source',0,6,81),(950,'2014','AL','DOP','CULT','Unlicensed source',4,6,81),(951,'2014','AL','DOP','RTL','Licensed source',0,6,81),(952,'2014','AL','DOP','RTL','Unlicensed source',0,6,81),(953,'2014','AL','INTCN','CULT','Licensed source',0,6,81),(954,'2014','AL','INTCN','CULT','Unlicensed source',46,6,81),(955,'2014','AL','INTCN','RTL','Licensed source',0,6,81),(956,'2014','AL','INTCN','RTL','Unlicensed source',33,6,81),(957,'2014','AL','GV','CULT','Licensed source',0,6,81),(958,'2014','AL','GV','CULT','Unlicensed source',78,6,81),(959,'2014','AL','GV','RTL','Licensed source',0,6,81),(960,'2014','AL','GV','RTL','Unlicensed source',131,6,81),(961,'2014','BC','DP','CULT','Licensed source',8,6,81),(962,'2014','BC','DP','CULT','Unlicensed source',2150,6,81),(963,'2014','BC','DP','RTL','Licensed source',0,6,81),(964,'2014','BC','DP','RTL','Unlicensed source',469,6,81),(965,'2014','BC','DMP','CULT','Licensed source',5,6,81),(966,'2014','BC','DMP','CULT','Unlicensed source',2129,6,81),(967,'2014','BC','DMP','RTL','Licensed source',0,6,81),(968,'2014','BC','DMP','RTL','Unlicensed source',469,6,81),(969,'2014','BC','DOP','CULT','Licensed source',3,6,81),(970,'2014','BC','DOP','CULT','Unlicensed source',21,6,81),(971,'2014','BC','DOP','RTL','Licensed source',0,6,81),(972,'2014','BC','DOP','RTL','Unlicensed source',0,6,81),(973,'2014','BC','INTCN','CULT','Licensed source',6,6,81),(974,'2014','BC','INTCN','CULT','Unlicensed source',700,6,81),(975,'2014','BC','INTCN','RTL','Licensed source',0,6,81),(976,'2014','BC','INTCN','RTL','Unlicensed source',94,6,81),(977,'2014','BC','GV','CULT','Licensed source',2,6,81),(978,'2014','BC','GV','CULT','Unlicensed source',1450,6,81),(979,'2014','BC','GV','RTL','Licensed source',0,6,81),(980,'2014','BC','GV','RTL','Unlicensed source',375,6,81),(981,'2014','T','DP','CULT','Licensed source',0,6,81),(982,'2014','T','DP','CULT','Unlicensed source',0,6,81),(983,'2014','T','DP','RTL','Licensed source',0,6,81),(984,'2014','T','DP','RTL','Unlicensed source',4,6,81),(985,'2014','T','DMP','CULT','Licensed source',0,6,81),(986,'2014','T','DMP','CULT','Unlicensed source',0,6,81),(987,'2014','T','DMP','RTL','Licensed source',0,6,81),(988,'2014','T','DMP','RTL','Unlicensed source',4,6,81),(989,'2014','T','DOP','CULT','Licensed source',0,6,81),(990,'2014','T','DOP','CULT','Unlicensed source',0,6,81),(991,'2014','T','DOP','RTL','Licensed source',0,6,81),(992,'2014','T','DOP','RTL','Unlicensed source',0,6,81),(993,'2014','T','INTCN','CULT','Licensed source',0,6,81),(994,'2014','T','INTCN','CULT','Unlicensed source',0,6,81),(995,'2014','T','INTCN','RTL','Licensed source',0,6,81),(996,'2014','T','INTCN','RTL','Unlicensed source',1,6,81),(997,'2014','T','GV','CULT','Licensed source',0,6,81),(998,'2014','T','GV','CULT','Unlicensed source',0,6,81),(999,'2014','T','GV','RTL','Licensed source',0,6,81),(1000,'2014','T','GV','RTL','Unlicensed source',3,6,81),(1001,'2014','YT','DP','CULT','Licensed source',0,6,81),(1002,'2014','YT','DP','CULT','Unlicensed source',0,6,81),(1003,'2014','YT','DP','RTL','Licensed source',0,6,81),(1004,'2014','YT','DP','RTL','Unlicensed source',1,6,81),(1005,'2014','YT','DMP','CULT','Licensed source',0,6,81),(1006,'2014','YT','DMP','CULT','Unlicensed source',0,6,81),(1007,'2014','YT','DMP','RTL','Licensed source',0,6,81),(1008,'2014','YT','DMP','RTL','Unlicensed source',1,6,81),(1009,'2014','YT','DOP','CULT','Licensed source',0,6,81),(1010,'2014','YT','DOP','CULT','Unlicensed source',0,6,81),(1011,'2014','YT','DOP','RTL','Licensed source',0,6,81),(1012,'2014','YT','DOP','RTL','Unlicensed source',0,6,81),(1013,'2014','YT','INTCN','CULT','Licensed source',0,6,81),(1014,'2014','YT','INTCN','CULT','Unlicensed source',0,6,81),(1015,'2014','YT','INTCN','RTL','Licensed source',0,6,81),(1016,'2014','YT','INTCN','RTL','Unlicensed source',0,6,81),(1017,'2014','YT','GV','CULT','Licensed source',0,6,81),(1018,'2014','YT','GV','CULT','Unlicensed source',0,6,81),(1019,'2014','YT','GV','RTL','Licensed source',0,6,81),(1020,'2014','YT','GV','RTL','Unlicensed source',1,6,81),(1021,'2014','NTN','DP','CULT','Licensed source',NULL,6,81),(1022,'2014','NTN','DP','CULT','Unlicensed source',NULL,6,81),(1023,'2014','NTN','DP','RTL','Licensed source',NULL,6,81),(1024,'2014','NTN','DP','RTL','Unlicensed source',NULL,6,81),(1025,'2014','NTN','DMP','CULT','Licensed source',NULL,6,81),(1026,'2014','NTN','DMP','CULT','Unlicensed source',NULL,6,81),(1027,'2014','NTN','DMP','RTL','Licensed source',NULL,6,81),(1028,'2014','NTN','DMP','RTL','Unlicensed source',NULL,6,81),(1029,'2014','NTN','DOP','CULT','Licensed source',NULL,6,81),(1030,'2014','NTN','DOP','CULT','Unlicensed source',NULL,6,81),(1031,'2014','NTN','DOP','RTL','Licensed source',NULL,6,81),(1032,'2014','NTN','DOP','RTL','Unlicensed source',NULL,6,81),(1033,'2014','NTN','INTCN','CULT','Licensed source',NULL,6,81),(1034,'2014','NTN','INTCN','CULT','Unlicensed source',NULL,6,81),(1035,'2014','NTN','INTCN','RTL','Licensed source',NULL,6,81),(1036,'2014','NTN','INTCN','RTL','Unlicensed source',NULL,6,81),(1037,'2014','NTN','GV','CULT','Licensed source',NULL,6,81),(1038,'2014','NTN','GV','CULT','Unlicensed source',NULL,6,81),(1039,'2014','NTN','GV','RTL','Licensed source',NULL,6,81),(1040,'2014','NTN','GV','RTL','Unlicensed source',NULL,6,81),(1041,'2014','NT','DP','CULT','Licensed source',0,6,81),(1042,'2014','NT','DP','CULT','Unlicensed source',0,6,81),(1043,'2014','NT','DP','RTL','Licensed source',0,6,81),(1044,'2014','NT','DP','RTL','Unlicensed source',1,6,81),(1045,'2014','NT','DMP','CULT','Licensed source',0,6,81),(1046,'2014','NT','DMP','CULT','Unlicensed source',0,6,81),(1047,'2014','NT','DMP','RTL','Licensed source',0,6,81),(1048,'2014','NT','DMP','RTL','Unlicensed source',1,6,81),(1049,'2014','NT','DOP','CULT','Licensed source',0,6,81),(1050,'2014','NT','DOP','CULT','Unlicensed source',0,6,81),(1051,'2014','NT','DOP','RTL','Licensed source',0,6,81),(1052,'2014','NT','DOP','RTL','Unlicensed source',0,6,81),(1053,'2014','NT','INTCN','CULT','Licensed source',0,6,81),(1054,'2014','NT','INTCN','CULT','Unlicensed source',0,6,81),(1055,'2014','NT','INTCN','RTL','Licensed source',0,6,81),(1056,'2014','NT','INTCN','RTL','Unlicensed source',0,6,81),(1057,'2014','NT','GV','CULT','Licensed source',0,6,81),(1058,'2014','NT','GV','CULT','Unlicensed source',0,6,81),(1059,'2014','NT','GV','RTL','Licensed source',0,6,81),(1060,'2014','NT','GV','RTL','Unlicensed source',1,6,81),(1061,'2014','NU','DP','CULT','Licensed source',0,6,81),(1062,'2014','NU','DP','CULT','Unlicensed source',0,6,81),(1063,'2014','NU','DP','RTL','Licensed source',0,6,81),(1064,'2014','NU','DP','RTL','Unlicensed source',1,6,81),(1065,'2014','NU','DMP','CULT','Licensed source',0,6,81),(1066,'2014','NU','DMP','CULT','Unlicensed source',0,6,81),(1067,'2014','NU','DMP','RTL','Licensed source',0,6,81),(1068,'2014','NU','DMP','RTL','Unlicensed source',1,6,81),(1069,'2014','NU','DOP','CULT','Licensed source',0,6,81),(1070,'2014','NU','DOP','CULT','Unlicensed source',0,6,81),(1071,'2014','NU','DOP','RTL','Licensed source',0,6,81),(1072,'2014','NU','DOP','RTL','Unlicensed source',0,6,81),(1073,'2014','NU','INTCN','CULT','Licensed source',0,6,81),(1074,'2014','NU','INTCN','CULT','Unlicensed source',0,6,81),(1075,'2014','NU','INTCN','RTL','Licensed source',0,6,81),(1076,'2014','NU','INTCN','RTL','Unlicensed source',0,6,81),(1077,'2014','NU','GV','CULT','Licensed source',0,6,81),(1078,'2014','NU','GV','CULT','Unlicensed source',0,6,81),(1079,'2014','NU','GV','RTL','Licensed source',0,6,81),(1080,'2014','NU','GV','RTL','Unlicensed source',1,6,81),(1081,'2015','CN','DP','CULT','Licensed source',69,6,81),(1082,'2015','CN','DP','CULT','Unlicensed source',4860,6,81),(1083,'2015','CN','DP','RTL','Licensed source',0,6,81),(1084,'2015','CN','DP','RTL','Unlicensed source',1747,6,81),(1085,'2015','CN','DMP','CULT','Licensed source',50,6,81),(1086,'2015','CN','DMP','CULT','Unlicensed source',4779,6,81),(1087,'2015','CN','DMP','RTL','Licensed source',0,6,81),(1088,'2015','CN','DMP','RTL','Unlicensed source',1747,6,81),(1089,'2015','CN','DOP','CULT','Licensed source',18,6,81),(1090,'2015','CN','DOP','CULT','Unlicensed source',81,6,81),(1091,'2015','CN','DOP','RTL','Licensed source',0,6,81),(1092,'2015','CN','DOP','RTL','Unlicensed source',0,6,81),(1093,'2015','CN','INTCN','CULT','Licensed source',55,6,81),(1094,'2015','CN','INTCN','CULT','Unlicensed source',1653,6,81),(1095,'2015','CN','INTCN','RTL','Licensed source',0,6,81),(1096,'2015','CN','INTCN','RTL','Unlicensed source',349,6,81),(1097,'2015','CN','GV','CULT','Licensed source',14,6,81),(1098,'2015','CN','GV','CULT','Unlicensed source',3207,6,81),(1099,'2015','CN','GV','RTL','Licensed source',0,6,81),(1100,'2015','CN','GV','RTL','Unlicensed source',1398,6,81),(1101,'2015','AT','DP','CULT','Licensed source',0,6,81),(1102,'2015','AT','DP','CULT','Unlicensed source',202,6,81),(1103,'2015','AT','DP','RTL','Licensed source',0,6,81),(1104,'2015','AT','DP','RTL','Unlicensed source',101,6,81),(1105,'2015','AT','DMP','CULT','Licensed source',0,6,81),(1106,'2015','AT','DMP','CULT','Unlicensed source',196,6,81),(1107,'2015','AT','DMP','RTL','Licensed source',0,6,81),(1108,'2015','AT','DMP','RTL','Unlicensed source',101,6,81),(1109,'2015','AT','DOP','CULT','Licensed source',0,6,81),(1110,'2015','AT','DOP','CULT','Unlicensed source',6,6,81),(1111,'2015','AT','DOP','RTL','Licensed source',0,6,81),(1112,'2015','AT','DOP','RTL','Unlicensed source',0,6,81),(1113,'2015','AT','INTCN','CULT','Licensed source',0,6,81),(1114,'2015','AT','INTCN','CULT','Unlicensed source',74,6,81),(1115,'2015','AT','INTCN','RTL','Licensed source',0,6,81),(1116,'2015','AT','INTCN','RTL','Unlicensed source',20,6,81),(1117,'2015','AT','GV','CULT','Licensed source',0,6,81),(1118,'2015','AT','GV','CULT','Unlicensed source',128,6,81),(1119,'2015','AT','GV','RTL','Licensed source',0,6,81),(1120,'2015','AT','GV','RTL','Unlicensed source',81,6,81),(1121,'2015','NL','DP','CULT','Licensed source',0,6,81),(1122,'2015','NL','DP','CULT','Unlicensed source',12,6,81),(1123,'2015','NL','DP','RTL','Licensed source',0,6,81),(1124,'2015','NL','DP','RTL','Unlicensed source',20,6,81),(1125,'2015','NL','DMP','CULT','Licensed source',0,6,81),(1126,'2015','NL','DMP','CULT','Unlicensed source',12,6,81),(1127,'2015','NL','DMP','RTL','Licensed source',0,6,81),(1128,'2015','NL','DMP','RTL','Unlicensed source',20,6,81),(1129,'2015','NL','DOP','CULT','Licensed source',0,6,81),(1130,'2015','NL','DOP','CULT','Unlicensed source',0,6,81),(1131,'2015','NL','DOP','RTL','Licensed source',0,6,81),(1132,'2015','NL','DOP','RTL','Unlicensed source',0,6,81),(1133,'2015','NL','INTCN','CULT','Licensed source',0,6,81),(1134,'2015','NL','INTCN','CULT','Unlicensed source',5,6,81),(1135,'2015','NL','INTCN','RTL','Licensed source',0,6,81),(1136,'2015','NL','INTCN','RTL','Unlicensed source',4,6,81),(1137,'2015','NL','GV','CULT','Licensed source',0,6,81),(1138,'2015','NL','GV','CULT','Unlicensed source',7,6,81),(1139,'2015','NL','GV','RTL','Licensed source',0,6,81),(1140,'2015','NL','GV','RTL','Unlicensed source',16,6,81),(1141,'2015','PE','DP','CULT','Licensed source',0,6,81),(1142,'2015','PE','DP','CULT','Unlicensed source',11,6,81),(1143,'2015','PE','DP','RTL','Licensed source',0,6,81),(1144,'2015','PE','DP','RTL','Unlicensed source',5,6,81),(1145,'2015','PE','DMP','CULT','Licensed source',0,6,81),(1146,'2015','PE','DMP','CULT','Unlicensed source',11,6,81),(1147,'2015','PE','DMP','RTL','Licensed source',0,6,81),(1148,'2015','PE','DMP','RTL','Unlicensed source',5,6,81),(1149,'2015','PE','DOP','CULT','Licensed source',0,6,81),(1150,'2015','PE','DOP','CULT','Unlicensed source',0,6,81),(1151,'2015','PE','DOP','RTL','Licensed source',0,6,81),(1152,'2015','PE','DOP','RTL','Unlicensed source',0,6,81),(1153,'2015','PE','INTCN','CULT','Licensed source',0,6,81),(1154,'2015','PE','INTCN','CULT','Unlicensed source',4,6,81),(1155,'2015','PE','INTCN','RTL','Licensed source',0,6,81),(1156,'2015','PE','INTCN','RTL','Unlicensed source',1,6,81),(1157,'2015','PE','GV','CULT','Licensed source',0,6,81),(1158,'2015','PE','GV','CULT','Unlicensed source',8,6,81),(1159,'2015','PE','GV','RTL','Licensed source',0,6,81),(1160,'2015','PE','GV','RTL','Unlicensed source',4,6,81),(1161,'2015','NS','DP','CULT','Licensed source',0,6,81),(1162,'2015','NS','DP','CULT','Unlicensed source',97,6,81),(1163,'2015','NS','DP','RTL','Licensed source',0,6,81),(1164,'2015','NS','DP','RTL','Unlicensed source',49,6,81),(1165,'2015','NS','DMP','CULT','Licensed source',0,6,81),(1166,'2015','NS','DMP','CULT','Unlicensed source',94,6,81),(1167,'2015','NS','DMP','RTL','Licensed source',0,6,81),(1168,'2015','NS','DMP','RTL','Unlicensed source',49,6,81),(1169,'2015','NS','DOP','CULT','Licensed source',0,6,81),(1170,'2015','NS','DOP','CULT','Unlicensed source',3,6,81),(1171,'2015','NS','DOP','RTL','Licensed source',0,6,81),(1172,'2015','NS','DOP','RTL','Unlicensed source',0,6,81),(1173,'2015','NS','INTCN','CULT','Licensed source',0,6,81),(1174,'2015','NS','INTCN','CULT','Unlicensed source',38,6,81),(1175,'2015','NS','INTCN','RTL','Licensed source',0,6,81),(1176,'2015','NS','INTCN','RTL','Unlicensed source',10,6,81),(1177,'2015','NS','GV','CULT','Licensed source',0,6,81),(1178,'2015','NS','GV','CULT','Unlicensed source',59,6,81),(1179,'2015','NS','GV','RTL','Licensed source',0,6,81),(1180,'2015','NS','GV','RTL','Unlicensed source',39,6,81),(1181,'2015','NB','DP','CULT','Licensed source',0,6,81),(1182,'2015','NB','DP','CULT','Unlicensed source',82,6,81),(1183,'2015','NB','DP','RTL','Licensed source',0,6,81),(1184,'2015','NB','DP','RTL','Unlicensed source',26,6,81),(1185,'2015','NB','DMP','CULT','Licensed source',0,6,81),(1186,'2015','NB','DMP','CULT','Unlicensed source',79,6,81),(1187,'2015','NB','DMP','RTL','Licensed source',0,6,81),(1188,'2015','NB','DMP','RTL','Unlicensed source',26,6,81),(1189,'2015','NB','DOP','CULT','Licensed source',0,6,81),(1190,'2015','NB','DOP','CULT','Unlicensed source',2,6,81),(1191,'2015','NB','DOP','RTL','Licensed source',0,6,81),(1192,'2015','NB','DOP','RTL','Unlicensed source',0,6,81),(1193,'2015','NB','INTCN','CULT','Licensed source',0,6,81),(1194,'2015','NB','INTCN','CULT','Unlicensed source',27,6,81),(1195,'2015','NB','INTCN','RTL','Licensed source',0,6,81),(1196,'2015','NB','INTCN','RTL','Unlicensed source',5,6,81),(1197,'2015','NB','GV','CULT','Licensed source',0,6,81),(1198,'2015','NB','GV','CULT','Unlicensed source',54,6,81),(1199,'2015','NB','GV','RTL','Licensed source',0,6,81),(1200,'2015','NB','GV','RTL','Unlicensed source',21,6,81),(1201,'2015','QC','DP','CULT','Licensed source',10,6,81),(1202,'2015','QC','DP','CULT','Unlicensed source',1656,6,81),(1203,'2015','QC','DP','RTL','Licensed source',0,6,81),(1204,'2015','QC','DP','RTL','Unlicensed source',362,6,81),(1205,'2015','QC','DMP','CULT','Licensed source',9,6,81),(1206,'2015','QC','DMP','CULT','Unlicensed source',1632,6,81),(1207,'2015','QC','DMP','RTL','Licensed source',0,6,81),(1208,'2015','QC','DMP','RTL','Unlicensed source',362,6,81),(1209,'2015','QC','DOP','CULT','Licensed source',1,6,81),(1210,'2015','QC','DOP','CULT','Unlicensed source',25,6,81),(1211,'2015','QC','DOP','RTL','Licensed source',0,6,81),(1212,'2015','QC','DOP','RTL','Unlicensed source',0,6,81),(1213,'2015','QC','INTCN','CULT','Licensed source',8,6,81),(1214,'2015','QC','INTCN','CULT','Unlicensed source',581,6,81),(1215,'2015','QC','INTCN','RTL','Licensed source',0,6,81),(1216,'2015','QC','INTCN','RTL','Unlicensed source',72,6,81),(1217,'2015','QC','GV','CULT','Licensed source',2,6,81),(1218,'2015','QC','GV','CULT','Unlicensed source',1075,6,81),(1219,'2015','QC','GV','RTL','Licensed source',0,6,81),(1220,'2015','QC','GV','RTL','Unlicensed source',290,6,81),(1221,'2015','ON','DP','CULT','Licensed source',43,6,81),(1222,'2015','ON','DP','CULT','Unlicensed source',799,6,81),(1223,'2015','ON','DP','RTL','Licensed source',0,6,81),(1224,'2015','ON','DP','RTL','Unlicensed source',575,6,81),(1225,'2015','ON','DMP','CULT','Licensed source',31,6,81),(1226,'2015','ON','DMP','CULT','Unlicensed source',775,6,81),(1227,'2015','ON','DMP','RTL','Licensed source',0,6,81),(1228,'2015','ON','DMP','RTL','Unlicensed source',575,6,81),(1229,'2015','ON','DOP','CULT','Licensed source',13,6,81),(1230,'2015','ON','DOP','CULT','Unlicensed source',24,6,81),(1231,'2015','ON','DOP','RTL','Licensed source',0,6,81),(1232,'2015','ON','DOP','RTL','Unlicensed source',0,6,81),(1233,'2015','ON','INTCN','CULT','Licensed source',35,6,81),(1234,'2015','ON','INTCN','CULT','Unlicensed source',270,6,81),(1235,'2015','ON','INTCN','RTL','Licensed source',0,6,81),(1236,'2015','ON','INTCN','RTL','Unlicensed source',115,6,81),(1237,'2015','ON','GV','CULT','Licensed source',9,6,81),(1238,'2015','ON','GV','CULT','Unlicensed source',529,6,81),(1239,'2015','ON','GV','RTL','Licensed source',0,6,81),(1240,'2015','ON','GV','RTL','Unlicensed source',460,6,81),(1241,'2015','PR','DP','CULT','Licensed source',1,6,81),(1242,'2015','PR','DP','CULT','Unlicensed source',212,6,81),(1243,'2015','PR','DP','RTL','Licensed source',0,6,81),(1244,'2015','PR','DP','RTL','Unlicensed source',246,6,81),(1245,'2015','PR','DMP','CULT','Licensed source',0,6,81),(1246,'2015','PR','DMP','CULT','Unlicensed source',205,6,81),(1247,'2015','PR','DMP','RTL','Licensed source',0,6,81),(1248,'2015','PR','DMP','RTL','Unlicensed source',246,6,81),(1249,'2015','PR','DOP','CULT','Licensed source',0,6,81),(1250,'2015','PR','DOP','CULT','Unlicensed source',6,6,81),(1251,'2015','PR','DOP','RTL','Licensed source',0,6,81),(1252,'2015','PR','DOP','RTL','Unlicensed source',0,6,81),(1253,'2015','PR','INTCN','CULT','Licensed source',1,6,81),(1254,'2015','PR','INTCN','CULT','Unlicensed source',79,6,81),(1255,'2015','PR','INTCN','RTL','Licensed source',0,6,81),(1256,'2015','PR','INTCN','RTL','Unlicensed source',49,6,81),(1257,'2015','PR','GV','CULT','Licensed source',0,6,81),(1258,'2015','PR','GV','CULT','Unlicensed source',133,6,81),(1259,'2015','PR','GV','RTL','Licensed source',0,6,81),(1260,'2015','PR','GV','RTL','Unlicensed source',196,6,81),(1261,'2015','MB','DP','CULT','Licensed source',1,6,81),(1262,'2015','MB','DP','CULT','Unlicensed source',48,6,81),(1263,'2015','MB','DP','RTL','Licensed source',0,6,81),(1264,'2015','MB','DP','RTL','Unlicensed source',48,6,81),(1265,'2015','MB','DMP','CULT','Licensed source',0,6,81),(1266,'2015','MB','DMP','CULT','Unlicensed source',46,6,81),(1267,'2015','MB','DMP','RTL','Licensed source',0,6,81),(1268,'2015','MB','DMP','RTL','Unlicensed source',48,6,81),(1269,'2015','MB','DOP','CULT','Licensed source',0,6,81),(1270,'2015','MB','DOP','CULT','Unlicensed source',1,6,81),(1271,'2015','MB','DOP','RTL','Licensed source',0,6,81),(1272,'2015','MB','DOP','RTL','Unlicensed source',0,6,81),(1273,'2015','MB','INTCN','CULT','Licensed source',1,6,81),(1274,'2015','MB','INTCN','CULT','Unlicensed source',17,6,81),(1275,'2015','MB','INTCN','RTL','Licensed source',0,6,81),(1276,'2015','MB','INTCN','RTL','Unlicensed source',10,6,81),(1277,'2015','MB','GV','CULT','Licensed source',0,6,81),(1278,'2015','MB','GV','CULT','Unlicensed source',31,6,81),(1279,'2015','MB','GV','RTL','Licensed source',0,6,81),(1280,'2015','MB','GV','RTL','Unlicensed source',38,6,81),(1281,'2015','SK','DP','CULT','Licensed source',0,6,81),(1282,'2015','SK','DP','CULT','Unlicensed source',36,6,81),(1283,'2015','SK','DP','RTL','Licensed source',0,6,81),(1284,'2015','SK','DP','RTL','Unlicensed source',36,6,81),(1285,'2015','SK','DMP','CULT','Licensed source',0,6,81),(1286,'2015','SK','DMP','CULT','Unlicensed source',35,6,81),(1287,'2015','SK','DMP','RTL','Licensed source',0,6,81),(1288,'2015','SK','DMP','RTL','Unlicensed source',36,6,81),(1289,'2015','SK','DOP','CULT','Licensed source',0,6,81),(1290,'2015','SK','DOP','CULT','Unlicensed source',1,6,81),(1291,'2015','SK','DOP','RTL','Licensed source',0,6,81),(1292,'2015','SK','DOP','RTL','Unlicensed source',0,6,81),(1293,'2015','SK','INTCN','CULT','Licensed source',0,6,81),(1294,'2015','SK','INTCN','CULT','Unlicensed source',15,6,81),(1295,'2015','SK','INTCN','RTL','Licensed source',0,6,81),(1296,'2015','SK','INTCN','RTL','Unlicensed source',7,6,81),(1297,'2015','SK','GV','CULT','Licensed source',0,6,81),(1298,'2015','SK','GV','CULT','Unlicensed source',21,6,81),(1299,'2015','SK','GV','RTL','Licensed source',0,6,81),(1300,'2015','SK','GV','RTL','Unlicensed source',28,6,81),(1301,'2015','AL','DP','CULT','Licensed source',0,6,81),(1302,'2015','AL','DP','CULT','Unlicensed source',128,6,81),(1303,'2015','AL','DP','RTL','Licensed source',0,6,81),(1304,'2015','AL','DP','RTL','Unlicensed source',162,6,81),(1305,'2015','AL','DMP','CULT','Licensed source',0,6,81),(1306,'2015','AL','DMP','CULT','Unlicensed source',125,6,81),(1307,'2015','AL','DMP','RTL','Licensed source',0,6,81),(1308,'2015','AL','DMP','RTL','Unlicensed source',162,6,81),(1309,'2015','AL','DOP','CULT','Licensed source',0,6,81),(1310,'2015','AL','DOP','CULT','Unlicensed source',4,6,81),(1311,'2015','AL','DOP','RTL','Licensed source',0,6,81),(1312,'2015','AL','DOP','RTL','Unlicensed source',0,6,81),(1313,'2015','AL','INTCN','CULT','Licensed source',0,6,81),(1314,'2015','AL','INTCN','CULT','Unlicensed source',47,6,81),(1315,'2015','AL','INTCN','RTL','Licensed source',0,6,81),(1316,'2015','AL','INTCN','RTL','Unlicensed source',32,6,81),(1317,'2015','AL','GV','CULT','Licensed source',0,6,81),(1318,'2015','AL','GV','CULT','Unlicensed source',81,6,81),(1319,'2015','AL','GV','RTL','Licensed source',0,6,81),(1320,'2015','AL','GV','RTL','Unlicensed source',130,6,81),(1321,'2015','BC','DP','CULT','Licensed source',15,6,81),(1322,'2015','BC','DP','CULT','Unlicensed source',1991,6,81),(1323,'2015','BC','DP','RTL','Licensed source',0,6,81),(1324,'2015','BC','DP','RTL','Unlicensed source',460,6,81),(1325,'2015','BC','DMP','CULT','Licensed source',11,6,81),(1326,'2015','BC','DMP','CULT','Unlicensed source',1971,6,81),(1327,'2015','BC','DMP','RTL','Licensed source',0,6,81),(1328,'2015','BC','DMP','RTL','Unlicensed source',460,6,81),(1329,'2015','BC','DOP','CULT','Licensed source',4,6,81),(1330,'2015','BC','DOP','CULT','Unlicensed source',20,6,81),(1331,'2015','BC','DOP','RTL','Licensed source',0,6,81),(1332,'2015','BC','DOP','RTL','Unlicensed source',0,6,81),(1333,'2015','BC','INTCN','CULT','Licensed source',12,6,81),(1334,'2015','BC','INTCN','CULT','Unlicensed source',648,6,81),(1335,'2015','BC','INTCN','RTL','Licensed source',0,6,81),(1336,'2015','BC','INTCN','RTL','Unlicensed source',92,6,81),(1337,'2015','BC','GV','CULT','Licensed source',3,6,81),(1338,'2015','BC','GV','CULT','Unlicensed source',1342,6,81),(1339,'2015','BC','GV','RTL','Licensed source',0,6,81),(1340,'2015','BC','GV','RTL','Unlicensed source',368,6,81),(1341,'2015','T','DP','CULT','Licensed source',0,6,81),(1342,'2015','T','DP','CULT','Unlicensed source',0,6,81),(1343,'2015','T','DP','RTL','Licensed source',0,6,81),(1344,'2015','T','DP','RTL','Unlicensed source',4,6,81),(1345,'2015','T','DMP','CULT','Licensed source',0,6,81),(1346,'2015','T','DMP','CULT','Unlicensed source',0,6,81),(1347,'2015','T','DMP','RTL','Licensed source',0,6,81),(1348,'2015','T','DMP','RTL','Unlicensed source',4,6,81),(1349,'2015','T','DOP','CULT','Licensed source',0,6,81),(1350,'2015','T','DOP','CULT','Unlicensed source',0,6,81),(1351,'2015','T','DOP','RTL','Licensed source',0,6,81),(1352,'2015','T','DOP','RTL','Unlicensed source',0,6,81),(1353,'2015','T','INTCN','CULT','Licensed source',0,6,81),(1354,'2015','T','INTCN','CULT','Unlicensed source',0,6,81),(1355,'2015','T','INTCN','RTL','Licensed source',0,6,81),(1356,'2015','T','INTCN','RTL','Unlicensed source',1,6,81),(1357,'2015','T','GV','CULT','Licensed source',0,6,81),(1358,'2015','T','GV','CULT','Unlicensed source',0,6,81),(1359,'2015','T','GV','RTL','Licensed source',0,6,81),(1360,'2015','T','GV','RTL','Unlicensed source',3,6,81),(1361,'2015','YT','DP','CULT','Licensed source',0,6,81),(1362,'2015','YT','DP','CULT','Unlicensed source',0,6,81),(1363,'2015','YT','DP','RTL','Licensed source',0,6,81),(1364,'2015','YT','DP','RTL','Unlicensed source',1,6,81),(1365,'2015','YT','DMP','CULT','Licensed source',0,6,81),(1366,'2015','YT','DMP','CULT','Unlicensed source',0,6,81),(1367,'2015','YT','DMP','RTL','Licensed source',0,6,81),(1368,'2015','YT','DMP','RTL','Unlicensed source',1,6,81),(1369,'2015','YT','DOP','CULT','Licensed source',0,6,81),(1370,'2015','YT','DOP','CULT','Unlicensed source',0,6,81),(1371,'2015','YT','DOP','RTL','Licensed source',0,6,81),(1372,'2015','YT','DOP','RTL','Unlicensed source',0,6,81),(1373,'2015','YT','INTCN','CULT','Licensed source',0,6,81),(1374,'2015','YT','INTCN','CULT','Unlicensed source',0,6,81),(1375,'2015','YT','INTCN','RTL','Licensed source',0,6,81),(1376,'2015','YT','INTCN','RTL','Unlicensed source',0,6,81),(1377,'2015','YT','GV','CULT','Licensed source',0,6,81),(1378,'2015','YT','GV','CULT','Unlicensed source',0,6,81),(1379,'2015','YT','GV','RTL','Licensed source',0,6,81),(1380,'2015','YT','GV','RTL','Unlicensed source',1,6,81),(1381,'2015','NTN','DP','CULT','Licensed source',NULL,6,81),(1382,'2015','NTN','DP','CULT','Unlicensed source',NULL,6,81),(1383,'2015','NTN','DP','RTL','Licensed source',NULL,6,81),(1384,'2015','NTN','DP','RTL','Unlicensed source',NULL,6,81),(1385,'2015','NTN','DMP','CULT','Licensed source',NULL,6,81),(1386,'2015','NTN','DMP','CULT','Unlicensed source',NULL,6,81),(1387,'2015','NTN','DMP','RTL','Licensed source',NULL,6,81),(1388,'2015','NTN','DMP','RTL','Unlicensed source',NULL,6,81),(1389,'2015','NTN','DOP','CULT','Licensed source',NULL,6,81),(1390,'2015','NTN','DOP','CULT','Unlicensed source',NULL,6,81),(1391,'2015','NTN','DOP','RTL','Licensed source',NULL,6,81),(1392,'2015','NTN','DOP','RTL','Unlicensed source',NULL,6,81),(1393,'2015','NTN','INTCN','CULT','Licensed source',NULL,6,81),(1394,'2015','NTN','INTCN','CULT','Unlicensed source',NULL,6,81),(1395,'2015','NTN','INTCN','RTL','Licensed source',NULL,6,81),(1396,'2015','NTN','INTCN','RTL','Unlicensed source',NULL,6,81),(1397,'2015','NTN','GV','CULT','Licensed source',NULL,6,81),(1398,'2015','NTN','GV','CULT','Unlicensed source',NULL,6,81),(1399,'2015','NTN','GV','RTL','Licensed source',NULL,6,81),(1400,'2015','NTN','GV','RTL','Unlicensed source',NULL,6,81),(1401,'2015','NT','DP','CULT','Licensed source',0,6,81),(1402,'2015','NT','DP','CULT','Unlicensed source',0,6,81),(1403,'2015','NT','DP','RTL','Licensed source',0,6,81),(1404,'2015','NT','DP','RTL','Unlicensed source',1,6,81),(1405,'2015','NT','DMP','CULT','Licensed source',0,6,81),(1406,'2015','NT','DMP','CULT','Unlicensed source',0,6,81),(1407,'2015','NT','DMP','RTL','Licensed source',0,6,81),(1408,'2015','NT','DMP','RTL','Unlicensed source',1,6,81),(1409,'2015','NT','DOP','CULT','Licensed source',0,6,81),(1410,'2015','NT','DOP','CULT','Unlicensed source',0,6,81),(1411,'2015','NT','DOP','RTL','Licensed source',0,6,81),(1412,'2015','NT','DOP','RTL','Unlicensed source',0,6,81),(1413,'2015','NT','INTCN','CULT','Licensed source',0,6,81),(1414,'2015','NT','INTCN','CULT','Unlicensed source',0,6,81),(1415,'2015','NT','INTCN','RTL','Licensed source',0,6,81),(1416,'2015','NT','INTCN','RTL','Unlicensed source',0,6,81),(1417,'2015','NT','GV','CULT','Licensed source',0,6,81),(1418,'2015','NT','GV','CULT','Unlicensed source',0,6,81),(1419,'2015','NT','GV','RTL','Licensed source',0,6,81),(1420,'2015','NT','GV','RTL','Unlicensed source',1,6,81),(1421,'2015','NU','DP','CULT','Licensed source',0,6,81),(1422,'2015','NU','DP','CULT','Unlicensed source',0,6,81),(1423,'2015','NU','DP','RTL','Licensed source',0,6,81),(1424,'2015','NU','DP','RTL','Unlicensed source',1,6,81),(1425,'2015','NU','DMP','CULT','Licensed source',0,6,81),(1426,'2015','NU','DMP','CULT','Unlicensed source',0,6,81),(1427,'2015','NU','DMP','RTL','Licensed source',0,6,81),(1428,'2015','NU','DMP','RTL','Unlicensed source',1,6,81),(1429,'2015','NU','DOP','CULT','Licensed source',0,6,81),(1430,'2015','NU','DOP','CULT','Unlicensed source',0,6,81),(1431,'2015','NU','DOP','RTL','Licensed source',0,6,81),(1432,'2015','NU','DOP','RTL','Unlicensed source',0,6,81),(1433,'2015','NU','INTCN','CULT','Licensed source',0,6,81),(1434,'2015','NU','INTCN','CULT','Unlicensed source',0,6,81),(1435,'2015','NU','INTCN','RTL','Licensed source',0,6,81),(1436,'2015','NU','INTCN','RTL','Unlicensed source',0,6,81),(1437,'2015','NU','GV','CULT','Licensed source',0,6,81),(1438,'2015','NU','GV','CULT','Unlicensed source',0,6,81),(1439,'2015','NU','GV','RTL','Licensed source',0,6,81),(1440,'2015','NU','GV','RTL','Unlicensed source',1,6,81),(1441,'2016','CN','DP','CULT','Licensed source',244,6,81),(1442,'2016','CN','DP','CULT','Unlicensed source',4638,6,81),(1443,'2016','CN','DP','RTL','Licensed source',0,6,81),(1444,'2016','CN','DP','RTL','Unlicensed source',1667,6,81),(1445,'2016','CN','DMP','CULT','Licensed source',209,6,81),(1446,'2016','CN','DMP','CULT','Unlicensed source',4561,6,81),(1447,'2016','CN','DMP','RTL','Licensed source',0,6,81),(1448,'2016','CN','DMP','RTL','Unlicensed source',1667,6,81),(1449,'2016','CN','DOP','CULT','Licensed source',35,6,81),(1450,'2016','CN','DOP','CULT','Unlicensed source',77,6,81),(1451,'2016','CN','DOP','RTL','Licensed source',0,6,81),(1452,'2016','CN','DOP','RTL','Unlicensed source',0,6,81),(1453,'2016','CN','INTCN','CULT','Licensed source',195,6,81),(1454,'2016','CN','INTCN','CULT','Unlicensed source',1580,6,81),(1455,'2016','CN','INTCN','RTL','Licensed source',0,6,81),(1456,'2016','CN','INTCN','RTL','Unlicensed source',333,6,81),(1457,'2016','CN','GV','CULT','Licensed source',49,6,81),(1458,'2016','CN','GV','CULT','Unlicensed source',3058,6,81),(1459,'2016','CN','GV','RTL','Licensed source',0,6,81),(1460,'2016','CN','GV','RTL','Unlicensed source',1334,6,81),(1461,'2016','AT','DP','CULT','Licensed source',0,6,81),(1462,'2016','AT','DP','CULT','Unlicensed source',210,6,81),(1463,'2016','AT','DP','RTL','Licensed source',0,6,81),(1464,'2016','AT','DP','RTL','Unlicensed source',96,6,81),(1465,'2016','AT','DMP','CULT','Licensed source',0,6,81),(1466,'2016','AT','DMP','CULT','Unlicensed source',204,6,81),(1467,'2016','AT','DMP','RTL','Licensed source',0,6,81),(1468,'2016','AT','DMP','RTL','Unlicensed source',96,6,81),(1469,'2016','AT','DOP','CULT','Licensed source',0,6,81),(1470,'2016','AT','DOP','CULT','Unlicensed source',6,6,81),(1471,'2016','AT','DOP','RTL','Licensed source',0,6,81),(1472,'2016','AT','DOP','RTL','Unlicensed source',0,6,81),(1473,'2016','AT','INTCN','CULT','Licensed source',0,6,81),(1474,'2016','AT','INTCN','CULT','Unlicensed source',77,6,81),(1475,'2016','AT','INTCN','RTL','Licensed source',0,6,81),(1476,'2016','AT','INTCN','RTL','Unlicensed source',19,6,81),(1477,'2016','AT','GV','CULT','Licensed source',0,6,81),(1478,'2016','AT','GV','CULT','Unlicensed source',133,6,81),(1479,'2016','AT','GV','RTL','Licensed source',0,6,81),(1480,'2016','AT','GV','RTL','Unlicensed source',77,6,81),(1481,'2016','NL','DP','CULT','Licensed source',0,6,81),(1482,'2016','NL','DP','CULT','Unlicensed source',11,6,81),(1483,'2016','NL','DP','RTL','Licensed source',0,6,81),(1484,'2016','NL','DP','RTL','Unlicensed source',19,6,81),(1485,'2016','NL','DMP','CULT','Licensed source',0,6,81),(1486,'2016','NL','DMP','CULT','Unlicensed source',11,6,81),(1487,'2016','NL','DMP','RTL','Licensed source',0,6,81),(1488,'2016','NL','DMP','RTL','Unlicensed source',19,6,81),(1489,'2016','NL','DOP','CULT','Licensed source',0,6,81),(1490,'2016','NL','DOP','CULT','Unlicensed source',0,6,81),(1491,'2016','NL','DOP','RTL','Licensed source',0,6,81),(1492,'2016','NL','DOP','RTL','Unlicensed source',0,6,81),(1493,'2016','NL','INTCN','CULT','Licensed source',0,6,81),(1494,'2016','NL','INTCN','CULT','Unlicensed source',4,6,81),(1495,'2016','NL','INTCN','RTL','Licensed source',0,6,81),(1496,'2016','NL','INTCN','RTL','Unlicensed source',4,6,81),(1497,'2016','NL','GV','CULT','Licensed source',0,6,81),(1498,'2016','NL','GV','CULT','Unlicensed source',7,6,81),(1499,'2016','NL','GV','RTL','Licensed source',0,6,81),(1500,'2016','NL','GV','RTL','Unlicensed source',15,6,81),(1501,'2016','PE','DP','CULT','Licensed source',0,6,81),(1502,'2016','PE','DP','CULT','Unlicensed source',14,6,81),(1503,'2016','PE','DP','RTL','Licensed source',0,6,81),(1504,'2016','PE','DP','RTL','Unlicensed source',5,6,81),(1505,'2016','PE','DMP','CULT','Licensed source',0,6,81),(1506,'2016','PE','DMP','CULT','Unlicensed source',14,6,81),(1507,'2016','PE','DMP','RTL','Licensed source',0,6,81),(1508,'2016','PE','DMP','RTL','Unlicensed source',5,6,81),(1509,'2016','PE','DOP','CULT','Licensed source',0,6,81),(1510,'2016','PE','DOP','CULT','Unlicensed source',0,6,81),(1511,'2016','PE','DOP','RTL','Licensed source',0,6,81),(1512,'2016','PE','DOP','RTL','Unlicensed source',0,6,81),(1513,'2016','PE','INTCN','CULT','Licensed source',0,6,81),(1514,'2016','PE','INTCN','CULT','Unlicensed source',5,6,81),(1515,'2016','PE','INTCN','RTL','Licensed source',0,6,81),(1516,'2016','PE','INTCN','RTL','Unlicensed source',1,6,81),(1517,'2016','PE','GV','CULT','Licensed source',0,6,81),(1518,'2016','PE','GV','CULT','Unlicensed source',9,6,81),(1519,'2016','PE','GV','RTL','Licensed source',0,6,81),(1520,'2016','PE','GV','RTL','Unlicensed source',4,6,81),(1521,'2016','NS','DP','CULT','Licensed source',0,6,81),(1522,'2016','NS','DP','CULT','Unlicensed source',101,6,81),(1523,'2016','NS','DP','RTL','Licensed source',0,6,81),(1524,'2016','NS','DP','RTL','Unlicensed source',47,6,81),(1525,'2016','NS','DMP','CULT','Licensed source',0,6,81),(1526,'2016','NS','DMP','CULT','Unlicensed source',98,6,81),(1527,'2016','NS','DMP','RTL','Licensed source',0,6,81),(1528,'2016','NS','DMP','RTL','Unlicensed source',47,6,81),(1529,'2016','NS','DOP','CULT','Licensed source',0,6,81),(1530,'2016','NS','DOP','CULT','Unlicensed source',3,6,81),(1531,'2016','NS','DOP','RTL','Licensed source',0,6,81),(1532,'2016','NS','DOP','RTL','Unlicensed source',0,6,81),(1533,'2016','NS','INTCN','CULT','Licensed source',0,6,81),(1534,'2016','NS','INTCN','CULT','Unlicensed source',39,6,81),(1535,'2016','NS','INTCN','RTL','Licensed source',0,6,81),(1536,'2016','NS','INTCN','RTL','Unlicensed source',9,6,81),(1537,'2016','NS','GV','CULT','Licensed source',0,6,81),(1538,'2016','NS','GV','CULT','Unlicensed source',62,6,81),(1539,'2016','NS','GV','RTL','Licensed source',0,6,81),(1540,'2016','NS','GV','RTL','Unlicensed source',37,6,81),(1541,'2016','NB','DP','CULT','Licensed source',0,6,81),(1542,'2016','NB','DP','CULT','Unlicensed source',83,6,81),(1543,'2016','NB','DP','RTL','Licensed source',0,6,81),(1544,'2016','NB','DP','RTL','Unlicensed source',25,6,81),(1545,'2016','NB','DMP','CULT','Licensed source',0,6,81),(1546,'2016','NB','DMP','CULT','Unlicensed source',81,6,81),(1547,'2016','NB','DMP','RTL','Licensed source',0,6,81),(1548,'2016','NB','DMP','RTL','Unlicensed source',25,6,81),(1549,'2016','NB','DOP','CULT','Licensed source',0,6,81),(1550,'2016','NB','DOP','CULT','Unlicensed source',2,6,81),(1551,'2016','NB','DOP','RTL','Licensed source',0,6,81),(1552,'2016','NB','DOP','RTL','Unlicensed source',0,6,81),(1553,'2016','NB','INTCN','CULT','Licensed source',0,6,81),(1554,'2016','NB','INTCN','CULT','Unlicensed source',28,6,81),(1555,'2016','NB','INTCN','RTL','Licensed source',0,6,81),(1556,'2016','NB','INTCN','RTL','Unlicensed source',5,6,81),(1557,'2016','NB','GV','CULT','Licensed source',0,6,81),(1558,'2016','NB','GV','CULT','Unlicensed source',55,6,81),(1559,'2016','NB','GV','RTL','Licensed source',0,6,81),(1560,'2016','NB','GV','RTL','Unlicensed source',20,6,81),(1561,'2016','QC','DP','CULT','Licensed source',21,6,81),(1562,'2016','QC','DP','CULT','Unlicensed source',1669,6,81),(1563,'2016','QC','DP','RTL','Licensed source',0,6,81),(1564,'2016','QC','DP','RTL','Unlicensed source',345,6,81),(1565,'2016','QC','DMP','CULT','Licensed source',18,6,81),(1566,'2016','QC','DMP','CULT','Unlicensed source',1645,6,81),(1567,'2016','QC','DMP','RTL','Licensed source',0,6,81),(1568,'2016','QC','DMP','RTL','Unlicensed source',345,6,81),(1569,'2016','QC','DOP','CULT','Licensed source',2,6,81),(1570,'2016','QC','DOP','CULT','Unlicensed source',23,6,81),(1571,'2016','QC','DOP','RTL','Licensed source',0,6,81),(1572,'2016','QC','DOP','RTL','Unlicensed source',0,6,81),(1573,'2016','QC','INTCN','CULT','Licensed source',16,6,81),(1574,'2016','QC','INTCN','CULT','Unlicensed source',586,6,81),(1575,'2016','QC','INTCN','RTL','Licensed source',0,6,81),(1576,'2016','QC','INTCN','RTL','Unlicensed source',69,6,81),(1577,'2016','QC','GV','CULT','Licensed source',4,6,81),(1578,'2016','QC','GV','CULT','Unlicensed source',1083,6,81),(1579,'2016','QC','GV','RTL','Licensed source',0,6,81),(1580,'2016','QC','GV','RTL','Unlicensed source',276,6,81),(1581,'2016','ON','DP','CULT','Licensed source',178,6,81),(1582,'2016','ON','DP','CULT','Unlicensed source',762,6,81),(1583,'2016','ON','DP','RTL','Licensed source',0,6,81),(1584,'2016','ON','DP','RTL','Unlicensed source',550,6,81),(1585,'2016','ON','DMP','CULT','Licensed source',155,6,81),(1586,'2016','ON','DMP','CULT','Unlicensed source',739,6,81),(1587,'2016','ON','DMP','RTL','Licensed source',0,6,81),(1588,'2016','ON','DMP','RTL','Unlicensed source',550,6,81),(1589,'2016','ON','DOP','CULT','Licensed source',23,6,81),(1590,'2016','ON','DOP','CULT','Unlicensed source',23,6,81),(1591,'2016','ON','DOP','RTL','Licensed source',0,6,81),(1592,'2016','ON','DOP','RTL','Unlicensed source',0,6,81),(1593,'2016','ON','INTCN','CULT','Licensed source',142,6,81),(1594,'2016','ON','INTCN','CULT','Unlicensed source',257,6,81),(1595,'2016','ON','INTCN','RTL','Licensed source',0,6,81),(1596,'2016','ON','INTCN','RTL','Unlicensed source',110,6,81),(1597,'2016','ON','GV','CULT','Licensed source',36,6,81),(1598,'2016','ON','GV','CULT','Unlicensed source',504,6,81),(1599,'2016','ON','GV','RTL','Licensed source',0,6,81),(1600,'2016','ON','GV','RTL','Unlicensed source',440,6,81),(1601,'2016','PR','DP','CULT','Licensed source',13,6,81),(1602,'2016','PR','DP','CULT','Unlicensed source',199,6,81),(1603,'2016','PR','DP','RTL','Licensed source',0,6,81),(1604,'2016','PR','DP','RTL','Unlicensed source',235,6,81),(1605,'2016','PR','DMP','CULT','Licensed source',10,6,81),(1606,'2016','PR','DMP','CULT','Unlicensed source',193,6,81),(1607,'2016','PR','DMP','RTL','Licensed source',0,6,81),(1608,'2016','PR','DMP','RTL','Unlicensed source',235,6,81),(1609,'2016','PR','DOP','CULT','Licensed source',3,6,81),(1610,'2016','PR','DOP','CULT','Unlicensed source',6,6,81),(1611,'2016','PR','DOP','RTL','Licensed source',0,6,81),(1612,'2016','PR','DOP','RTL','Unlicensed source',0,6,81),(1613,'2016','PR','INTCN','CULT','Licensed source',10,6,81),(1614,'2016','PR','INTCN','CULT','Unlicensed source',74,6,81),(1615,'2016','PR','INTCN','RTL','Licensed source',0,6,81),(1616,'2016','PR','INTCN','RTL','Unlicensed source',47,6,81),(1617,'2016','PR','GV','CULT','Licensed source',3,6,81),(1618,'2016','PR','GV','CULT','Unlicensed source',125,6,81),(1619,'2016','PR','GV','RTL','Licensed source',0,6,81),(1620,'2016','PR','GV','RTL','Unlicensed source',188,6,81),(1621,'2016','MB','DP','CULT','Licensed source',1,6,81),(1622,'2016','MB','DP','CULT','Unlicensed source',44,6,81),(1623,'2016','MB','DP','RTL','Licensed source',0,6,81),(1624,'2016','MB','DP','RTL','Unlicensed source',46,6,81),(1625,'2016','MB','DMP','CULT','Licensed source',0,6,81),(1626,'2016','MB','DMP','CULT','Unlicensed source',42,6,81),(1627,'2016','MB','DMP','RTL','Licensed source',0,6,81),(1628,'2016','MB','DMP','RTL','Unlicensed source',46,6,81),(1629,'2016','MB','DOP','CULT','Licensed source',0,6,81),(1630,'2016','MB','DOP','CULT','Unlicensed source',1,6,81),(1631,'2016','MB','DOP','RTL','Licensed source',0,6,81),(1632,'2016','MB','DOP','RTL','Unlicensed source',0,6,81),(1633,'2016','MB','INTCN','CULT','Licensed source',0,6,81),(1634,'2016','MB','INTCN','CULT','Unlicensed source',15,6,81),(1635,'2016','MB','INTCN','RTL','Licensed source',0,6,81),(1636,'2016','MB','INTCN','RTL','Unlicensed source',9,6,81),(1637,'2016','MB','GV','CULT','Licensed source',0,6,81),(1638,'2016','MB','GV','CULT','Unlicensed source',28,6,81),(1639,'2016','MB','GV','RTL','Licensed source',0,6,81),(1640,'2016','MB','GV','RTL','Unlicensed source',37,6,81),(1641,'2016','SK','DP','CULT','Licensed source',0,6,81),(1642,'2016','SK','DP','CULT','Unlicensed source',31,6,81),(1643,'2016','SK','DP','RTL','Licensed source',0,6,81),(1644,'2016','SK','DP','RTL','Unlicensed source',34,6,81),(1645,'2016','SK','DMP','CULT','Licensed source',0,6,81),(1646,'2016','SK','DMP','CULT','Unlicensed source',30,6,81),(1647,'2016','SK','DMP','RTL','Licensed source',0,6,81),(1648,'2016','SK','DMP','RTL','Unlicensed source',34,6,81),(1649,'2016','SK','DOP','CULT','Licensed source',0,6,81),(1650,'2016','SK','DOP','CULT','Unlicensed source',1,6,81),(1651,'2016','SK','DOP','RTL','Licensed source',0,6,81),(1652,'2016','SK','DOP','RTL','Unlicensed source',0,6,81),(1653,'2016','SK','INTCN','CULT','Licensed source',0,6,81),(1654,'2016','SK','INTCN','CULT','Unlicensed source',13,6,81),(1655,'2016','SK','INTCN','RTL','Licensed source',0,6,81),(1656,'2016','SK','INTCN','RTL','Unlicensed source',7,6,81),(1657,'2016','SK','GV','CULT','Licensed source',0,6,81),(1658,'2016','SK','GV','CULT','Unlicensed source',18,6,81),(1659,'2016','SK','GV','RTL','Licensed source',0,6,81),(1660,'2016','SK','GV','RTL','Unlicensed source',27,6,81),(1661,'2016','AL','DP','CULT','Licensed source',12,6,81),(1662,'2016','AL','DP','CULT','Unlicensed source',124,6,81),(1663,'2016','AL','DP','RTL','Licensed source',0,6,81),(1664,'2016','AL','DP','RTL','Unlicensed source',155,6,81),(1665,'2016','AL','DMP','CULT','Licensed source',9,6,81),(1666,'2016','AL','DMP','CULT','Unlicensed source',121,6,81),(1667,'2016','AL','DMP','RTL','Licensed source',0,6,81),(1668,'2016','AL','DMP','RTL','Unlicensed source',155,6,81),(1669,'2016','AL','DOP','CULT','Licensed source',3,6,81),(1670,'2016','AL','DOP','CULT','Unlicensed source',4,6,81),(1671,'2016','AL','DOP','RTL','Licensed source',0,6,81),(1672,'2016','AL','DOP','RTL','Unlicensed source',0,6,81),(1673,'2016','AL','INTCN','CULT','Licensed source',10,6,81),(1674,'2016','AL','INTCN','CULT','Unlicensed source',46,6,81),(1675,'2016','AL','INTCN','RTL','Licensed source',0,6,81),(1676,'2016','AL','INTCN','RTL','Unlicensed source',31,6,81),(1677,'2016','AL','GV','CULT','Licensed source',2,6,81),(1678,'2016','AL','GV','CULT','Unlicensed source',78,6,81),(1679,'2016','AL','GV','RTL','Licensed source',0,6,81),(1680,'2016','AL','GV','RTL','Unlicensed source',124,6,81),(1681,'2016','BC','DP','CULT','Licensed source',33,6,81),(1682,'2016','BC','DP','CULT','Unlicensed source',1799,6,81),(1683,'2016','BC','DP','RTL','Licensed source',0,6,81),(1684,'2016','BC','DP','RTL','Unlicensed source',439,6,81),(1685,'2016','BC','DMP','CULT','Licensed source',26,6,81),(1686,'2016','BC','DMP','CULT','Unlicensed source',1780,6,81),(1687,'2016','BC','DMP','RTL','Licensed source',0,6,81),(1688,'2016','BC','DMP','RTL','Unlicensed source',439,6,81),(1689,'2016','BC','DOP','CULT','Licensed source',7,6,81),(1690,'2016','BC','DOP','CULT','Unlicensed source',19,6,81),(1691,'2016','BC','DOP','RTL','Licensed source',0,6,81),(1692,'2016','BC','DOP','RTL','Unlicensed source',0,6,81),(1693,'2016','BC','INTCN','CULT','Licensed source',26,6,81),(1694,'2016','BC','INTCN','CULT','Unlicensed source',586,6,81),(1695,'2016','BC','INTCN','RTL','Licensed source',0,6,81),(1696,'2016','BC','INTCN','RTL','Unlicensed source',88,6,81),(1697,'2016','BC','GV','CULT','Licensed source',7,6,81),(1698,'2016','BC','GV','CULT','Unlicensed source',1213,6,81),(1699,'2016','BC','GV','RTL','Licensed source',0,6,81),(1700,'2016','BC','GV','RTL','Unlicensed source',351,6,81),(1701,'2016','T','DP','CULT','Licensed source',0,6,81),(1702,'2016','T','DP','CULT','Unlicensed source',0,6,81),(1703,'2016','T','DP','RTL','Licensed source',0,6,81),(1704,'2016','T','DP','RTL','Unlicensed source',4,6,81),(1705,'2016','T','DMP','CULT','Licensed source',0,6,81),(1706,'2016','T','DMP','CULT','Unlicensed source',0,6,81),(1707,'2016','T','DMP','RTL','Licensed source',0,6,81),(1708,'2016','T','DMP','RTL','Unlicensed source',4,6,81),(1709,'2016','T','DOP','CULT','Licensed source',0,6,81),(1710,'2016','T','DOP','CULT','Unlicensed source',0,6,81),(1711,'2016','T','DOP','RTL','Licensed source',0,6,81),(1712,'2016','T','DOP','RTL','Unlicensed source',0,6,81),(1713,'2016','T','INTCN','CULT','Licensed source',0,6,81),(1714,'2016','T','INTCN','CULT','Unlicensed source',0,6,81),(1715,'2016','T','INTCN','RTL','Licensed source',0,6,81),(1716,'2016','T','INTCN','RTL','Unlicensed source',1,6,81),(1717,'2016','T','GV','CULT','Licensed source',0,6,81),(1718,'2016','T','GV','CULT','Unlicensed source',0,6,81),(1719,'2016','T','GV','RTL','Licensed source',0,6,81),(1720,'2016','T','GV','RTL','Unlicensed source',3,6,81),(1721,'2016','YT','DP','CULT','Licensed source',0,6,81),(1722,'2016','YT','DP','CULT','Unlicensed source',0,6,81),(1723,'2016','YT','DP','RTL','Licensed source',0,6,81),(1724,'2016','YT','DP','RTL','Unlicensed source',1,6,81),(1725,'2016','YT','DMP','CULT','Licensed source',0,6,81),(1726,'2016','YT','DMP','CULT','Unlicensed source',0,6,81),(1727,'2016','YT','DMP','RTL','Licensed source',0,6,81),(1728,'2016','YT','DMP','RTL','Unlicensed source',1,6,81),(1729,'2016','YT','DOP','CULT','Licensed source',0,6,81),(1730,'2016','YT','DOP','CULT','Unlicensed source',0,6,81),(1731,'2016','YT','DOP','RTL','Licensed source',0,6,81),(1732,'2016','YT','DOP','RTL','Unlicensed source',0,6,81),(1733,'2016','YT','INTCN','CULT','Licensed source',0,6,81),(1734,'2016','YT','INTCN','CULT','Unlicensed source',0,6,81),(1735,'2016','YT','INTCN','RTL','Licensed source',0,6,81),(1736,'2016','YT','INTCN','RTL','Unlicensed source',0,6,81),(1737,'2016','YT','GV','CULT','Licensed source',0,6,81),(1738,'2016','YT','GV','CULT','Unlicensed source',0,6,81),(1739,'2016','YT','GV','RTL','Licensed source',0,6,81),(1740,'2016','YT','GV','RTL','Unlicensed source',1,6,81),(1741,'2016','NTN','DP','CULT','Licensed source',NULL,6,81),(1742,'2016','NTN','DP','CULT','Unlicensed source',NULL,6,81),(1743,'2016','NTN','DP','RTL','Licensed source',NULL,6,81),(1744,'2016','NTN','DP','RTL','Unlicensed source',NULL,6,81),(1745,'2016','NTN','DMP','CULT','Licensed source',NULL,6,81),(1746,'2016','NTN','DMP','CULT','Unlicensed source',NULL,6,81),(1747,'2016','NTN','DMP','RTL','Licensed source',NULL,6,81),(1748,'2016','NTN','DMP','RTL','Unlicensed source',NULL,6,81),(1749,'2016','NTN','DOP','CULT','Licensed source',NULL,6,81),(1750,'2016','NTN','DOP','CULT','Unlicensed source',NULL,6,81),(1751,'2016','NTN','DOP','RTL','Licensed source',NULL,6,81),(1752,'2016','NTN','DOP','RTL','Unlicensed source',NULL,6,81),(1753,'2016','NTN','INTCN','CULT','Licensed source',NULL,6,81),(1754,'2016','NTN','INTCN','CULT','Unlicensed source',NULL,6,81),(1755,'2016','NTN','INTCN','RTL','Licensed source',NULL,6,81),(1756,'2016','NTN','INTCN','RTL','Unlicensed source',NULL,6,81),(1757,'2016','NTN','GV','CULT','Licensed source',NULL,6,81),(1758,'2016','NTN','GV','CULT','Unlicensed source',NULL,6,81),(1759,'2016','NTN','GV','RTL','Licensed source',NULL,6,81),(1760,'2016','NTN','GV','RTL','Unlicensed source',NULL,6,81),(1761,'2016','NT','DP','CULT','Licensed source',0,6,81),(1762,'2016','NT','DP','CULT','Unlicensed source',0,6,81),(1763,'2016','NT','DP','RTL','Licensed source',0,6,81),(1764,'2016','NT','DP','RTL','Unlicensed source',1,6,81),(1765,'2016','NT','DMP','CULT','Licensed source',0,6,81),(1766,'2016','NT','DMP','CULT','Unlicensed source',0,6,81),(1767,'2016','NT','DMP','RTL','Licensed source',0,6,81),(1768,'2016','NT','DMP','RTL','Unlicensed source',1,6,81),(1769,'2016','NT','DOP','CULT','Licensed source',0,6,81),(1770,'2016','NT','DOP','CULT','Unlicensed source',0,6,81),(1771,'2016','NT','DOP','RTL','Licensed source',0,6,81),(1772,'2016','NT','DOP','RTL','Unlicensed source',0,6,81),(1773,'2016','NT','INTCN','CULT','Licensed source',0,6,81),(1774,'2016','NT','INTCN','CULT','Unlicensed source',0,6,81),(1775,'2016','NT','INTCN','RTL','Licensed source',0,6,81),(1776,'2016','NT','INTCN','RTL','Unlicensed source',0,6,81),(1777,'2016','NT','GV','CULT','Licensed source',0,6,81),(1778,'2016','NT','GV','CULT','Unlicensed source',0,6,81),(1779,'2016','NT','GV','RTL','Licensed source',0,6,81),(1780,'2016','NT','GV','RTL','Unlicensed source',1,6,81),(1781,'2016','NU','DP','CULT','Licensed source',0,6,81),(1782,'2016','NU','DP','CULT','Unlicensed source',0,6,81),(1783,'2016','NU','DP','RTL','Licensed source',0,6,81),(1784,'2016','NU','DP','RTL','Unlicensed source',1,6,81),(1785,'2016','NU','DMP','CULT','Licensed source',0,6,81),(1786,'2016','NU','DMP','CULT','Unlicensed source',0,6,81),(1787,'2016','NU','DMP','RTL','Licensed source',0,6,81),(1788,'2016','NU','DMP','RTL','Unlicensed source',1,6,81),(1789,'2016','NU','DOP','CULT','Licensed source',0,6,81),(1790,'2016','NU','DOP','CULT','Unlicensed source',0,6,81),(1791,'2016','NU','DOP','RTL','Licensed source',0,6,81),(1792,'2016','NU','DOP','RTL','Unlicensed source',0,6,81),(1793,'2016','NU','INTCN','CULT','Licensed source',0,6,81),(1794,'2016','NU','INTCN','CULT','Unlicensed source',0,6,81),(1795,'2016','NU','INTCN','RTL','Licensed source',0,6,81),(1796,'2016','NU','INTCN','RTL','Unlicensed source',0,6,81),(1797,'2016','NU','GV','CULT','Licensed source',0,6,81),(1798,'2016','NU','GV','CULT','Unlicensed source',0,6,81),(1799,'2016','NU','GV','RTL','Licensed source',0,6,81),(1800,'2016','NU','GV','RTL','Unlicensed source',1,6,81),(1801,'2017','CN','DP','CULT','Licensed source',508,6,81),(1802,'2017','CN','DP','CULT','Unlicensed source',4197,6,81),(1803,'2017','CN','DP','RTL','Licensed source',0,6,81),(1804,'2017','CN','DP','RTL','Unlicensed source',1508,6,81),(1805,'2017','CN','DMP','CULT','Licensed source',477,6,81),(1806,'2017','CN','DMP','CULT','Unlicensed source',4127,6,81),(1807,'2017','CN','DMP','RTL','Licensed source',0,6,81),(1808,'2017','CN','DMP','RTL','Unlicensed source',1508,6,81),(1809,'2017','CN','DOP','CULT','Licensed source',31,6,81),(1810,'2017','CN','DOP','CULT','Unlicensed source',70,6,81),(1811,'2017','CN','DOP','RTL','Licensed source',0,6,81),(1812,'2017','CN','DOP','RTL','Unlicensed source',0,6,81),(1813,'2017','CN','INTCN','CULT','Licensed source',406,6,81),(1814,'2017','CN','INTCN','CULT','Unlicensed source',1429,6,81),(1815,'2017','CN','INTCN','RTL','Licensed source',0,6,81),(1816,'2017','CN','INTCN','RTL','Unlicensed source',302,6,81),(1817,'2017','CN','GV','CULT','Licensed source',102,6,81),(1818,'2017','CN','GV','CULT','Unlicensed source',2767,6,81),(1819,'2017','CN','GV','RTL','Licensed source',0,6,81),(1820,'2017','CN','GV','RTL','Unlicensed source',1207,6,81),(1821,'2017','AT','DP','CULT','Licensed source',6,6,81),(1822,'2017','AT','DP','CULT','Unlicensed source',190,6,81),(1823,'2017','AT','DP','RTL','Licensed source',0,6,81),(1824,'2017','AT','DP','RTL','Unlicensed source',86,6,81),(1825,'2017','AT','DMP','CULT','Licensed source',6,6,81),(1826,'2017','AT','DMP','CULT','Unlicensed source',184,6,81),(1827,'2017','AT','DMP','RTL','Licensed source',0,6,81),(1828,'2017','AT','DMP','RTL','Unlicensed source',86,6,81),(1829,'2017','AT','DOP','CULT','Licensed source',0,6,81),(1830,'2017','AT','DOP','CULT','Unlicensed source',5,6,81),(1831,'2017','AT','DOP','RTL','Licensed source',0,6,81),(1832,'2017','AT','DOP','RTL','Unlicensed source',0,6,81),(1833,'2017','AT','INTCN','CULT','Licensed source',5,6,81),(1834,'2017','AT','INTCN','CULT','Unlicensed source',69,6,81),(1835,'2017','AT','INTCN','RTL','Licensed source',0,6,81),(1836,'2017','AT','INTCN','RTL','Unlicensed source',17,6,81),(1837,'2017','AT','GV','CULT','Licensed source',1,6,81),(1838,'2017','AT','GV','CULT','Unlicensed source',120,6,81),(1839,'2017','AT','GV','RTL','Licensed source',0,6,81),(1840,'2017','AT','GV','RTL','Unlicensed source',69,6,81),(1841,'2017','NL','DP','CULT','Licensed source',0,6,81),(1842,'2017','NL','DP','CULT','Unlicensed source',10,6,81),(1843,'2017','NL','DP','RTL','Licensed source',0,6,81),(1844,'2017','NL','DP','RTL','Unlicensed source',17,6,81),(1845,'2017','NL','DMP','CULT','Licensed source',0,6,81),(1846,'2017','NL','DMP','CULT','Unlicensed source',10,6,81),(1847,'2017','NL','DMP','RTL','Licensed source',0,6,81),(1848,'2017','NL','DMP','RTL','Unlicensed source',17,6,81),(1849,'2017','NL','DOP','CULT','Licensed source',0,6,81),(1850,'2017','NL','DOP','CULT','Unlicensed source',0,6,81),(1851,'2017','NL','DOP','RTL','Licensed source',0,6,81),(1852,'2017','NL','DOP','RTL','Unlicensed source',0,6,81),(1853,'2017','NL','INTCN','CULT','Licensed source',0,6,81),(1854,'2017','NL','INTCN','CULT','Unlicensed source',4,6,81),(1855,'2017','NL','INTCN','RTL','Licensed source',0,6,81),(1856,'2017','NL','INTCN','RTL','Unlicensed source',3,6,81),(1857,'2017','NL','GV','CULT','Licensed source',0,6,81),(1858,'2017','NL','GV','CULT','Unlicensed source',6,6,81),(1859,'2017','NL','GV','RTL','Licensed source',0,6,81),(1860,'2017','NL','GV','RTL','Unlicensed source',14,6,81),(1861,'2017','PE','DP','CULT','Licensed source',6,6,81),(1862,'2017','PE','DP','CULT','Unlicensed source',13,6,81),(1863,'2017','PE','DP','RTL','Licensed source',0,6,81),(1864,'2017','PE','DP','RTL','Unlicensed source',5,6,81),(1865,'2017','PE','DMP','CULT','Licensed source',6,6,81),(1866,'2017','PE','DMP','CULT','Unlicensed source',13,6,81),(1867,'2017','PE','DMP','RTL','Licensed source',0,6,81),(1868,'2017','PE','DMP','RTL','Unlicensed source',5,6,81),(1869,'2017','PE','DOP','CULT','Licensed source',0,6,81),(1870,'2017','PE','DOP','CULT','Unlicensed source',0,6,81),(1871,'2017','PE','DOP','RTL','Licensed source',0,6,81),(1872,'2017','PE','DOP','RTL','Unlicensed source',0,6,81),(1873,'2017','PE','INTCN','CULT','Licensed source',5,6,81),(1874,'2017','PE','INTCN','CULT','Unlicensed source',4,6,81),(1875,'2017','PE','INTCN','RTL','Licensed source',0,6,81),(1876,'2017','PE','INTCN','RTL','Unlicensed source',1,6,81),(1877,'2017','PE','GV','CULT','Licensed source',1,6,81),(1878,'2017','PE','GV','CULT','Unlicensed source',8,6,81),(1879,'2017','PE','GV','RTL','Licensed source',0,6,81),(1880,'2017','PE','GV','RTL','Unlicensed source',4,6,81),(1881,'2017','NS','DP','CULT','Licensed source',0,6,81),(1882,'2017','NS','DP','CULT','Unlicensed source',91,6,81),(1883,'2017','NS','DP','RTL','Licensed source',0,6,81),(1884,'2017','NS','DP','RTL','Unlicensed source',42,6,81),(1885,'2017','NS','DMP','CULT','Licensed source',0,6,81),(1886,'2017','NS','DMP','CULT','Unlicensed source',89,6,81),(1887,'2017','NS','DMP','RTL','Licensed source',0,6,81),(1888,'2017','NS','DMP','RTL','Unlicensed source',42,6,81),(1889,'2017','NS','DOP','CULT','Licensed source',0,6,81),(1890,'2017','NS','DOP','CULT','Unlicensed source',3,6,81),(1891,'2017','NS','DOP','RTL','Licensed source',0,6,81),(1892,'2017','NS','DOP','RTL','Unlicensed source',0,6,81),(1893,'2017','NS','INTCN','CULT','Licensed source',0,6,81),(1894,'2017','NS','INTCN','CULT','Unlicensed source',36,6,81),(1895,'2017','NS','INTCN','RTL','Licensed source',0,6,81),(1896,'2017','NS','INTCN','RTL','Unlicensed source',8,6,81),(1897,'2017','NS','GV','CULT','Licensed source',0,6,81),(1898,'2017','NS','GV','CULT','Unlicensed source',56,6,81),(1899,'2017','NS','GV','RTL','Licensed source',0,6,81),(1900,'2017','NS','GV','RTL','Unlicensed source',34,6,81),(1901,'2017','NB','DP','CULT','Licensed source',0,6,81),(1902,'2017','NB','DP','CULT','Unlicensed source',75,6,81),(1903,'2017','NB','DP','RTL','Licensed source',0,6,81),(1904,'2017','NB','DP','RTL','Unlicensed source',22,6,81),(1905,'2017','NB','DMP','CULT','Licensed source',0,6,81),(1906,'2017','NB','DMP','CULT','Unlicensed source',73,6,81),(1907,'2017','NB','DMP','RTL','Licensed source',0,6,81),(1908,'2017','NB','DMP','RTL','Unlicensed source',22,6,81),(1909,'2017','NB','DOP','CULT','Licensed source',0,6,81),(1910,'2017','NB','DOP','CULT','Unlicensed source',2,6,81),(1911,'2017','NB','DOP','RTL','Licensed source',0,6,81),(1912,'2017','NB','DOP','RTL','Unlicensed source',0,6,81),(1913,'2017','NB','INTCN','CULT','Licensed source',0,6,81),(1914,'2017','NB','INTCN','CULT','Unlicensed source',25,6,81),(1915,'2017','NB','INTCN','RTL','Licensed source',0,6,81),(1916,'2017','NB','INTCN','RTL','Unlicensed source',4,6,81),(1917,'2017','NB','GV','CULT','Licensed source',0,6,81),(1918,'2017','NB','GV','CULT','Unlicensed source',50,6,81),(1919,'2017','NB','GV','RTL','Licensed source',0,6,81),(1920,'2017','NB','GV','RTL','Unlicensed source',18,6,81),(1921,'2017','QC','DP','CULT','Licensed source',39,6,81),(1922,'2017','QC','DP','CULT','Unlicensed source',1510,6,81),(1923,'2017','QC','DP','RTL','Licensed source',0,6,81),(1924,'2017','QC','DP','RTL','Unlicensed source',311,6,81),(1925,'2017','QC','DMP','CULT','Licensed source',37,6,81),(1926,'2017','QC','DMP','CULT','Unlicensed source',1489,6,81),(1927,'2017','QC','DMP','RTL','Licensed source',0,6,81),(1928,'2017','QC','DMP','RTL','Unlicensed source',311,6,81),(1929,'2017','QC','DOP','CULT','Licensed source',2,6,81),(1930,'2017','QC','DOP','CULT','Unlicensed source',21,6,81),(1931,'2017','QC','DOP','RTL','Licensed source',0,6,81),(1932,'2017','QC','DOP','RTL','Unlicensed source',0,6,81),(1933,'2017','QC','INTCN','CULT','Licensed source',32,6,81),(1934,'2017','QC','INTCN','CULT','Unlicensed source',530,6,81),(1935,'2017','QC','INTCN','RTL','Licensed source',0,6,81),(1936,'2017','QC','INTCN','RTL','Unlicensed source',62,6,81),(1937,'2017','QC','GV','CULT','Licensed source',8,6,81),(1938,'2017','QC','GV','CULT','Unlicensed source',980,6,81),(1939,'2017','QC','GV','RTL','Licensed source',0,6,81),(1940,'2017','QC','GV','RTL','Unlicensed source',249,6,81),(1941,'2017','ON','DP','CULT','Licensed source',353,6,81),(1942,'2017','ON','DP','CULT','Unlicensed source',689,6,81),(1943,'2017','ON','DP','RTL','Licensed source',0,6,81),(1944,'2017','ON','DP','RTL','Unlicensed source',499,6,81),(1945,'2017','ON','DMP','CULT','Licensed source',334,6,81),(1946,'2017','ON','DMP','CULT','Unlicensed source',669,6,81),(1947,'2017','ON','DMP','RTL','Licensed source',0,6,81),(1948,'2017','ON','DMP','RTL','Unlicensed source',499,6,81),(1949,'2017','ON','DOP','CULT','Licensed source',19,6,81),(1950,'2017','ON','DOP','CULT','Unlicensed source',21,6,81),(1951,'2017','ON','DOP','RTL','Licensed source',0,6,81),(1952,'2017','ON','DOP','RTL','Unlicensed source',0,6,81),(1953,'2017','ON','INTCN','CULT','Licensed source',282,6,81),(1954,'2017','ON','INTCN','CULT','Unlicensed source',233,6,81),(1955,'2017','ON','INTCN','RTL','Licensed source',0,6,81),(1956,'2017','ON','INTCN','RTL','Unlicensed source',100,6,81),(1957,'2017','ON','GV','CULT','Licensed source',71,6,81),(1958,'2017','ON','GV','CULT','Unlicensed source',456,6,81),(1959,'2017','ON','GV','RTL','Licensed source',0,6,81),(1960,'2017','ON','GV','RTL','Unlicensed source',399,6,81),(1961,'2017','PR','DP','CULT','Licensed source',39,6,81),(1962,'2017','PR','DP','CULT','Unlicensed source',180,6,81),(1963,'2017','PR','DP','RTL','Licensed source',0,6,81),(1964,'2017','PR','DP','RTL','Unlicensed source',213,6,81),(1965,'2017','PR','DMP','CULT','Licensed source',35,6,81),(1966,'2017','PR','DMP','CULT','Unlicensed source',175,6,81),(1967,'2017','PR','DMP','RTL','Licensed source',0,6,81),(1968,'2017','PR','DMP','RTL','Unlicensed source',213,6,81),(1969,'2017','PR','DOP','CULT','Licensed source',4,6,81),(1970,'2017','PR','DOP','CULT','Unlicensed source',5,6,81),(1971,'2017','PR','DOP','RTL','Licensed source',0,6,81),(1972,'2017','PR','DOP','RTL','Unlicensed source',0,6,81),(1973,'2017','PR','INTCN','CULT','Licensed source',31,6,81),(1974,'2017','PR','INTCN','CULT','Unlicensed source',67,6,81),(1975,'2017','PR','INTCN','RTL','Licensed source',0,6,81),(1976,'2017','PR','INTCN','RTL','Unlicensed source',43,6,81),(1977,'2017','PR','GV','CULT','Licensed source',8,6,81),(1978,'2017','PR','GV','CULT','Unlicensed source',113,6,81),(1979,'2017','PR','GV','RTL','Licensed source',0,6,81),(1980,'2017','PR','GV','RTL','Unlicensed source',170,6,81),(1981,'2017','MB','DP','CULT','Licensed source',1,6,81),(1982,'2017','MB','DP','CULT','Unlicensed source',39,6,81),(1983,'2017','MB','DP','RTL','Licensed source',0,6,81),(1984,'2017','MB','DP','RTL','Unlicensed source',41,6,81),(1985,'2017','MB','DMP','CULT','Licensed source',1,6,81),(1986,'2017','MB','DMP','CULT','Unlicensed source',38,6,81),(1987,'2017','MB','DMP','RTL','Licensed source',0,6,81),(1988,'2017','MB','DMP','RTL','Unlicensed source',41,6,81),(1989,'2017','MB','DOP','CULT','Licensed source',0,6,81),(1990,'2017','MB','DOP','CULT','Unlicensed source',1,6,81),(1991,'2017','MB','DOP','RTL','Licensed source',0,6,81),(1992,'2017','MB','DOP','RTL','Unlicensed source',0,6,81),(1993,'2017','MB','INTCN','CULT','Licensed source',1,6,81),(1994,'2017','MB','INTCN','CULT','Unlicensed source',14,6,81),(1995,'2017','MB','INTCN','RTL','Licensed source',0,6,81),(1996,'2017','MB','INTCN','RTL','Unlicensed source',8,6,81),(1997,'2017','MB','GV','CULT','Licensed source',0,6,81),(1998,'2017','MB','GV','CULT','Unlicensed source',26,6,81),(1999,'2017','MB','GV','RTL','Licensed source',0,6,81),(2000,'2017','MB','GV','RTL','Unlicensed source',33,6,81),(2001,'2017','SK','DP','CULT','Licensed source',0,6,81),(2002,'2017','SK','DP','CULT','Unlicensed source',28,6,81),(2003,'2017','SK','DP','RTL','Licensed source',0,6,81),(2004,'2017','SK','DP','RTL','Unlicensed source',31,6,81),(2005,'2017','SK','DMP','CULT','Licensed source',0,6,81),(2006,'2017','SK','DMP','CULT','Unlicensed source',28,6,81),(2007,'2017','SK','DMP','RTL','Licensed source',0,6,81),(2008,'2017','SK','DMP','RTL','Unlicensed source',31,6,81),(2009,'2017','SK','DOP','CULT','Licensed source',0,6,81),(2010,'2017','SK','DOP','CULT','Unlicensed source',1,6,81),(2011,'2017','SK','DOP','RTL','Licensed source',0,6,81),(2012,'2017','SK','DOP','RTL','Unlicensed source',0,6,81),(2013,'2017','SK','INTCN','CULT','Licensed source',0,6,81),(2014,'2017','SK','INTCN','CULT','Unlicensed source',12,6,81),(2015,'2017','SK','INTCN','RTL','Licensed source',0,6,81),(2016,'2017','SK','INTCN','RTL','Unlicensed source',6,6,81),(2017,'2017','SK','GV','CULT','Licensed source',0,6,81),(2018,'2017','SK','GV','CULT','Unlicensed source',17,6,81),(2019,'2017','SK','GV','RTL','Licensed source',0,6,81),(2020,'2017','SK','GV','RTL','Unlicensed source',25,6,81),(2021,'2017','AL','DP','CULT','Licensed source',38,6,81),(2022,'2017','AL','DP','CULT','Unlicensed source',112,6,81),(2023,'2017','AL','DP','RTL','Licensed source',0,6,81),(2024,'2017','AL','DP','RTL','Unlicensed source',140,6,81),(2025,'2017','AL','DMP','CULT','Licensed source',34,6,81),(2026,'2017','AL','DMP','CULT','Unlicensed source',109,6,81),(2027,'2017','AL','DMP','RTL','Licensed source',0,6,81),(2028,'2017','AL','DMP','RTL','Unlicensed source',140,6,81),(2029,'2017','AL','DOP','CULT','Licensed source',4,6,81),(2030,'2017','AL','DOP','CULT','Unlicensed source',3,6,81),(2031,'2017','AL','DOP','RTL','Licensed source',0,6,81),(2032,'2017','AL','DOP','RTL','Unlicensed source',0,6,81),(2033,'2017','AL','INTCN','CULT','Licensed source',30,6,81),(2034,'2017','AL','INTCN','CULT','Unlicensed source',42,6,81),(2035,'2017','AL','INTCN','RTL','Licensed source',0,6,81),(2036,'2017','AL','INTCN','RTL','Unlicensed source',28,6,81),(2037,'2017','AL','GV','CULT','Licensed source',8,6,81),(2038,'2017','AL','GV','CULT','Unlicensed source',71,6,81),(2039,'2017','AL','GV','RTL','Licensed source',0,6,81),(2040,'2017','AL','GV','RTL','Unlicensed source',112,6,81),(2041,'2017','BC','DP','CULT','Licensed source',70,6,81),(2042,'2017','BC','DP','CULT','Unlicensed source',1628,6,81),(2043,'2017','BC','DP','RTL','Licensed source',0,6,81),(2044,'2017','BC','DP','RTL','Unlicensed source',397,6,81),(2045,'2017','BC','DMP','CULT','Licensed source',64,6,81),(2046,'2017','BC','DMP','CULT','Unlicensed source',1610,6,81),(2047,'2017','BC','DMP','RTL','Licensed source',0,6,81),(2048,'2017','BC','DMP','RTL','Unlicensed source',397,6,81),(2049,'2017','BC','DOP','CULT','Licensed source',6,6,81),(2050,'2017','BC','DOP','CULT','Unlicensed source',17,6,81),(2051,'2017','BC','DOP','RTL','Licensed source',0,6,81),(2052,'2017','BC','DOP','RTL','Unlicensed source',0,6,81),(2053,'2017','BC','INTCN','CULT','Licensed source',56,6,81),(2054,'2017','BC','INTCN','CULT','Unlicensed source',530,6,81),(2055,'2017','BC','INTCN','RTL','Licensed source',0,6,81),(2056,'2017','BC','INTCN','RTL','Unlicensed source',79,6,81),(2057,'2017','BC','GV','CULT','Licensed source',14,6,81),(2058,'2017','BC','GV','CULT','Unlicensed source',1098,6,81),(2059,'2017','BC','GV','RTL','Licensed source',0,6,81),(2060,'2017','BC','GV','RTL','Unlicensed source',318,6,81),(2061,'2017','T','DP','CULT','Licensed source',0,6,81),(2062,'2017','T','DP','CULT','Unlicensed source',0,6,81),(2063,'2017','T','DP','RTL','Licensed source',0,6,81),(2064,'2017','T','DP','RTL','Unlicensed source',3,6,81),(2065,'2017','T','DMP','CULT','Licensed source',0,6,81),(2066,'2017','T','DMP','CULT','Unlicensed source',0,6,81),(2067,'2017','T','DMP','RTL','Licensed source',0,6,81),(2068,'2017','T','DMP','RTL','Unlicensed source',3,6,81),(2069,'2017','T','DOP','CULT','Licensed source',0,6,81),(2070,'2017','T','DOP','CULT','Unlicensed source',0,6,81),(2071,'2017','T','DOP','RTL','Licensed source',0,6,81),(2072,'2017','T','DOP','RTL','Unlicensed source',0,6,81),(2073,'2017','T','INTCN','CULT','Licensed source',0,6,81),(2074,'2017','T','INTCN','CULT','Unlicensed source',0,6,81),(2075,'2017','T','INTCN','RTL','Licensed source',0,6,81),(2076,'2017','T','INTCN','RTL','Unlicensed source',1,6,81),(2077,'2017','T','GV','CULT','Licensed source',0,6,81),(2078,'2017','T','GV','CULT','Unlicensed source',0,6,81),(2079,'2017','T','GV','RTL','Licensed source',0,6,81),(2080,'2017','T','GV','RTL','Unlicensed source',3,6,81),(2081,'2017','YT','DP','CULT','Licensed source',0,6,81),(2082,'2017','YT','DP','CULT','Unlicensed source',0,6,81),(2083,'2017','YT','DP','RTL','Licensed source',0,6,81),(2084,'2017','YT','DP','RTL','Unlicensed source',1,6,81),(2085,'2017','YT','DMP','CULT','Licensed source',0,6,81),(2086,'2017','YT','DMP','CULT','Unlicensed source',0,6,81),(2087,'2017','YT','DMP','RTL','Licensed source',0,6,81),(2088,'2017','YT','DMP','RTL','Unlicensed source',1,6,81),(2089,'2017','YT','DOP','CULT','Licensed source',0,6,81),(2090,'2017','YT','DOP','CULT','Unlicensed source',0,6,81),(2091,'2017','YT','DOP','RTL','Licensed source',0,6,81),(2092,'2017','YT','DOP','RTL','Unlicensed source',0,6,81),(2093,'2017','YT','INTCN','CULT','Licensed source',0,6,81),(2094,'2017','YT','INTCN','CULT','Unlicensed source',0,6,81),(2095,'2017','YT','INTCN','RTL','Licensed source',0,6,81),(2096,'2017','YT','INTCN','RTL','Unlicensed source',0,6,81),(2097,'2017','YT','GV','CULT','Licensed source',0,6,81),(2098,'2017','YT','GV','CULT','Unlicensed source',0,6,81),(2099,'2017','YT','GV','RTL','Licensed source',0,6,81),(2100,'2017','YT','GV','RTL','Unlicensed source',1,6,81),(2101,'2017','NTN','DP','CULT','Licensed source',NULL,6,81),(2102,'2017','NTN','DP','CULT','Unlicensed source',NULL,6,81),(2103,'2017','NTN','DP','RTL','Licensed source',NULL,6,81),(2104,'2017','NTN','DP','RTL','Unlicensed source',NULL,6,81),(2105,'2017','NTN','DMP','CULT','Licensed source',NULL,6,81),(2106,'2017','NTN','DMP','CULT','Unlicensed source',NULL,6,81),(2107,'2017','NTN','DMP','RTL','Licensed source',NULL,6,81),(2108,'2017','NTN','DMP','RTL','Unlicensed source',NULL,6,81),(2109,'2017','NTN','DOP','CULT','Licensed source',NULL,6,81),(2110,'2017','NTN','DOP','CULT','Unlicensed source',NULL,6,81),(2111,'2017','NTN','DOP','RTL','Licensed source',NULL,6,81),(2112,'2017','NTN','DOP','RTL','Unlicensed source',NULL,6,81),(2113,'2017','NTN','INTCN','CULT','Licensed source',NULL,6,81),(2114,'2017','NTN','INTCN','CULT','Unlicensed source',NULL,6,81),(2115,'2017','NTN','INTCN','RTL','Licensed source',NULL,6,81),(2116,'2017','NTN','INTCN','RTL','Unlicensed source',NULL,6,81),(2117,'2017','NTN','GV','CULT','Licensed source',NULL,6,81),(2118,'2017','NTN','GV','CULT','Unlicensed source',NULL,6,81),(2119,'2017','NTN','GV','RTL','Licensed source',NULL,6,81),(2120,'2017','NTN','GV','RTL','Unlicensed source',NULL,6,81),(2121,'2017','NT','DP','CULT','Licensed source',0,6,81),(2122,'2017','NT','DP','CULT','Unlicensed source',0,6,81),(2123,'2017','NT','DP','RTL','Licensed source',0,6,81),(2124,'2017','NT','DP','RTL','Unlicensed source',1,6,81),(2125,'2017','NT','DMP','CULT','Licensed source',0,6,81),(2126,'2017','NT','DMP','CULT','Unlicensed source',0,6,81),(2127,'2017','NT','DMP','RTL','Licensed source',0,6,81),(2128,'2017','NT','DMP','RTL','Unlicensed source',1,6,81),(2129,'2017','NT','DOP','CULT','Licensed source',0,6,81),(2130,'2017','NT','DOP','CULT','Unlicensed source',0,6,81),(2131,'2017','NT','DOP','RTL','Licensed source',0,6,81),(2132,'2017','NT','DOP','RTL','Unlicensed source',0,6,81),(2133,'2017','NT','INTCN','CULT','Licensed source',0,6,81),(2134,'2017','NT','INTCN','CULT','Unlicensed source',0,6,81),(2135,'2017','NT','INTCN','RTL','Licensed source',0,6,81),(2136,'2017','NT','INTCN','RTL','Unlicensed source',0,6,81),(2137,'2017','NT','GV','CULT','Licensed source',0,6,81),(2138,'2017','NT','GV','CULT','Unlicensed source',0,6,81),(2139,'2017','NT','GV','RTL','Licensed source',0,6,81),(2140,'2017','NT','GV','RTL','Unlicensed source',1,6,81),(2141,'2017','NU','DP','CULT','Licensed source',0,6,81),(2142,'2017','NU','DP','CULT','Unlicensed source',0,6,81),(2143,'2017','NU','DP','RTL','Licensed source',0,6,81),(2144,'2017','NU','DP','RTL','Unlicensed source',1,6,81),(2145,'2017','NU','DMP','CULT','Licensed source',0,6,81),(2146,'2017','NU','DMP','CULT','Unlicensed source',0,6,81),(2147,'2017','NU','DMP','RTL','Licensed source',0,6,81),(2148,'2017','NU','DMP','RTL','Unlicensed source',1,6,81),(2149,'2017','NU','DOP','CULT','Licensed source',0,6,81),(2150,'2017','NU','DOP','CULT','Unlicensed source',0,6,81),(2151,'2017','NU','DOP','RTL','Licensed source',0,6,81),(2152,'2017','NU','DOP','RTL','Unlicensed source',0,6,81),(2153,'2017','NU','INTCN','CULT','Licensed source',0,6,81),(2154,'2017','NU','INTCN','CULT','Unlicensed source',0,6,81),(2155,'2017','NU','INTCN','RTL','Licensed source',0,6,81),(2156,'2017','NU','INTCN','RTL','Unlicensed source',0,6,81),(2157,'2017','NU','GV','CULT','Licensed source',0,6,81),(2158,'2017','NU','GV','CULT','Unlicensed source',0,6,81),(2159,'2017','NU','GV','RTL','Licensed source',0,6,81),(2160,'2017','NU','GV','RTL','Unlicensed source',1,6,81),(2161,'2018','CN','DP','CULT','Licensed source',1601,6,81),(2162,'2018','CN','DP','CULT','Unlicensed source',4286,6,81),(2163,'2018','CN','DP','RTL','Licensed source',17,6,81),(2164,'2018','CN','DP','RTL','Unlicensed source',1487,6,81),(2165,'2018','CN','DMP','CULT','Licensed source',1577,6,81),(2166,'2018','CN','DMP','CULT','Unlicensed source',4215,6,81),(2167,'2018','CN','DMP','RTL','Licensed source',17,6,81),(2168,'2018','CN','DMP','RTL','Unlicensed source',1487,6,81),(2169,'2018','CN','DOP','CULT','Licensed source',24,6,81),(2170,'2018','CN','DOP','CULT','Unlicensed source',71,6,81),(2171,'2018','CN','DOP','RTL','Licensed source',0,6,81),(2172,'2018','CN','DOP','RTL','Unlicensed source',0,6,81),(2173,'2018','CN','INTCN','CULT','Licensed source',960,6,81),(2174,'2018','CN','INTCN','CULT','Unlicensed source',1459,6,81),(2175,'2018','CN','INTCN','RTL','Licensed source',12,6,81),(2176,'2018','CN','INTCN','RTL','Unlicensed source',260,6,81),(2177,'2018','CN','GV','CULT','Licensed source',640,6,81),(2178,'2018','CN','GV','CULT','Unlicensed source',2827,6,81),(2179,'2018','CN','GV','RTL','Licensed source',5,6,81),(2180,'2018','CN','GV','RTL','Unlicensed source',1228,6,81),(2181,'2018','AT','DP','CULT','Licensed source',102,6,81),(2182,'2018','AT','DP','CULT','Unlicensed source',181,6,81),(2183,'2018','AT','DP','RTL','Licensed source',1,6,81),(2184,'2018','AT','DP','RTL','Unlicensed source',82,6,81),(2185,'2018','AT','DMP','CULT','Licensed source',101,6,81),(2186,'2018','AT','DMP','CULT','Unlicensed source',176,6,81),(2187,'2018','AT','DMP','RTL','Licensed source',1,6,81),(2188,'2018','AT','DMP','RTL','Unlicensed source',82,6,81),(2189,'2018','AT','DOP','CULT','Licensed source',2,6,81),(2190,'2018','AT','DOP','CULT','Unlicensed source',5,6,81),(2191,'2018','AT','DOP','RTL','Licensed source',0,6,81),(2192,'2018','AT','DOP','RTL','Unlicensed source',0,6,81),(2193,'2018','AT','INTCN','CULT','Licensed source',61,6,81),(2194,'2018','AT','INTCN','CULT','Unlicensed source',66,6,81),(2195,'2018','AT','INTCN','RTL','Licensed source',1,6,81),(2196,'2018','AT','INTCN','RTL','Unlicensed source',16,6,81),(2197,'2018','AT','GV','CULT','Licensed source',41,6,81),(2198,'2018','AT','GV','CULT','Unlicensed source',115,6,81),(2199,'2018','AT','GV','RTL','Licensed source',1,6,81),(2200,'2018','AT','GV','RTL','Unlicensed source',66,6,81),(2201,'2018','NL','DP','CULT','Licensed source',0,6,81),(2202,'2018','NL','DP','CULT','Unlicensed source',9,6,81),(2203,'2018','NL','DP','RTL','Licensed source',1,6,81),(2204,'2018','NL','DP','RTL','Unlicensed source',16,6,81),(2205,'2018','NL','DMP','CULT','Licensed source',0,6,81),(2206,'2018','NL','DMP','CULT','Unlicensed source',9,6,81),(2207,'2018','NL','DMP','RTL','Licensed source',1,6,81),(2208,'2018','NL','DMP','RTL','Unlicensed source',16,6,81),(2209,'2018','NL','DOP','CULT','Licensed source',0,6,81),(2210,'2018','NL','DOP','CULT','Unlicensed source',0,6,81),(2211,'2018','NL','DOP','RTL','Licensed source',0,6,81),(2212,'2018','NL','DOP','RTL','Unlicensed source',0,6,81),(2213,'2018','NL','INTCN','CULT','Licensed source',0,6,81),(2214,'2018','NL','INTCN','CULT','Unlicensed source',4,6,81),(2215,'2018','NL','INTCN','RTL','Licensed source',0,6,81),(2216,'2018','NL','INTCN','RTL','Unlicensed source',3,6,81),(2217,'2018','NL','GV','CULT','Licensed source',0,6,81),(2218,'2018','NL','GV','CULT','Unlicensed source',5,6,81),(2219,'2018','NL','GV','RTL','Licensed source',0,6,81),(2220,'2018','NL','GV','RTL','Unlicensed source',13,6,81),(2221,'2018','PE','DP','CULT','Licensed source',24,6,81),(2222,'2018','PE','DP','CULT','Unlicensed source',12,6,81),(2223,'2018','PE','DP','RTL','Licensed source',0,6,81),(2224,'2018','PE','DP','RTL','Unlicensed source',4,6,81),(2225,'2018','PE','DMP','CULT','Licensed source',24,6,81),(2226,'2018','PE','DMP','CULT','Unlicensed source',12,6,81),(2227,'2018','PE','DMP','RTL','Licensed source',0,6,81),(2228,'2018','PE','DMP','RTL','Unlicensed source',4,6,81),(2229,'2018','PE','DOP','CULT','Licensed source',0,6,81),(2230,'2018','PE','DOP','CULT','Unlicensed source',0,6,81),(2231,'2018','PE','DOP','RTL','Licensed source',0,6,81),(2232,'2018','PE','DOP','RTL','Unlicensed source',0,6,81),(2233,'2018','PE','INTCN','CULT','Licensed source',14,6,81),(2234,'2018','PE','INTCN','CULT','Unlicensed source',4,6,81),(2235,'2018','PE','INTCN','RTL','Licensed source',0,6,81),(2236,'2018','PE','INTCN','RTL','Unlicensed source',1,6,81),(2237,'2018','PE','GV','CULT','Licensed source',10,6,81),(2238,'2018','PE','GV','CULT','Unlicensed source',8,6,81),(2239,'2018','PE','GV','RTL','Licensed source',0,6,81),(2240,'2018','PE','GV','RTL','Unlicensed source',4,6,81),(2241,'2018','NS','DP','CULT','Licensed source',49,6,81),(2242,'2018','NS','DP','CULT','Unlicensed source',89,6,81),(2243,'2018','NS','DP','RTL','Licensed source',0,6,81),(2244,'2018','NS','DP','RTL','Unlicensed source',41,6,81),(2245,'2018','NS','DMP','CULT','Licensed source',49,6,81),(2246,'2018','NS','DMP','CULT','Unlicensed source',87,6,81),(2247,'2018','NS','DMP','RTL','Licensed source',0,6,81),(2248,'2018','NS','DMP','RTL','Unlicensed source',41,6,81),(2249,'2018','NS','DOP','CULT','Licensed source',1,6,81),(2250,'2018','NS','DOP','CULT','Unlicensed source',3,6,81),(2251,'2018','NS','DOP','RTL','Licensed source',0,6,81),(2252,'2018','NS','DOP','RTL','Unlicensed source',0,6,81),(2253,'2018','NS','INTCN','CULT','Licensed source',30,6,81),(2254,'2018','NS','INTCN','CULT','Unlicensed source',35,6,81),(2255,'2018','NS','INTCN','RTL','Licensed source',0,6,81),(2256,'2018','NS','INTCN','RTL','Unlicensed source',8,6,81),(2257,'2018','NS','GV','CULT','Licensed source',20,6,81),(2258,'2018','NS','GV','CULT','Unlicensed source',54,6,81),(2259,'2018','NS','GV','RTL','Licensed source',0,6,81),(2260,'2018','NS','GV','RTL','Unlicensed source',33,6,81),(2261,'2018','NB','DP','CULT','Licensed source',29,6,81),(2262,'2018','NB','DP','CULT','Unlicensed source',71,6,81),(2263,'2018','NB','DP','RTL','Licensed source',0,6,81),(2264,'2018','NB','DP','RTL','Unlicensed source',21,6,81),(2265,'2018','NB','DMP','CULT','Licensed source',28,6,81),(2266,'2018','NB','DMP','CULT','Unlicensed source',70,6,81),(2267,'2018','NB','DMP','RTL','Licensed source',0,6,81),(2268,'2018','NB','DMP','RTL','Unlicensed source',21,6,81),(2269,'2018','NB','DOP','CULT','Licensed source',0,6,81),(2270,'2018','NB','DOP','CULT','Unlicensed source',2,6,81),(2271,'2018','NB','DOP','RTL','Licensed source',0,6,81),(2272,'2018','NB','DOP','RTL','Unlicensed source',0,6,81),(2273,'2018','NB','INTCN','CULT','Licensed source',17,6,81),(2274,'2018','NB','INTCN','CULT','Unlicensed source',24,6,81),(2275,'2018','NB','INTCN','RTL','Licensed source',0,6,81),(2276,'2018','NB','INTCN','RTL','Unlicensed source',4,6,81),(2277,'2018','NB','GV','CULT','Licensed source',11,6,81),(2278,'2018','NB','GV','CULT','Unlicensed source',47,6,81),(2279,'2018','NB','GV','RTL','Licensed source',0,6,81),(2280,'2018','NB','GV','RTL','Unlicensed source',17,6,81),(2281,'2018','QC','DP','CULT','Licensed source',133,6,81),(2282,'2018','QC','DP','CULT','Unlicensed source',1553,6,81),(2283,'2018','QC','DP','RTL','Licensed source',1,6,81),(2284,'2018','QC','DP','RTL','Unlicensed source',305,6,81),(2285,'2018','QC','DMP','CULT','Licensed source',132,6,81),(2286,'2018','QC','DMP','CULT','Unlicensed source',1531,6,81),(2287,'2018','QC','DMP','RTL','Licensed source',1,6,81),(2288,'2018','QC','DMP','RTL','Unlicensed source',305,6,81),(2289,'2018','QC','DOP','CULT','Licensed source',2,6,81),(2290,'2018','QC','DOP','CULT','Unlicensed source',21,6,81),(2291,'2018','QC','DOP','RTL','Licensed source',0,6,81),(2292,'2018','QC','DOP','RTL','Unlicensed source',0,6,81),(2293,'2018','QC','INTCN','CULT','Licensed source',80,6,81),(2294,'2018','QC','INTCN','CULT','Unlicensed source',545,6,81),(2295,'2018','QC','INTCN','RTL','Licensed source',0,6,81),(2296,'2018','QC','INTCN','RTL','Unlicensed source',55,6,81),(2297,'2018','QC','GV','CULT','Licensed source',53,6,81),(2298,'2018','QC','GV','CULT','Unlicensed source',1008,6,81),(2299,'2018','QC','GV','RTL','Licensed source',0,6,81),(2300,'2018','QC','GV','RTL','Unlicensed source',250,6,81),(2301,'2018','ON','DP','CULT','Licensed source',801,6,81),(2302,'2018','ON','DP','CULT','Unlicensed source',709,6,81),(2303,'2018','ON','DP','RTL','Licensed source',12,6,81),(2304,'2018','ON','DP','RTL','Unlicensed source',493,6,81),(2305,'2018','ON','DMP','CULT','Licensed source',788,6,81),(2306,'2018','ON','DMP','CULT','Unlicensed source',687,6,81),(2307,'2018','ON','DMP','RTL','Licensed source',12,6,81),(2308,'2018','ON','DMP','RTL','Unlicensed source',493,6,81),(2309,'2018','ON','DOP','CULT','Licensed source',12,6,81),(2310,'2018','ON','DOP','CULT','Unlicensed source',21,6,81),(2311,'2018','ON','DOP','RTL','Licensed source',0,6,81),(2312,'2018','ON','DOP','RTL','Unlicensed source',0,6,81),(2313,'2018','ON','INTCN','CULT','Licensed source',480,6,81),(2314,'2018','ON','INTCN','CULT','Unlicensed source',239,6,81),(2315,'2018','ON','INTCN','RTL','Licensed source',8,6,81),(2316,'2018','ON','INTCN','RTL','Unlicensed source',89,6,81),(2317,'2018','ON','GV','CULT','Licensed source',320,6,81),(2318,'2018','ON','GV','CULT','Unlicensed source',469,6,81),(2319,'2018','ON','GV','RTL','Licensed source',4,6,81),(2320,'2018','ON','GV','RTL','Unlicensed source',404,6,81),(2321,'2018','PR','DP','CULT','Licensed source',181,6,81),(2322,'2018','PR','DP','CULT','Unlicensed source',174,6,81),(2323,'2018','PR','DP','RTL','Licensed source',2,6,81),(2324,'2018','PR','DP','RTL','Unlicensed source',208,6,81),(2325,'2018','PR','DMP','CULT','Licensed source',178,6,81),(2326,'2018','PR','DMP','CULT','Unlicensed source',169,6,81),(2327,'2018','PR','DMP','RTL','Licensed source',2,6,81),(2328,'2018','PR','DMP','RTL','Unlicensed source',208,6,81),(2329,'2018','PR','DOP','CULT','Licensed source',3,6,81),(2330,'2018','PR','DOP','CULT','Unlicensed source',5,6,81),(2331,'2018','PR','DOP','RTL','Licensed source',0,6,81),(2332,'2018','PR','DOP','RTL','Unlicensed source',0,6,81),(2333,'2018','PR','INTCN','CULT','Licensed source',109,6,81),(2334,'2018','PR','INTCN','CULT','Unlicensed source',65,6,81),(2335,'2018','PR','INTCN','RTL','Licensed source',1,6,81),(2336,'2018','PR','INTCN','RTL','Unlicensed source',39,6,81),(2337,'2018','PR','GV','CULT','Licensed source',73,6,81),(2338,'2018','PR','GV','CULT','Unlicensed source',109,6,81),(2339,'2018','PR','GV','RTL','Licensed source',1,6,81),(2340,'2018','PR','GV','RTL','Unlicensed source',169,6,81),(2341,'2018','MB','DP','CULT','Licensed source',21,6,81),(2342,'2018','MB','DP','CULT','Unlicensed source',38,6,81),(2343,'2018','MB','DP','RTL','Licensed source',0,6,81),(2344,'2018','MB','DP','RTL','Unlicensed source',41,6,81),(2345,'2018','MB','DMP','CULT','Licensed source',20,6,81),(2346,'2018','MB','DMP','CULT','Unlicensed source',37,6,81),(2347,'2018','MB','DMP','RTL','Licensed source',0,6,81),(2348,'2018','MB','DMP','RTL','Unlicensed source',41,6,81),(2349,'2018','MB','DOP','CULT','Licensed source',0,6,81),(2350,'2018','MB','DOP','CULT','Unlicensed source',1,6,81),(2351,'2018','MB','DOP','RTL','Licensed source',0,6,81),(2352,'2018','MB','DOP','RTL','Unlicensed source',0,6,81),(2353,'2018','MB','INTCN','CULT','Licensed source',12,6,81),(2354,'2018','MB','INTCN','CULT','Unlicensed source',13,6,81),(2355,'2018','MB','INTCN','RTL','Licensed source',0,6,81),(2356,'2018','MB','INTCN','RTL','Unlicensed source',8,6,81),(2357,'2018','MB','GV','CULT','Licensed source',8,6,81),(2358,'2018','MB','GV','CULT','Unlicensed source',24,6,81),(2359,'2018','MB','GV','RTL','Licensed source',0,6,81),(2360,'2018','MB','GV','RTL','Unlicensed source',32,6,81),(2361,'2018','SK','DP','CULT','Licensed source',42,6,81),(2362,'2018','SK','DP','CULT','Unlicensed source',28,6,81),(2363,'2018','SK','DP','RTL','Licensed source',0,6,81),(2364,'2018','SK','DP','RTL','Unlicensed source',30,6,81),(2365,'2018','SK','DMP','CULT','Licensed source',41,6,81),(2366,'2018','SK','DMP','CULT','Unlicensed source',27,6,81),(2367,'2018','SK','DMP','RTL','Licensed source',0,6,81),(2368,'2018','SK','DMP','RTL','Unlicensed source',30,6,81),(2369,'2018','SK','DOP','CULT','Licensed source',1,6,81),(2370,'2018','SK','DOP','CULT','Unlicensed source',1,6,81),(2371,'2018','SK','DOP','RTL','Licensed source',0,6,81),(2372,'2018','SK','DOP','RTL','Unlicensed source',0,6,81),(2373,'2018','SK','INTCN','CULT','Licensed source',25,6,81),(2374,'2018','SK','INTCN','CULT','Unlicensed source',11,6,81),(2375,'2018','SK','INTCN','RTL','Licensed source',0,6,81),(2376,'2018','SK','INTCN','RTL','Unlicensed source',6,6,81),(2377,'2018','SK','GV','CULT','Licensed source',17,6,81),(2378,'2018','SK','GV','CULT','Unlicensed source',16,6,81),(2379,'2018','SK','GV','RTL','Licensed source',0,6,81),(2380,'2018','SK','GV','RTL','Unlicensed source',24,6,81),(2381,'2018','AL','DP','CULT','Licensed source',119,6,81),(2382,'2018','AL','DP','CULT','Unlicensed source',109,6,81),(2383,'2018','AL','DP','RTL','Licensed source',1,6,81),(2384,'2018','AL','DP','RTL','Unlicensed source',137,6,81),(2385,'2018','AL','DMP','CULT','Licensed source',117,6,81),(2386,'2018','AL','DMP','CULT','Unlicensed source',106,6,81),(2387,'2018','AL','DMP','RTL','Licensed source',1,6,81),(2388,'2018','AL','DMP','RTL','Unlicensed source',137,6,81),(2389,'2018','AL','DOP','CULT','Licensed source',2,6,81),(2390,'2018','AL','DOP','CULT','Unlicensed source',3,6,81),(2391,'2018','AL','DOP','RTL','Licensed source',0,6,81),(2392,'2018','AL','DOP','RTL','Unlicensed source',0,6,81),(2393,'2018','AL','INTCN','CULT','Licensed source',72,6,81),(2394,'2018','AL','INTCN','CULT','Unlicensed source',40,6,81),(2395,'2018','AL','INTCN','RTL','Licensed source',1,6,81),(2396,'2018','AL','INTCN','RTL','Unlicensed source',25,6,81),(2397,'2018','AL','GV','CULT','Licensed source',48,6,81),(2398,'2018','AL','GV','CULT','Unlicensed source',69,6,81),(2399,'2018','AL','GV','RTL','Licensed source',0,6,81),(2400,'2018','AL','GV','RTL','Unlicensed source',112,6,81),(2401,'2018','BC','DP','CULT','Licensed source',383,6,81),(2402,'2018','BC','DP','CULT','Unlicensed source',1669,6,81),(2403,'2018','BC','DP','RTL','Licensed source',2,6,81),(2404,'2018','BC','DP','RTL','Unlicensed source',397,6,81),(2405,'2018','BC','DMP','CULT','Licensed source',378,6,81),(2406,'2018','BC','DMP','CULT','Unlicensed source',1651,6,81),(2407,'2018','BC','DMP','RTL','Licensed source',2,6,81),(2408,'2018','BC','DMP','RTL','Unlicensed source',397,6,81),(2409,'2018','BC','DOP','CULT','Licensed source',5,6,81),(2410,'2018','BC','DOP','CULT','Unlicensed source',18,6,81),(2411,'2018','BC','DOP','RTL','Licensed source',0,6,81),(2412,'2018','BC','DOP','RTL','Unlicensed source',0,6,81),(2413,'2018','BC','INTCN','CULT','Licensed source',230,6,81),(2414,'2018','BC','INTCN','CULT','Unlicensed source',544,6,81),(2415,'2018','BC','INTCN','RTL','Licensed source',1,6,81),(2416,'2018','BC','INTCN','RTL','Unlicensed source',60,6,81),(2417,'2018','BC','GV','CULT','Licensed source',153,6,81),(2418,'2018','BC','GV','CULT','Unlicensed source',1126,6,81),(2419,'2018','BC','GV','RTL','Licensed source',0,6,81),(2420,'2018','BC','GV','RTL','Unlicensed source',336,6,81),(2421,'2018','T','DP','CULT','Licensed source',0,6,81),(2422,'2018','T','DP','CULT','Unlicensed source',0,6,81),(2423,'2018','T','DP','RTL','Licensed source',0,6,81),(2424,'2018','T','DP','RTL','Unlicensed source',3,6,81),(2425,'2018','T','DMP','CULT','Licensed source',0,6,81),(2426,'2018','T','DMP','CULT','Unlicensed source',0,6,81),(2427,'2018','T','DMP','RTL','Licensed source',0,6,81),(2428,'2018','T','DMP','RTL','Unlicensed source',3,6,81),(2429,'2018','T','DOP','CULT','Licensed source',0,6,81),(2430,'2018','T','DOP','CULT','Unlicensed source',0,6,81),(2431,'2018','T','DOP','RTL','Licensed source',0,6,81),(2432,'2018','T','DOP','RTL','Unlicensed source',0,6,81),(2433,'2018','T','INTCN','CULT','Licensed source',0,6,81),(2434,'2018','T','INTCN','CULT','Unlicensed source',0,6,81),(2435,'2018','T','INTCN','RTL','Licensed source',0,6,81),(2436,'2018','T','INTCN','RTL','Unlicensed source',1,6,81),(2437,'2018','T','GV','CULT','Licensed source',0,6,81),(2438,'2018','T','GV','CULT','Unlicensed source',0,6,81),(2439,'2018','T','GV','RTL','Licensed source',0,6,81),(2440,'2018','T','GV','RTL','Unlicensed source',3,6,81),(2441,'2018','YT','DP','CULT','Licensed source',0,6,81),(2442,'2018','YT','DP','CULT','Unlicensed source',0,6,81),(2443,'2018','YT','DP','RTL','Licensed source',0,6,81),(2444,'2018','YT','DP','RTL','Unlicensed source',1,6,81),(2445,'2018','YT','DMP','CULT','Licensed source',0,6,81),(2446,'2018','YT','DMP','CULT','Unlicensed source',0,6,81),(2447,'2018','YT','DMP','RTL','Licensed source',0,6,81),(2448,'2018','YT','DMP','RTL','Unlicensed source',1,6,81),(2449,'2018','YT','DOP','CULT','Licensed source',0,6,81),(2450,'2018','YT','DOP','CULT','Unlicensed source',0,6,81),(2451,'2018','YT','DOP','RTL','Licensed source',0,6,81),(2452,'2018','YT','DOP','RTL','Unlicensed source',0,6,81),(2453,'2018','YT','INTCN','CULT','Licensed source',0,6,81),(2454,'2018','YT','INTCN','CULT','Unlicensed source',0,6,81),(2455,'2018','YT','INTCN','RTL','Licensed source',0,6,81),(2456,'2018','YT','INTCN','RTL','Unlicensed source',0,6,81),(2457,'2018','YT','GV','CULT','Licensed source',0,6,81),(2458,'2018','YT','GV','CULT','Unlicensed source',0,6,81),(2459,'2018','YT','GV','RTL','Licensed source',0,6,81),(2460,'2018','YT','GV','RTL','Unlicensed source',1,6,81),(2461,'2018','NTN','DP','CULT','Licensed source',NULL,6,81),(2462,'2018','NTN','DP','CULT','Unlicensed source',NULL,6,81),(2463,'2018','NTN','DP','RTL','Licensed source',NULL,6,81),(2464,'2018','NTN','DP','RTL','Unlicensed source',NULL,6,81),(2465,'2018','NTN','DMP','CULT','Licensed source',NULL,6,81),(2466,'2018','NTN','DMP','CULT','Unlicensed source',NULL,6,81),(2467,'2018','NTN','DMP','RTL','Licensed source',NULL,6,81),(2468,'2018','NTN','DMP','RTL','Unlicensed source',NULL,6,81),(2469,'2018','NTN','DOP','CULT','Licensed source',NULL,6,81),(2470,'2018','NTN','DOP','CULT','Unlicensed source',NULL,6,81),(2471,'2018','NTN','DOP','RTL','Licensed source',NULL,6,81),(2472,'2018','NTN','DOP','RTL','Unlicensed source',NULL,6,81),(2473,'2018','NTN','INTCN','CULT','Licensed source',NULL,6,81),(2474,'2018','NTN','INTCN','CULT','Unlicensed source',NULL,6,81),(2475,'2018','NTN','INTCN','RTL','Licensed source',NULL,6,81),(2476,'2018','NTN','INTCN','RTL','Unlicensed source',NULL,6,81),(2477,'2018','NTN','GV','CULT','Licensed source',NULL,6,81),(2478,'2018','NTN','GV','CULT','Unlicensed source',NULL,6,81),(2479,'2018','NTN','GV','RTL','Licensed source',NULL,6,81),(2480,'2018','NTN','GV','RTL','Unlicensed source',NULL,6,81),(2481,'2018','NT','DP','CULT','Licensed source',0,6,81),(2482,'2018','NT','DP','CULT','Unlicensed source',0,6,81),(2483,'2018','NT','DP','RTL','Licensed source',0,6,81),(2484,'2018','NT','DP','RTL','Unlicensed source',1,6,81),(2485,'2018','NT','DMP','CULT','Licensed source',0,6,81),(2486,'2018','NT','DMP','CULT','Unlicensed source',0,6,81),(2487,'2018','NT','DMP','RTL','Licensed source',0,6,81),(2488,'2018','NT','DMP','RTL','Unlicensed source',1,6,81),(2489,'2018','NT','DOP','CULT','Licensed source',0,6,81),(2490,'2018','NT','DOP','CULT','Unlicensed source',0,6,81),(2491,'2018','NT','DOP','RTL','Licensed source',0,6,81),(2492,'2018','NT','DOP','RTL','Unlicensed source',0,6,81),(2493,'2018','NT','INTCN','CULT','Licensed source',0,6,81),(2494,'2018','NT','INTCN','CULT','Unlicensed source',0,6,81),(2495,'2018','NT','INTCN','RTL','Licensed source',0,6,81),(2496,'2018','NT','INTCN','RTL','Unlicensed source',0,6,81),(2497,'2018','NT','GV','CULT','Licensed source',0,6,81),(2498,'2018','NT','GV','CULT','Unlicensed source',0,6,81),(2499,'2018','NT','GV','RTL','Licensed source',0,6,81),(2500,'2018','NT','GV','RTL','Unlicensed source',1,6,81),(2501,'2018','NU','DP','CULT','Licensed source',0,6,81),(2502,'2018','NU','DP','CULT','Unlicensed source',0,6,81),(2503,'2018','NU','DP','RTL','Licensed source',0,6,81),(2504,'2018','NU','DP','RTL','Unlicensed source',1,6,81),(2505,'2018','NU','DMP','CULT','Licensed source',0,6,81),(2506,'2018','NU','DMP','CULT','Unlicensed source',0,6,81),(2507,'2018','NU','DMP','RTL','Licensed source',0,6,81),(2508,'2018','NU','DMP','RTL','Unlicensed source',1,6,81),(2509,'2018','NU','DOP','CULT','Licensed source',0,6,81),(2510,'2018','NU','DOP','CULT','Unlicensed source',0,6,81),(2511,'2018','NU','DOP','RTL','Licensed source',0,6,81),(2512,'2018','NU','DOP','RTL','Unlicensed source',0,6,81),(2513,'2018','NU','INTCN','CULT','Licensed source',0,6,81),(2514,'2018','NU','INTCN','CULT','Unlicensed source',0,6,81),(2515,'2018','NU','INTCN','RTL','Licensed source',0,6,81),(2516,'2018','NU','INTCN','RTL','Unlicensed source',0,6,81),(2517,'2018','NU','GV','CULT','Licensed source',0,6,81),(2518,'2018','NU','GV','CULT','Unlicensed source',0,6,81),(2519,'2018','NU','GV','RTL','Licensed source',0,6,81),(2520,'2018','NU','GV','RTL','Unlicensed source',1,6,81);
/*!40000 ALTER TABLE `cannabis_production` ENABLE KEYS */;
UNLOCK TABLES;

--
-- Table structure for table `cannabissupplyuse`
--

DROP TABLE IF EXISTS `cannabis_supply_use`;
/*!40101 SET @saved_cs_client     = @@character_set_client */;
 SET character_set_client = utf8mb4 ;
CREATE TABLE `cannabis_supply_use` (
  `Supply_ID` int(11) NOT NULL AUTO_INCREMENT,
  `Year` varchar(45) DEFAULT NULL,
  `Location_ID` varchar(45) DEFAULT NULL,
  `Indicator_ID` varchar(11) DEFAULT NULL,
  `TypeOfUse` varchar(45) DEFAULT NULL,
  `Value` double DEFAULT NULL,
  `Scalar_ID` int(11) DEFAULT NULL,
  `UOM_ID` int(11) DEFAULT NULL,
  PRIMARY KEY (`Supply_ID`),
  KEY `Indicator_idx` (`Indicator_ID`),
  KEY `Location_idx` (`Location_ID`),
  KEY `Scalar_idx` (`Scalar_ID`),
  KEY `UOM_idx` (`UOM_ID`),
  CONSTRAINT `cannabis_sales_ibfk_1` FOREIGN KEY (`Location_ID`) REFERENCES `locations` (`Location_ID`),
  CONSTRAINT `cannabis_sales_ibfk_2` FOREIGN KEY (`Indicator_ID`) REFERENCES `indicators` (`Indicator_ID`),
  CONSTRAINT `cannabis_sales_ibfk_3` FOREIGN KEY (`Scalar_ID`) REFERENCES `scalars` (`Scalar_ID`),
  CONSTRAINT `cannabis_sales_ibfk_4` FOREIGN KEY (`UOM_ID`) REFERENCES `measures` (`Unit_of_measure_ID`)
) ENGINE=InnoDB AUTO_INCREMENT=1277 DEFAULT CHARSET=utf8mb4 COLLATE=utf8mb4_0900_ai_ci;
/*!40101 SET character_set_client = @saved_cs_client */;

--
-- Dumping data for table `cannabis_supply_use`
--

LOCK TABLES `cannabis_supply_use` WRITE;
/*!40000 ALTER TABLE `cannabis_supply_use` DISABLE KEYS */;
INSERT INTO `cannabis_supply_use` VALUES (1,'1961','CN','TS','Medical use',0,6,81),(2,'1961','CN','TS','Non-medical use',190,6,81),(3,'1961','CN','DP','Medical use',0,6,81),(4,'1961','CN','DP','Non-medical use',83,6,81),(5,'1961','CN','DMP','Medical use',0,6,81),(6,'1961','CN','DMP','Non-medical use',81,6,81),(7,'1961','CN','DOP','Medical use',0,6,81),(8,'1961','CN','DOP','Non-medical use',2,6,81),(9,'1961','CN','IPA','Medical use',0,6,81),(10,'1961','CN','IPA','Non-medical use',61,6,81),(11,'1961','CN','DM','Medical use',0,6,81),(12,'1961','CN','DM','Non-medical use',46,6,81),(13,'1961','CN','TU','Medical use',0,6,81),(14,'1961','CN','TU','Non-medical use',190,6,81),(15,'1961','CN','HCE','Medical use',0,6,81),(16,'1961','CN','HCE','Non-medical use',189,6,81),(17,'1961','CN','ISA','Medical use',0,6,81),(18,'1961','CN','ISA','Non-medical use',1,6,81),(19,'1961','CN','IN','Medical use',0,6,81),(20,'1961','CN','IN','Non-medical use',0,6,81),(21,'1961','CN','GDP','Medical use',0,6,81),(22,'1961','CN','GDP','Non-medical use',94,6,81),(23,'1962','CN','TS','Medical use',0,6,81),(24,'1962','CN','TS','Non-medical use',217,6,81),(25,'1962','CN','DP','Medical use',0,6,81),(26,'1962','CN','DP','Non-medical use',95,6,81),(27,'1962','CN','DMP','Medical use',0,6,81),(28,'1962','CN','DMP','Non-medical use',93,6,81),(29,'1962','CN','DOP','Medical use',0,6,81),(30,'1962','CN','DOP','Non-medical use',2,6,81),(31,'1962','CN','IPA','Medical use',0,6,81),(32,'1962','CN','IPA','Non-medical use',69,6,81),(33,'1962','CN','DM','Medical use',0,6,81),(34,'1962','CN','DM','Non-medical use',53,6,81),(35,'1962','CN','TU','Medical use',0,6,81),(36,'1962','CN','TU','Non-medical use',217,6,81),(37,'1962','CN','HCE','Medical use',0,6,81),(38,'1962','CN','HCE','Non-medical use',216,6,81),(39,'1962','CN','ISA','Medical use',0,6,81),(40,'1962','CN','ISA','Non-medical use',1,6,81),(41,'1962','CN','IN','Medical use',0,6,81),(42,'1962','CN','IN','Non-medical use',0,6,81),(43,'1962','CN','GDP','Medical use',0,6,81),(44,'1962','CN','GDP','Non-medical use',107,6,81),(45,'1963','CN','TS','Medical use',0,6,81),(46,'1963','CN','TS','Non-medical use',255,6,81),(47,'1963','CN','DP','Medical use',0,6,81),(48,'1963','CN','DP','Non-medical use',111,6,81),(49,'1963','CN','DMP','Medical use',0,6,81),(50,'1963','CN','DMP','Non-medical use',109,6,81),(51,'1963','CN','DOP','Medical use',0,6,81),(52,'1963','CN','DOP','Non-medical use',2,6,81),(53,'1963','CN','IPA','Medical use',0,6,81),(54,'1963','CN','IPA','Non-medical use',82,6,81),(55,'1963','CN','DM','Medical use',0,6,81),(56,'1963','CN','DM','Non-medical use',62,6,81),(57,'1963','CN','TU','Medical use',0,6,81),(58,'1963','CN','TU','Non-medical use',255,6,81),(59,'1963','CN','HCE','Medical use',0,6,81),(60,'1963','CN','HCE','Non-medical use',253,6,81),(61,'1963','CN','ISA','Medical use',0,6,81),(62,'1963','CN','ISA','Non-medical use',2,6,81),(63,'1963','CN','IN','Medical use',0,6,81),(64,'1963','CN','IN','Non-medical use',0,6,81),(65,'1963','CN','GDP','Medical use',0,6,81),(66,'1963','CN','GDP','Non-medical use',125,6,81),(67,'1964','CN','TS','Medical use',0,6,81),(68,'1964','CN','TS','Non-medical use',305,6,81),(69,'1964','CN','DP','Medical use',0,6,81),(70,'1964','CN','DP','Non-medical use',133,6,81),(71,'1964','CN','DMP','Medical use',0,6,81),(72,'1964','CN','DMP','Non-medical use',130,6,81),(73,'1964','CN','DOP','Medical use',0,6,81),(74,'1964','CN','DOP','Non-medical use',3,6,81),(75,'1964','CN','IPA','Medical use',0,6,81),(76,'1964','CN','IPA','Non-medical use',97,6,81),(77,'1964','CN','DM','Medical use',0,6,81),(78,'1964','CN','DM','Non-medical use',74,6,81),(79,'1964','CN','TU','Medical use',0,6,81),(80,'1964','CN','TU','Non-medical use',305,6,81),(81,'1964','CN','HCE','Medical use',0,6,81),(82,'1964','CN','HCE','Non-medical use',303,6,81),(83,'1964','CN','ISA','Medical use',0,6,81),(84,'1964','CN','ISA','Non-medical use',2,6,81),(85,'1964','CN','IN','Medical use',0,6,81),(86,'1964','CN','IN','Non-medical use',0,6,81),(87,'1964','CN','GDP','Medical use',0,6,81),(88,'1964','CN','GDP','Non-medical use',150,6,81),(89,'1965','CN','TS','Medical use',0,6,81),(90,'1965','CN','TS','Non-medical use',372,6,81),(91,'1965','CN','DP','Medical use',0,6,81),(92,'1965','CN','DP','Non-medical use',163,6,81),(93,'1965','CN','DMP','Medical use',0,6,81),(94,'1965','CN','DMP','Non-medical use',159,6,81),(95,'1965','CN','DOP','Medical use',0,6,81),(96,'1965','CN','DOP','Non-medical use',3,6,81),(97,'1965','CN','IPA','Medical use',0,6,81),(98,'1965','CN','IPA','Non-medical use',119,6,81),(99,'1965','CN','DM','Medical use',0,6,81),(100,'1965','CN','DM','Non-medical use',91,6,81),(101,'1965','CN','TU','Medical use',0,6,81),(102,'1965','CN','TU','Non-medical use',372,6,81),(103,'1965','CN','HCE','Medical use',0,6,81),(104,'1965','CN','HCE','Non-medical use',370,6,81),(105,'1965','CN','ISA','Medical use',0,6,81),(106,'1965','CN','ISA','Non-medical use',2,6,81),(107,'1965','CN','IN','Medical use',0,6,81),(108,'1965','CN','IN','Non-medical use',0,6,81),(109,'1965','CN','GDP','Medical use',0,6,81),(110,'1965','CN','GDP','Non-medical use',183,6,81),(111,'1966','CN','TS','Medical use',0,6,81),(112,'1966','CN','TS','Non-medical use',455,6,81),(113,'1966','CN','DP','Medical use',0,6,81),(114,'1966','CN','DP','Non-medical use',199,6,81),(115,'1966','CN','DMP','Medical use',0,6,81),(116,'1966','CN','DMP','Non-medical use',194,6,81),(117,'1966','CN','DOP','Medical use',0,6,81),(118,'1966','CN','DOP','Non-medical use',4,6,81),(119,'1966','CN','IPA','Medical use',0,6,81),(120,'1966','CN','IPA','Non-medical use',145,6,81),(121,'1966','CN','DM','Medical use',0,6,81),(122,'1966','CN','DM','Non-medical use',111,6,81),(123,'1966','CN','TU','Medical use',0,6,81),(124,'1966','CN','TU','Non-medical use',455,6,81),(125,'1966','CN','HCE','Medical use',0,6,81),(126,'1966','CN','HCE','Non-medical use',452,6,81),(127,'1966','CN','ISA','Medical use',0,6,81),(128,'1966','CN','ISA','Non-medical use',3,6,81),(129,'1966','CN','IN','Medical use',0,6,81),(130,'1966','CN','IN','Non-medical use',0,6,81),(131,'1966','CN','GDP','Medical use',0,6,81),(132,'1966','CN','GDP','Non-medical use',223,6,81),(133,'1967','CN','TS','Medical use',0,6,81),(134,'1967','CN','TS','Non-medical use',557,6,81),(135,'1967','CN','DP','Medical use',0,6,81),(136,'1967','CN','DP','Non-medical use',243,6,81),(137,'1967','CN','DMP','Medical use',0,6,81),(138,'1967','CN','DMP','Non-medical use',238,6,81),(139,'1967','CN','DOP','Medical use',0,6,81),(140,'1967','CN','DOP','Non-medical use',5,6,81),(141,'1967','CN','IPA','Medical use',0,6,81),(142,'1967','CN','IPA','Non-medical use',178,6,81),(143,'1967','CN','DM','Medical use',0,6,81),(144,'1967','CN','DM','Non-medical use',135,6,81),(145,'1967','CN','TU','Medical use',0,6,81),(146,'1967','CN','TU','Non-medical use',557,6,81),(147,'1967','CN','HCE','Medical use',0,6,81),(148,'1967','CN','HCE','Non-medical use',553,6,81),(149,'1967','CN','ISA','Medical use',0,6,81),(150,'1967','CN','ISA','Non-medical use',3,6,81),(151,'1967','CN','IN','Medical use',0,6,81),(152,'1967','CN','IN','Non-medical use',0,6,81),(153,'1967','CN','GDP','Medical use',0,6,81),(154,'1967','CN','GDP','Non-medical use',273,6,81),(155,'1968','CN','TS','Medical use',0,6,81),(156,'1968','CN','TS','Non-medical use',677,6,81),(157,'1968','CN','DP','Medical use',0,6,81),(158,'1968','CN','DP','Non-medical use',295,6,81),(159,'1968','CN','DMP','Medical use',0,6,81),(160,'1968','CN','DMP','Non-medical use',289,6,81),(161,'1968','CN','DOP','Medical use',0,6,81),(162,'1968','CN','DOP','Non-medical use',6,6,81),(163,'1968','CN','IPA','Medical use',0,6,81),(164,'1968','CN','IPA','Non-medical use',217,6,81),(165,'1968','CN','DM','Medical use',0,6,81),(166,'1968','CN','DM','Non-medical use',165,6,81),(167,'1968','CN','TU','Medical use',0,6,81),(168,'1968','CN','TU','Non-medical use',677,6,81),(169,'1968','CN','HCE','Medical use',0,6,81),(170,'1968','CN','HCE','Non-medical use',673,6,81),(171,'1968','CN','ISA','Medical use',0,6,81),(172,'1968','CN','ISA','Non-medical use',4,6,81),(173,'1968','CN','IN','Medical use',0,6,81),(174,'1968','CN','IN','Non-medical use',0,6,81),(175,'1968','CN','GDP','Medical use',0,6,81),(176,'1968','CN','GDP','Non-medical use',332,6,81),(177,'1969','CN','TS','Medical use',0,6,81),(178,'1969','CN','TS','Non-medical use',808,6,81),(179,'1969','CN','DP','Medical use',0,6,81),(180,'1969','CN','DP','Non-medical use',352,6,81),(181,'1969','CN','DMP','Medical use',0,6,81),(182,'1969','CN','DMP','Non-medical use',345,6,81),(183,'1969','CN','DOP','Medical use',0,6,81),(184,'1969','CN','DOP','Non-medical use',8,6,81),(185,'1969','CN','IPA','Medical use',0,6,81),(186,'1969','CN','IPA','Non-medical use',259,6,81),(187,'1969','CN','DM','Medical use',0,6,81),(188,'1969','CN','DM','Non-medical use',197,6,81),(189,'1969','CN','TU','Medical use',0,6,81),(190,'1969','CN','TU','Non-medical use',808,6,81),(191,'1969','CN','HCE','Medical use',0,6,81),(192,'1969','CN','HCE','Non-medical use',803,6,81),(193,'1969','CN','ISA','Medical use',0,6,81),(194,'1969','CN','ISA','Non-medical use',5,6,81),(195,'1969','CN','IN','Medical use',0,6,81),(196,'1969','CN','IN','Non-medical use',0,6,81),(197,'1969','CN','GDP','Medical use',0,6,81),(198,'1969','CN','GDP','Non-medical use',397,6,81),(199,'1970','CN','TS','Medical use',0,6,81),(200,'1970','CN','TS','Non-medical use',945,6,81),(201,'1970','CN','DP','Medical use',0,6,81),(202,'1970','CN','DP','Non-medical use',440,6,81),(203,'1970','CN','DMP','Medical use',0,6,81),(204,'1970','CN','DMP','Non-medical use',431,6,81),(205,'1970','CN','DOP','Medical use',0,6,81),(206,'1970','CN','DOP','Non-medical use',9,6,81),(207,'1970','CN','IPA','Medical use',0,6,81),(208,'1970','CN','IPA','Non-medical use',275,6,81),(209,'1970','CN','DM','Medical use',0,6,81),(210,'1970','CN','DM','Non-medical use',230,6,81),(211,'1970','CN','TU','Medical use',0,6,81),(212,'1970','CN','TU','Non-medical use',945,6,81),(213,'1970','CN','HCE','Medical use',0,6,81),(214,'1970','CN','HCE','Non-medical use',939,6,81),(215,'1970','CN','ISA','Medical use',0,6,81),(216,'1970','CN','ISA','Non-medical use',6,6,81),(217,'1970','CN','IN','Medical use',0,6,81),(218,'1970','CN','IN','Non-medical use',0,6,81),(219,'1970','CN','GDP','Medical use',0,6,81),(220,'1970','CN','GDP','Non-medical use',483,6,81),(221,'1971','CN','TS','Medical use',0,6,81),(222,'1971','CN','TS','Non-medical use',1082,6,81),(223,'1971','CN','DP','Medical use',0,6,81),(224,'1971','CN','DP','Non-medical use',504,6,81),(225,'1971','CN','DMP','Medical use',0,6,81),(226,'1971','CN','DMP','Non-medical use',493,6,81),(227,'1971','CN','DOP','Medical use',0,6,81),(228,'1971','CN','DOP','Non-medical use',11,6,81),(229,'1971','CN','IPA','Medical use',0,6,81),(230,'1971','CN','IPA','Non-medical use',315,6,81),(231,'1971','CN','DM','Medical use',0,6,81),(232,'1971','CN','DM','Non-medical use',263,6,81),(233,'1971','CN','TU','Medical use',0,6,81),(234,'1971','CN','TU','Non-medical use',1082,6,81),(235,'1971','CN','HCE','Medical use',0,6,81),(236,'1971','CN','HCE','Non-medical use',1075,6,81),(237,'1971','CN','ISA','Medical use',0,6,81),(238,'1971','CN','ISA','Non-medical use',7,6,81),(239,'1971','CN','IN','Medical use',0,6,81),(240,'1971','CN','IN','Non-medical use',0,6,81),(241,'1971','CN','GDP','Medical use',0,6,81),(242,'1971','CN','GDP','Non-medical use',553,6,81),(243,'1972','CN','TS','Medical use',0,6,81),(244,'1972','CN','TS','Non-medical use',1213,6,81),(245,'1972','CN','DP','Medical use',0,6,81),(246,'1972','CN','DP','Non-medical use',564,6,81),(247,'1972','CN','DMP','Medical use',0,6,81),(248,'1972','CN','DMP','Non-medical use',552,6,81),(249,'1972','CN','DOP','Medical use',0,6,81),(250,'1972','CN','DOP','Non-medical use',12,6,81),(251,'1972','CN','IPA','Medical use',0,6,81),(252,'1972','CN','IPA','Non-medical use',354,6,81),(253,'1972','CN','DM','Medical use',0,6,81),(254,'1972','CN','DM','Non-medical use',296,6,81),(255,'1972','CN','TU','Medical use',0,6,81),(256,'1972','CN','TU','Non-medical use',1213,6,81),(257,'1972','CN','HCE','Medical use',0,6,81),(258,'1972','CN','HCE','Non-medical use',1206,6,81),(259,'1972','CN','ISA','Medical use',0,6,81),(260,'1972','CN','ISA','Non-medical use',8,6,81),(261,'1972','CN','IN','Medical use',0,6,81),(262,'1972','CN','IN','Non-medical use',0,6,81),(263,'1972','CN','GDP','Medical use',0,6,81),(264,'1972','CN','GDP','Non-medical use',619,6,81),(265,'1973','CN','TS','Medical use',0,6,81),(266,'1973','CN','TS','Non-medical use',1334,6,81),(267,'1973','CN','DP','Medical use',0,6,81),(268,'1973','CN','DP','Non-medical use',620,6,81),(269,'1973','CN','DMP','Medical use',0,6,81),(270,'1973','CN','DMP','Non-medical use',607,6,81),(271,'1973','CN','DOP','Medical use',0,6,81),(272,'1973','CN','DOP','Non-medical use',13,6,81),(273,'1973','CN','IPA','Medical use',0,6,81),(274,'1973','CN','IPA','Non-medical use',389,6,81),(275,'1973','CN','DM','Medical use',0,6,81),(276,'1973','CN','DM','Non-medical use',325,6,81),(277,'1973','CN','TU','Medical use',0,6,81),(278,'1973','CN','TU','Non-medical use',1334,6,81),(279,'1973','CN','HCE','Medical use',0,6,81),(280,'1973','CN','HCE','Non-medical use',1326,6,81),(281,'1973','CN','ISA','Medical use',0,6,81),(282,'1973','CN','ISA','Non-medical use',8,6,81),(283,'1973','CN','IN','Medical use',0,6,81),(284,'1973','CN','IN','Non-medical use',0,6,81),(285,'1973','CN','GDP','Medical use',0,6,81),(286,'1973','CN','GDP','Non-medical use',681,6,81),(287,'1974','CN','TS','Medical use',0,6,81),(288,'1974','CN','TS','Non-medical use',1447,6,81),(289,'1974','CN','DP','Medical use',0,6,81),(290,'1974','CN','DP','Non-medical use',716,6,81),(291,'1974','CN','DMP','Medical use',0,6,81),(292,'1974','CN','DMP','Non-medical use',701,6,81),(293,'1974','CN','DOP','Medical use',0,6,81),(294,'1974','CN','DOP','Non-medical use',15,6,81),(295,'1974','CN','IPA','Medical use',0,6,81),(296,'1974','CN','IPA','Non-medical use',378,6,81),(297,'1974','CN','DM','Medical use',0,6,81),(298,'1974','CN','DM','Non-medical use',353,6,81),(299,'1974','CN','TU','Medical use',0,6,81),(300,'1974','CN','TU','Non-medical use',1447,6,81),(301,'1974','CN','HCE','Medical use',0,6,81),(302,'1974','CN','HCE','Non-medical use',1437,6,81),(303,'1974','CN','ISA','Medical use',0,6,81),(304,'1974','CN','ISA','Non-medical use',10,6,81),(305,'1974','CN','IN','Medical use',0,6,81),(306,'1974','CN','IN','Non-medical use',0,6,81),(307,'1974','CN','GDP','Medical use',0,6,81),(308,'1974','CN','GDP','Non-medical use',768,6,81),(309,'1975','CN','TS','Medical use',0,6,81),(310,'1975','CN','TS','Non-medical use',1550,6,81),(311,'1975','CN','DP','Medical use',0,6,81),(312,'1975','CN','DP','Non-medical use',768,6,81),(313,'1975','CN','DMP','Medical use',0,6,81),(314,'1975','CN','DMP','Non-medical use',752,6,81),(315,'1975','CN','DOP','Medical use',0,6,81),(316,'1975','CN','DOP','Non-medical use',16,6,81),(317,'1975','CN','IPA','Medical use',0,6,81),(318,'1975','CN','IPA','Non-medical use',403,6,81),(319,'1975','CN','DM','Medical use',0,6,81),(320,'1975','CN','DM','Non-medical use',379,6,81),(321,'1975','CN','TU','Medical use',0,6,81),(322,'1975','CN','TU','Non-medical use',1550,6,81),(323,'1975','CN','HCE','Medical use',0,6,81),(324,'1975','CN','HCE','Non-medical use',1539,6,81),(325,'1975','CN','ISA','Medical use',0,6,81),(326,'1975','CN','ISA','Non-medical use',10,6,81),(327,'1975','CN','IN','Medical use',0,6,81),(328,'1975','CN','IN','Non-medical use',0,6,81),(329,'1975','CN','GDP','Medical use',0,6,81),(330,'1975','CN','GDP','Non-medical use',824,6,81),(331,'1976','CN','TS','Medical use',0,6,81),(332,'1976','CN','TS','Non-medical use',1658,6,81),(333,'1976','CN','DP','Medical use',0,6,81),(334,'1976','CN','DP','Non-medical use',825,6,81),(335,'1976','CN','DMP','Medical use',0,6,81),(336,'1976','CN','DMP','Non-medical use',808,6,81),(337,'1976','CN','DOP','Medical use',0,6,81),(338,'1976','CN','DOP','Non-medical use',17,6,81),(339,'1976','CN','IPA','Medical use',0,6,81),(340,'1976','CN','IPA','Non-medical use',428,6,81),(341,'1976','CN','DM','Medical use',0,6,81),(342,'1976','CN','DM','Non-medical use',406,6,81),(343,'1976','CN','TU','Medical use',0,6,81),(344,'1976','CN','TU','Non-medical use',1658,6,81),(345,'1976','CN','HCE','Medical use',0,6,81),(346,'1976','CN','HCE','Non-medical use',1637,6,81),(347,'1976','CN','ISA','Medical use',0,6,81),(348,'1976','CN','ISA','Non-medical use',22,6,81),(349,'1976','CN','IN','Medical use',0,6,81),(350,'1976','CN','IN','Non-medical use',0,6,81),(351,'1976','CN','GDP','Medical use',0,6,81),(352,'1976','CN','GDP','Non-medical use',884,6,81),(353,'1977','CN','TS','Medical use',0,6,81),(354,'1977','CN','TS','Non-medical use',1766,6,81),(355,'1977','CN','DP','Medical use',0,6,81),(356,'1977','CN','DP','Non-medical use',881,6,81),(357,'1977','CN','DMP','Medical use',0,6,81),(358,'1977','CN','DMP','Non-medical use',863,6,81),(359,'1977','CN','DOP','Medical use',0,6,81),(360,'1977','CN','DOP','Non-medical use',18,6,81),(361,'1977','CN','IPA','Medical use',0,6,81),(362,'1977','CN','IPA','Non-medical use',453,6,81),(363,'1977','CN','DM','Medical use',0,6,81),(364,'1977','CN','DM','Non-medical use',432,6,81),(365,'1977','CN','TU','Medical use',0,6,81),(366,'1977','CN','TU','Non-medical use',1766,6,81),(367,'1977','CN','HCE','Medical use',0,6,81),(368,'1977','CN','HCE','Non-medical use',1731,6,81),(369,'1977','CN','ISA','Medical use',0,6,81),(370,'1977','CN','ISA','Non-medical use',34,6,81),(371,'1977','CN','IN','Medical use',0,6,81),(372,'1977','CN','IN','Non-medical use',0,6,81),(373,'1977','CN','GDP','Medical use',0,6,81),(374,'1977','CN','GDP','Non-medical use',944,6,81),(375,'1978','CN','TS','Medical use',0,6,81),(376,'1978','CN','TS','Non-medical use',1873,6,81),(377,'1978','CN','DP','Medical use',0,6,81),(378,'1978','CN','DP','Non-medical use',996,6,81),(379,'1978','CN','DMP','Medical use',0,6,81),(380,'1978','CN','DMP','Non-medical use',977,6,81),(381,'1978','CN','DOP','Medical use',0,6,81),(382,'1978','CN','DOP','Non-medical use',20,6,81),(383,'1978','CN','IPA','Medical use',0,6,81),(384,'1978','CN','IPA','Non-medical use',417,6,81),(385,'1978','CN','DM','Medical use',0,6,81),(386,'1978','CN','DM','Non-medical use',459,6,81),(387,'1978','CN','TU','Medical use',0,6,81),(388,'1978','CN','TU','Non-medical use',1873,6,81),(389,'1978','CN','HCE','Medical use',0,6,81),(390,'1978','CN','HCE','Non-medical use',1822,6,81),(391,'1978','CN','ISA','Medical use',0,6,81),(392,'1978','CN','ISA','Non-medical use',51,6,81),(393,'1978','CN','IN','Medical use',0,6,81),(394,'1978','CN','IN','Non-medical use',0,6,81),(395,'1978','CN','GDP','Medical use',0,6,81),(396,'1978','CN','GDP','Non-medical use',1044,6,81),(397,'1979','CN','TS','Medical use',0,6,81),(398,'1979','CN','TS','Non-medical use',1981,6,81),(399,'1979','CN','DP','Medical use',0,6,81),(400,'1979','CN','DP','Non-medical use',1057,6,81),(401,'1979','CN','DMP','Medical use',0,6,81),(402,'1979','CN','DMP','Non-medical use',1036,6,81),(403,'1979','CN','DOP','Medical use',0,6,81),(404,'1979','CN','DOP','Non-medical use',21,6,81),(405,'1979','CN','IPA','Medical use',0,6,81),(406,'1979','CN','IPA','Non-medical use',438,6,81),(407,'1979','CN','DM','Medical use',0,6,81),(408,'1979','CN','DM','Non-medical use',486,6,81),(409,'1979','CN','TU','Medical use',0,6,81),(410,'1979','CN','TU','Non-medical use',1981,6,81),(411,'1979','CN','HCE','Medical use',0,6,81),(412,'1979','CN','HCE','Non-medical use',1914,6,81),(413,'1979','CN','ISA','Medical use',0,6,81),(414,'1979','CN','ISA','Non-medical use',67,6,81),(415,'1979','CN','IN','Medical use',0,6,81),(416,'1979','CN','IN','Non-medical use',0,6,81),(417,'1979','CN','GDP','Medical use',0,6,81),(418,'1979','CN','GDP','Non-medical use',1106,6,81),(419,'1980','CN','TS','Medical use',0,6,81),(420,'1980','CN','TS','Non-medical use',2090,6,81),(421,'1980','CN','DP','Medical use',0,6,81),(422,'1980','CN','DP','Non-medical use',1118,6,81),(423,'1980','CN','DMP','Medical use',0,6,81),(424,'1980','CN','DMP','Non-medical use',1096,6,81),(425,'1980','CN','DOP','Medical use',0,6,81),(426,'1980','CN','DOP','Non-medical use',22,6,81),(427,'1980','CN','IPA','Medical use',0,6,81),(428,'1980','CN','IPA','Non-medical use',459,6,81),(429,'1980','CN','DM','Medical use',0,6,81),(430,'1980','CN','DM','Non-medical use',513,6,81),(431,'1980','CN','TU','Medical use',0,6,81),(432,'1980','CN','TU','Non-medical use',2090,6,81),(433,'1980','CN','HCE','Medical use',0,6,81),(434,'1980','CN','HCE','Non-medical use',2005,6,81),(435,'1980','CN','ISA','Medical use',0,6,81),(436,'1980','CN','ISA','Non-medical use',85,6,81),(437,'1980','CN','IN','Medical use',0,6,81),(438,'1980','CN','IN','Non-medical use',0,6,81),(439,'1980','CN','GDP','Medical use',0,6,81),(440,'1980','CN','GDP','Non-medical use',1169,6,81),(441,'1981','CN','TS','Medical use',0,6,81),(442,'1981','CN','TS','Non-medical use',2200,6,81),(443,'1981','CN','DP','Medical use',0,6,81),(444,'1981','CN','DP','Non-medical use',1180,6,81),(445,'1981','CN','DMP','Medical use',0,6,81),(446,'1981','CN','DMP','Non-medical use',1157,6,81),(447,'1981','CN','DOP','Medical use',0,6,81),(448,'1981','CN','DOP','Non-medical use',23,6,81),(449,'1981','CN','IPA','Medical use',0,6,81),(450,'1981','CN','IPA','Non-medical use',480,6,81),(451,'1981','CN','DM','Medical use',0,6,81),(452,'1981','CN','DM','Non-medical use',540,6,81),(453,'1981','CN','TU','Medical use',0,6,81),(454,'1981','CN','TU','Non-medical use',2200,6,81),(455,'1981','CN','HCE','Medical use',0,6,81),(456,'1981','CN','HCE','Non-medical use',2097,6,81),(457,'1981','CN','ISA','Medical use',0,6,81),(458,'1981','CN','ISA','Non-medical use',103,6,81),(459,'1981','CN','IN','Medical use',0,6,81),(460,'1981','CN','IN','Non-medical use',0,6,81),(461,'1981','CN','GDP','Medical use',0,6,81),(462,'1981','CN','GDP','Non-medical use',1233,6,81),(463,'1982','CN','TS','Medical use',0,6,81),(464,'1982','CN','TS','Non-medical use',2498,6,81),(465,'1982','CN','DP','Medical use',0,6,81),(466,'1982','CN','DP','Non-medical use',1343,6,81),(467,'1982','CN','DMP','Medical use',0,6,81),(468,'1982','CN','DMP','Non-medical use',1317,6,81),(469,'1982','CN','DOP','Medical use',0,6,81),(470,'1982','CN','DOP','Non-medical use',26,6,81),(471,'1982','CN','IPA','Medical use',0,6,81),(472,'1982','CN','IPA','Non-medical use',541,6,81),(473,'1982','CN','DM','Medical use',0,6,81),(474,'1982','CN','DM','Non-medical use',614,6,81),(475,'1982','CN','TU','Medical use',0,6,81),(476,'1982','CN','TU','Non-medical use',2498,6,81),(477,'1982','CN','HCE','Medical use',0,6,81),(478,'1982','CN','HCE','Non-medical use',2365,6,81),(479,'1982','CN','ISA','Medical use',0,6,81),(480,'1982','CN','ISA','Non-medical use',133,6,81),(481,'1982','CN','IN','Medical use',0,6,81),(482,'1982','CN','IN','Non-medical use',0,6,81),(483,'1982','CN','GDP','Medical use',0,6,81),(484,'1982','CN','GDP','Non-medical use',1403,6,81),(485,'1983','CN','TS','Medical use',0,6,81),(486,'1983','CN','TS','Non-medical use',2879,6,81),(487,'1983','CN','DP','Medical use',0,6,81),(488,'1983','CN','DP','Non-medical use',1552,6,81),(489,'1983','CN','DMP','Medical use',0,6,81),(490,'1983','CN','DMP','Non-medical use',1522,6,81),(491,'1983','CN','DOP','Medical use',0,6,81),(492,'1983','CN','DOP','Non-medical use',30,6,81),(493,'1983','CN','IPA','Medical use',0,6,81),(494,'1983','CN','IPA','Non-medical use',619,6,81),(495,'1983','CN','DM','Medical use',0,6,81),(496,'1983','CN','DM','Non-medical use',707,6,81),(497,'1983','CN','TU','Medical use',0,6,81),(498,'1983','CN','TU','Non-medical use',2879,6,81),(499,'1983','CN','HCE','Medical use',0,6,81),(500,'1983','CN','HCE','Non-medical use',2708,6,81),(501,'1983','CN','ISA','Medical use',0,6,81),(502,'1983','CN','ISA','Non-medical use',171,6,81),(503,'1983','CN','IN','Medical use',0,6,81),(504,'1983','CN','IN','Non-medical use',0,6,81),(505,'1983','CN','GDP','Medical use',0,6,81),(506,'1983','CN','GDP','Non-medical use',1619,6,81),(507,'1984','CN','TS','Medical use',0,6,81),(508,'1984','CN','TS','Non-medical use',3082,6,81),(509,'1984','CN','DP','Medical use',0,6,81),(510,'1984','CN','DP','Non-medical use',1666,6,81),(511,'1984','CN','DMP','Medical use',0,6,81),(512,'1984','CN','DMP','Non-medical use',1634,6,81),(513,'1984','CN','DOP','Medical use',0,6,81),(514,'1984','CN','DOP','Non-medical use',32,6,81),(515,'1984','CN','IPA','Medical use',0,6,81),(516,'1984','CN','IPA','Non-medical use',658,6,81),(517,'1984','CN','DM','Medical use',0,6,81),(518,'1984','CN','DM','Non-medical use',757,6,81),(519,'1984','CN','TU','Medical use',0,6,81),(520,'1984','CN','TU','Non-medical use',3082,6,81),(521,'1984','CN','HCE','Medical use',0,6,81),(522,'1984','CN','HCE','Non-medical use',2879,6,81),(523,'1984','CN','ISA','Medical use',0,6,81),(524,'1984','CN','ISA','Non-medical use',202,6,81),(525,'1984','CN','IN','Medical use',0,6,81),(526,'1984','CN','IN','Non-medical use',0,6,81),(527,'1984','CN','GDP','Medical use',0,6,81),(528,'1984','CN','GDP','Non-medical use',1737,6,81),(529,'1985','CN','TS','Medical use',0,6,81),(530,'1985','CN','TS','Non-medical use',3324,6,81),(531,'1985','CN','DP','Medical use',0,6,81),(532,'1985','CN','DP','Non-medical use',1902,6,81),(533,'1985','CN','DMP','Medical use',0,6,81),(534,'1985','CN','DMP','Non-medical use',1867,6,81),(535,'1985','CN','DOP','Medical use',0,6,81),(536,'1985','CN','DOP','Non-medical use',34,6,81),(537,'1985','CN','IPA','Medical use',0,6,81),(538,'1985','CN','IPA','Non-medical use',604,6,81),(539,'1985','CN','DM','Medical use',0,6,81),(540,'1985','CN','DM','Non-medical use',819,6,81),(541,'1985','CN','TU','Medical use',0,6,81),(542,'1985','CN','TU','Non-medical use',3324,6,81),(543,'1985','CN','HCE','Medical use',0,6,81),(544,'1985','CN','HCE','Non-medical use',3073,6,81),(545,'1985','CN','ISA','Medical use',0,6,81),(546,'1985','CN','ISA','Non-medical use',251,6,81),(547,'1985','CN','IN','Medical use',0,6,81),(548,'1985','CN','IN','Non-medical use',0,6,81),(549,'1985','CN','GDP','Medical use',0,6,81),(550,'1985','CN','GDP','Non-medical use',1946,6,81),(551,'1986','CN','TS','Medical use',0,6,81),(552,'1986','CN','TS','Non-medical use',3702,6,81),(553,'1986','CN','DP','Medical use',0,6,81),(554,'1986','CN','DP','Non-medical use',2122,6,81),(555,'1986','CN','DMP','Medical use',0,6,81),(556,'1986','CN','DMP','Non-medical use',2084,6,81),(557,'1986','CN','DOP','Medical use',0,6,81),(558,'1986','CN','DOP','Non-medical use',38,6,81),(559,'1986','CN','IPA','Medical use',0,6,81),(560,'1986','CN','IPA','Non-medical use',668,6,81),(561,'1986','CN','DM','Medical use',0,6,81),(562,'1986','CN','DM','Non-medical use',912,6,81),(563,'1986','CN','TU','Medical use',0,6,81),(564,'1986','CN','TU','Non-medical use',3702,6,81),(565,'1986','CN','HCE','Medical use',0,6,81),(566,'1986','CN','HCE','Non-medical use',3399,6,81),(567,'1986','CN','ISA','Medical use',0,6,81),(568,'1986','CN','ISA','Non-medical use',303,6,81),(569,'1986','CN','IN','Medical use',0,6,81),(570,'1986','CN','IN','Non-medical use',0,6,81),(571,'1986','CN','GDP','Medical use',0,6,81),(572,'1986','CN','GDP','Non-medical use',2170,6,81),(573,'1987','CN','TS','Medical use',0,6,81),(574,'1987','CN','TS','Non-medical use',4092,6,81),(575,'1987','CN','DP','Medical use',0,6,81),(576,'1987','CN','DP','Non-medical use',2351,6,81),(577,'1987','CN','DMP','Medical use',0,6,81),(578,'1987','CN','DMP','Non-medical use',2309,6,81),(579,'1987','CN','DOP','Medical use',0,6,81),(580,'1987','CN','DOP','Non-medical use',42,6,81),(581,'1987','CN','IPA','Medical use',0,6,81),(582,'1987','CN','IPA','Non-medical use',733,6,81),(583,'1987','CN','DM','Medical use',0,6,81),(584,'1987','CN','DM','Non-medical use',1009,6,81),(585,'1987','CN','TU','Medical use',0,6,81),(586,'1987','CN','TU','Non-medical use',4092,6,81),(587,'1987','CN','HCE','Medical use',0,6,81),(588,'1987','CN','HCE','Non-medical use',3732,6,81),(589,'1987','CN','ISA','Medical use',0,6,81),(590,'1987','CN','ISA','Non-medical use',360,6,81),(591,'1987','CN','IN','Medical use',0,6,81),(592,'1987','CN','IN','Non-medical use',0,6,81),(593,'1987','CN','GDP','Medical use',0,6,81),(594,'1987','CN','GDP','Non-medical use',2403,6,81),(595,'1988','CN','TS','Medical use',0,6,81),(596,'1988','CN','TS','Non-medical use',4228,6,81),(597,'1988','CN','DP','Medical use',0,6,81),(598,'1988','CN','DP','Non-medical use',2433,6,81),(599,'1988','CN','DMP','Medical use',0,6,81),(600,'1988','CN','DMP','Non-medical use',2390,6,81),(601,'1988','CN','DOP','Medical use',0,6,81),(602,'1988','CN','DOP','Non-medical use',43,6,81),(603,'1988','CN','IPA','Medical use',0,6,81),(604,'1988','CN','IPA','Non-medical use',752,6,81),(605,'1988','CN','DM','Medical use',0,6,81),(606,'1988','CN','DM','Non-medical use',1043,6,81),(607,'1988','CN','TU','Medical use',0,6,81),(608,'1988','CN','TU','Non-medical use',4228,6,81),(609,'1988','CN','HCE','Medical use',0,6,81),(610,'1988','CN','HCE','Non-medical use',3830,6,81),(611,'1988','CN','ISA','Medical use',0,6,81),(612,'1988','CN','ISA','Non-medical use',398,6,81),(613,'1988','CN','IN','Medical use',0,6,81),(614,'1988','CN','IN','Non-medical use',0,6,81),(615,'1988','CN','GDP','Medical use',0,6,81),(616,'1988','CN','GDP','Non-medical use',2486,6,81),(617,'1989','CN','TS','Medical use',0,6,81),(618,'1989','CN','TS','Non-medical use',4316,6,81),(619,'1989','CN','DP','Medical use',0,6,81),(620,'1989','CN','DP','Non-medical use',2489,6,81),(621,'1989','CN','DMP','Medical use',0,6,81),(622,'1989','CN','DMP','Non-medical use',2445,6,81),(623,'1989','CN','DOP','Medical use',0,6,81),(624,'1989','CN','DOP','Non-medical use',44,6,81),(625,'1989','CN','IPA','Medical use',0,6,81),(626,'1989','CN','IPA','Non-medical use',762,6,81),(627,'1989','CN','DM','Medical use',0,6,81),(628,'1989','CN','DM','Non-medical use',1065,6,81),(629,'1989','CN','TU','Medical use',0,6,81),(630,'1989','CN','TU','Non-medical use',4316,6,81),(631,'1989','CN','HCE','Medical use',0,6,81),(632,'1989','CN','HCE','Non-medical use',3884,6,81),(633,'1989','CN','ISA','Medical use',0,6,81),(634,'1989','CN','ISA','Non-medical use',432,6,81),(635,'1989','CN','IN','Medical use',0,6,81),(636,'1989','CN','IN','Non-medical use',0,6,81),(637,'1989','CN','GDP','Medical use',0,6,81),(638,'1989','CN','GDP','Non-medical use',2542,6,81),(639,'1990','CN','TS','Medical use',0,6,81),(640,'1990','CN','TS','Non-medical use',4225,6,81),(641,'1990','CN','DP','Medical use',0,6,81),(642,'1990','CN','DP','Non-medical use',2439,6,81),(643,'1990','CN','DMP','Medical use',0,6,81),(644,'1990','CN','DMP','Non-medical use',2396,6,81),(645,'1990','CN','DOP','Medical use',0,6,81),(646,'1990','CN','DOP','Non-medical use',43,6,81),(647,'1990','CN','IPA','Medical use',0,6,81),(648,'1990','CN','IPA','Non-medical use',743,6,81),(649,'1990','CN','DM','Medical use',0,6,81),(650,'1990','CN','DM','Non-medical use',1043,6,81),(651,'1990','CN','TU','Medical use',0,6,81),(652,'1990','CN','TU','Non-medical use',4225,6,81),(653,'1990','CN','HCE','Medical use',0,6,81),(654,'1990','CN','HCE','Non-medical use',3787,6,81),(655,'1990','CN','ISA','Medical use',0,6,81),(656,'1990','CN','ISA','Non-medical use',438,6,81),(657,'1990','CN','IN','Medical use',0,6,81),(658,'1990','CN','IN','Non-medical use',0,6,81),(659,'1990','CN','GDP','Medical use',0,6,81),(660,'1990','CN','GDP','Non-medical use',2490,6,81),(661,'1991','CN','TS','Medical use',0,6,81),(662,'1991','CN','TS','Non-medical use',4114,6,81),(663,'1991','CN','DP','Medical use',0,6,81),(664,'1991','CN','DP','Non-medical use',2499,6,81),(665,'1991','CN','DMP','Medical use',0,6,81),(666,'1991','CN','DMP','Non-medical use',2456,6,81),(667,'1991','CN','DOP','Medical use',0,6,81),(668,'1991','CN','DOP','Non-medical use',43,6,81),(669,'1991','CN','IPA','Medical use',0,6,81),(670,'1991','CN','IPA','Non-medical use',597,6,81),(671,'1991','CN','DM','Medical use',0,6,81),(672,'1991','CN','DM','Non-medical use',1018,6,81),(673,'1991','CN','TU','Medical use',0,6,81),(674,'1991','CN','TU','Non-medical use',4114,6,81),(675,'1991','CN','HCE','Medical use',0,6,81),(676,'1991','CN','HCE','Non-medical use',3642,6,81),(677,'1991','CN','ISA','Medical use',0,6,81),(678,'1991','CN','ISA','Non-medical use',472,6,81),(679,'1991','CN','IN','Medical use',0,6,81),(680,'1991','CN','IN','Non-medical use',0,6,81),(681,'1991','CN','GDP','Medical use',0,6,81),(682,'1991','CN','GDP','Non-medical use',2511,6,81),(683,'1992','CN','TS','Medical use',0,6,81),(684,'1992','CN','TS','Non-medical use',3937,6,81),(685,'1992','CN','DP','Medical use',0,6,81),(686,'1992','CN','DP','Non-medical use',2395,6,81),(687,'1992','CN','DMP','Medical use',0,6,81),(688,'1992','CN','DMP','Non-medical use',2354,6,81),(689,'1992','CN','DOP','Medical use',0,6,81),(690,'1992','CN','DOP','Non-medical use',41,6,81),(691,'1992','CN','IPA','Medical use',0,6,81),(692,'1992','CN','IPA','Non-medical use',567,6,81),(693,'1992','CN','DM','Medical use',0,6,81),(694,'1992','CN','DM','Non-medical use',975,6,81),(695,'1992','CN','TU','Medical use',0,6,81),(696,'1992','CN','TU','Non-medical use',3937,6,81),(697,'1992','CN','HCE','Medical use',0,6,81),(698,'1992','CN','HCE','Non-medical use',3462,6,81),(699,'1992','CN','ISA','Medical use',0,6,81),(700,'1992','CN','ISA','Non-medical use',475,6,81),(701,'1992','CN','IN','Medical use',0,6,81),(702,'1992','CN','IN','Non-medical use',0,6,81),(703,'1992','CN','GDP','Medical use',0,6,81),(704,'1992','CN','GDP','Non-medical use',2405,6,81),(705,'1993','CN','TS','Medical use',0,6,81),(706,'1993','CN','TS','Non-medical use',3952,6,81),(707,'1993','CN','DP','Medical use',0,6,81),(708,'1993','CN','DP','Non-medical use',2407,6,81),(709,'1993','CN','DMP','Medical use',0,6,81),(710,'1993','CN','DMP','Non-medical use',2366,6,81),(711,'1993','CN','DOP','Medical use',0,6,81),(712,'1993','CN','DOP','Non-medical use',41,6,81),(713,'1993','CN','IPA','Medical use',0,6,81),(714,'1993','CN','IPA','Non-medical use',566,6,81),(715,'1993','CN','DM','Medical use',0,6,81),(716,'1993','CN','DM','Non-medical use',979,6,81),(717,'1993','CN','TU','Medical use',0,6,81),(718,'1993','CN','TU','Non-medical use',3952,6,81),(719,'1993','CN','HCE','Medical use',0,6,81),(720,'1993','CN','HCE','Non-medical use',3452,6,81),(721,'1993','CN','ISA','Medical use',0,6,81),(722,'1993','CN','ISA','Non-medical use',500,6,81),(723,'1993','CN','IN','Medical use',0,6,81),(724,'1993','CN','IN','Non-medical use',0,6,81),(725,'1993','CN','GDP','Medical use',0,6,81),(726,'1993','CN','GDP','Non-medical use',2417,6,81),(727,'1994','CN','TS','Medical use',0,6,81),(728,'1994','CN','TS','Non-medical use',4004,6,81),(729,'1994','CN','DP','Medical use',0,6,81),(730,'1994','CN','DP','Non-medical use',2442,6,81),(731,'1994','CN','DMP','Medical use',0,6,81),(732,'1994','CN','DMP','Non-medical use',2401,6,81),(733,'1994','CN','DOP','Medical use',0,6,81),(734,'1994','CN','DOP','Non-medical use',41,6,81),(735,'1994','CN','IPA','Medical use',0,6,81),(736,'1994','CN','IPA','Non-medical use',569,6,81),(737,'1994','CN','DM','Medical use',0,6,81),(738,'1994','CN','DM','Non-medical use',992,6,81),(739,'1994','CN','TU','Medical use',0,6,81),(740,'1994','CN','TU','Non-medical use',4004,6,81),(741,'1994','CN','HCE','Medical use',0,6,81),(742,'1994','CN','HCE','Non-medical use',3475,6,81),(743,'1994','CN','ISA','Medical use',0,6,81),(744,'1994','CN','ISA','Non-medical use',529,6,81),(745,'1994','CN','IN','Medical use',0,6,81),(746,'1994','CN','IN','Non-medical use',0,6,81),(747,'1994','CN','GDP','Medical use',0,6,81),(748,'1994','CN','GDP','Non-medical use',2452,6,81),(749,'1995','CN','TS','Medical use',0,6,81),(750,'1995','CN','TS','Non-medical use',4147,6,81),(751,'1995','CN','DP','Medical use',0,6,81),(752,'1995','CN','DP','Non-medical use',2647,6,81),(753,'1995','CN','DMP','Medical use',0,6,81),(754,'1995','CN','DMP','Non-medical use',2604,6,81),(755,'1995','CN','DOP','Medical use',0,6,81),(756,'1995','CN','DOP','Non-medical use',44,6,81),(757,'1995','CN','IPA','Medical use',0,6,81),(758,'1995','CN','IPA','Non-medical use',470,6,81),(759,'1995','CN','DM','Medical use',0,6,81),(760,'1995','CN','DM','Non-medical use',1030,6,81),(761,'1995','CN','TU','Medical use',0,6,81),(762,'1995','CN','TU','Non-medical use',4147,6,81),(763,'1995','CN','HCE','Medical use',0,6,81),(764,'1995','CN','HCE','Non-medical use',3574,6,81),(765,'1995','CN','ISA','Medical use',0,6,81),(766,'1995','CN','ISA','Non-medical use',573,6,81),(767,'1995','CN','IN','Medical use',0,6,81),(768,'1995','CN','IN','Non-medical use',0,6,81),(769,'1995','CN','GDP','Medical use',0,6,81),(770,'1995','CN','GDP','Non-medical use',2621,6,81),(771,'1996','CN','TS','Medical use',0,6,81),(772,'1996','CN','TS','Non-medical use',4403,6,81),(773,'1996','CN','DP','Medical use',0,6,81),(774,'1996','CN','DP','Non-medical use',2810,6,81),(775,'1996','CN','DMP','Medical use',0,6,81),(776,'1996','CN','DMP','Non-medical use',2764,6,81),(777,'1996','CN','DOP','Medical use',0,6,81),(778,'1996','CN','DOP','Non-medical use',46,6,81),(779,'1996','CN','IPA','Medical use',0,6,81),(780,'1996','CN','IPA','Non-medical use',499,6,81),(781,'1996','CN','DM','Medical use',0,6,81),(782,'1996','CN','DM','Non-medical use',1094,6,81),(783,'1996','CN','TU','Medical use',0,6,81),(784,'1996','CN','TU','Non-medical use',4403,6,81),(785,'1996','CN','HCE','Medical use',0,6,81),(786,'1996','CN','HCE','Non-medical use',3795,6,81),(787,'1996','CN','ISA','Medical use',0,6,81),(788,'1996','CN','ISA','Non-medical use',608,6,81),(789,'1996','CN','IN','Medical use',0,6,81),(790,'1996','CN','IN','Non-medical use',0,6,81),(791,'1996','CN','GDP','Medical use',0,6,81),(792,'1996','CN','GDP','Non-medical use',2782,6,81),(793,'1997','CN','TS','Medical use',0,6,81),(794,'1997','CN','TS','Non-medical use',4739,6,81),(795,'1997','CN','DP','Medical use',0,6,81),(796,'1997','CN','DP','Non-medical use',3025,6,81),(797,'1997','CN','DMP','Medical use',0,6,81),(798,'1997','CN','DMP','Non-medical use',2975,6,81),(799,'1997','CN','DOP','Medical use',0,6,81),(800,'1997','CN','DOP','Non-medical use',50,6,81),(801,'1997','CN','IPA','Medical use',0,6,81),(802,'1997','CN','IPA','Non-medical use',537,6,81),(803,'1997','CN','DM','Medical use',0,6,81),(804,'1997','CN','DM','Non-medical use',1177,6,81),(805,'1997','CN','TU','Medical use',0,6,81),(806,'1997','CN','TU','Non-medical use',4739,6,81),(807,'1997','CN','HCE','Medical use',0,6,81),(808,'1997','CN','HCE','Non-medical use',4085,6,81),(809,'1997','CN','ISA','Medical use',0,6,81),(810,'1997','CN','ISA','Non-medical use',654,6,81),(811,'1997','CN','IN','Medical use',0,6,81),(812,'1997','CN','IN','Non-medical use',0,6,81),(813,'1997','CN','GDP','Medical use',0,6,81),(814,'1997','CN','GDP','Non-medical use',2995,6,81),(815,'1998','CN','TS','Medical use',0,6,81),(816,'1998','CN','TS','Non-medical use',4979,6,81),(817,'1998','CN','DP','Medical use',0,6,81),(818,'1998','CN','DP','Non-medical use',3318,6,81),(819,'1998','CN','DMP','Medical use',0,6,81),(820,'1998','CN','DMP','Non-medical use',3265,6,81),(821,'1998','CN','DOP','Medical use',0,6,81),(822,'1998','CN','DOP','Non-medical use',53,6,81),(823,'1998','CN','IPA','Medical use',0,6,81),(824,'1998','CN','IPA','Non-medical use',421,6,81),(825,'1998','CN','DM','Medical use',0,6,81),(826,'1998','CN','DM','Non-medical use',1240,6,81),(827,'1998','CN','TU','Medical use',0,6,81),(828,'1998','CN','TU','Non-medical use',4979,6,81),(829,'1998','CN','HCE','Medical use',0,6,81),(830,'1998','CN','HCE','Non-medical use',4263,6,81),(831,'1998','CN','ISA','Medical use',0,6,81),(832,'1998','CN','ISA','Non-medical use',716,6,81),(833,'1998','CN','IN','Medical use',0,6,81),(834,'1998','CN','IN','Non-medical use',0,6,81),(835,'1998','CN','GDP','Medical use',0,6,81),(836,'1998','CN','GDP','Non-medical use',3244,6,81),(837,'1999','CN','TS','Medical use',0,6,81),(838,'1999','CN','TS','Non-medical use',5311,6,81),(839,'1999','CN','DP','Medical use',0,6,81),(840,'1999','CN','DP','Non-medical use',3538,6,81),(841,'1999','CN','DMP','Medical use',0,6,81),(842,'1999','CN','DMP','Non-medical use',3482,6,81),(843,'1999','CN','DOP','Medical use',0,6,81),(844,'1999','CN','DOP','Non-medical use',57,6,81),(845,'1999','CN','IPA','Medical use',0,6,81),(846,'1999','CN','IPA','Non-medical use',451,6,81),(847,'1999','CN','DM','Medical use',0,6,81),(848,'1999','CN','DM','Non-medical use',1322,6,81),(849,'1999','CN','TU','Medical use',0,6,81),(850,'1999','CN','TU','Non-medical use',5311,6,81),(851,'1999','CN','HCE','Medical use',0,6,81),(852,'1999','CN','HCE','Non-medical use',4548,6,81),(853,'1999','CN','ISA','Medical use',0,6,81),(854,'1999','CN','ISA','Non-medical use',764,6,81),(855,'1999','CN','IN','Medical use',0,6,81),(856,'1999','CN','IN','Non-medical use',0,6,81),(857,'1999','CN','GDP','Medical use',0,6,81),(858,'1999','CN','GDP','Non-medical use',3459,6,81),(859,'2000','CN','TS','Medical use',0,6,81),(860,'2000','CN','TS','Non-medical use',5652,6,81),(861,'2000','CN','DP','Medical use',0,6,81),(862,'2000','CN','DP','Non-medical use',3764,6,81),(863,'2000','CN','DMP','Medical use',0,6,81),(864,'2000','CN','DMP','Non-medical use',3704,6,81),(865,'2000','CN','DOP','Medical use',0,6,81),(866,'2000','CN','DOP','Non-medical use',60,6,81),(867,'2000','CN','IPA','Medical use',0,6,81),(868,'2000','CN','IPA','Non-medical use',481,6,81),(869,'2000','CN','DM','Medical use',0,6,81),(870,'2000','CN','DM','Non-medical use',1407,6,81),(871,'2000','CN','TU','Medical use',0,6,81),(872,'2000','CN','TU','Non-medical use',5652,6,81),(873,'2000','CN','HCE','Medical use',0,6,81),(874,'2000','CN','HCE','Non-medical use',4840,6,81),(875,'2000','CN','ISA','Medical use',0,6,81),(876,'2000','CN','ISA','Non-medical use',812,6,81),(877,'2000','CN','IN','Medical use',0,6,81),(878,'2000','CN','IN','Non-medical use',0,6,81),(879,'2000','CN','GDP','Medical use',0,6,81),(880,'2000','CN','GDP','Non-medical use',3680,6,81),(881,'2001','CN','TS','Medical use',0,6,81),(882,'2001','CN','TS','Non-medical use',6009,6,81),(883,'2001','CN','DP','Medical use',0,6,81),(884,'2001','CN','DP','Non-medical use',4170,6,81),(885,'2001','CN','DMP','Medical use',0,6,81),(886,'2001','CN','DMP','Non-medical use',4105,6,81),(887,'2001','CN','DOP','Medical use',0,6,81),(888,'2001','CN','DOP','Non-medical use',65,6,81),(889,'2001','CN','IPA','Medical use',0,6,81),(890,'2001','CN','IPA','Non-medical use',340,6,81),(891,'2001','CN','DM','Medical use',0,6,81),(892,'2001','CN','DM','Non-medical use',1499,6,81),(893,'2001','CN','TU','Medical use',0,6,81),(894,'2001','CN','TU','Non-medical use',6009,6,81),(895,'2001','CN','HCE','Medical use',0,6,81),(896,'2001','CN','HCE','Non-medical use',5111,6,81),(897,'2001','CN','ISA','Medical use',0,6,81),(898,'2001','CN','ISA','Non-medical use',898,6,81),(899,'2001','CN','IN','Medical use',0,6,81),(900,'2001','CN','IN','Non-medical use',0,6,81),(901,'2001','CN','GDP','Medical use',0,6,81),(902,'2001','CN','GDP','Non-medical use',4030,6,81),(903,'2002','CN','TS','Medical use',1,6,81),(904,'2002','CN','TS','Non-medical use',6316,6,81),(905,'2002','CN','DP','Medical use',1,6,81),(906,'2002','CN','DP','Non-medical use',4382,6,81),(907,'2002','CN','DMP','Medical use',0,6,81),(908,'2002','CN','DMP','Non-medical use',4314,6,81),(909,'2002','CN','DOP','Medical use',1,6,81),(910,'2002','CN','DOP','Non-medical use',68,6,81),(911,'2002','CN','IPA','Medical use',0,6,81),(912,'2002','CN','IPA','Non-medical use',358,6,81),(913,'2002','CN','DM','Medical use',0,6,81),(914,'2002','CN','DM','Non-medical use',1576,6,81),(915,'2002','CN','TU','Medical use',1,6,81),(916,'2002','CN','TU','Non-medical use',6316,6,81),(917,'2002','CN','HCE','Medical use',1,6,81),(918,'2002','CN','HCE','Non-medical use',5371,6,81),(919,'2002','CN','ISA','Medical use',0,6,81),(920,'2002','CN','ISA','Non-medical use',945,6,81),(921,'2002','CN','IN','Medical use',0,6,81),(922,'2002','CN','IN','Non-medical use',0,6,81),(923,'2002','CN','GDP','Medical use',0,6,81),(924,'2002','CN','GDP','Non-medical use',4235,6,81),(925,'2003','CN','TS','Medical use',1,6,81),(926,'2003','CN','TS','Non-medical use',6595,6,81),(927,'2003','CN','DP','Medical use',1,6,81),(928,'2003','CN','DP','Non-medical use',4575,6,81),(929,'2003','CN','DMP','Medical use',0,6,81),(930,'2003','CN','DMP','Non-medical use',4507,6,81),(931,'2003','CN','DOP','Medical use',1,6,81),(932,'2003','CN','DOP','Non-medical use',68,6,81),(933,'2003','CN','IPA','Medical use',0,6,81),(934,'2003','CN','IPA','Non-medical use',374,6,81),(935,'2003','CN','DM','Medical use',0,6,81),(936,'2003','CN','DM','Non-medical use',1646,6,81),(937,'2003','CN','TU','Medical use',1,6,81),(938,'2003','CN','TU','Non-medical use',6595,6,81),(939,'2003','CN','HCE','Medical use',1,6,81),(940,'2003','CN','HCE','Non-medical use',5607,6,81),(941,'2003','CN','ISA','Medical use',0,6,81),(942,'2003','CN','ISA','Non-medical use',988,6,81),(943,'2003','CN','IN','Medical use',0,6,81),(944,'2003','CN','IN','Non-medical use',0,6,81),(945,'2003','CN','GDP','Medical use',0,6,81),(946,'2003','CN','GDP','Non-medical use',4425,6,81),(947,'2004','CN','TS','Medical use',1,6,81),(948,'2004','CN','TS','Non-medical use',6773,6,81),(949,'2004','CN','DP','Medical use',1,6,81),(950,'2004','CN','DP','Non-medical use',4697,6,81),(951,'2004','CN','DMP','Medical use',0,6,81),(952,'2004','CN','DMP','Non-medical use',4629,6,81),(953,'2004','CN','DOP','Medical use',1,6,81),(954,'2004','CN','DOP','Non-medical use',68,6,81),(955,'2004','CN','IPA','Medical use',0,6,81),(956,'2004','CN','IPA','Non-medical use',386,6,81),(957,'2004','CN','DM','Medical use',0,6,81),(958,'2004','CN','DM','Non-medical use',1690,6,81),(959,'2004','CN','TU','Medical use',1,6,81),(960,'2004','CN','TU','Non-medical use',6773,6,81),(961,'2004','CN','HCE','Medical use',1,6,81),(962,'2004','CN','HCE','Non-medical use',5757,6,81),(963,'2004','CN','ISA','Medical use',0,6,81),(964,'2004','CN','ISA','Non-medical use',1016,6,81),(965,'2004','CN','IN','Medical use',0,6,81),(966,'2004','CN','IN','Non-medical use',0,6,81),(967,'2004','CN','GDP','Medical use',0,6,81),(968,'2004','CN','GDP','Non-medical use',4545,6,81),(969,'2005','CN','TS','Medical use',1,6,81),(970,'2005','CN','TS','Non-medical use',6770,6,81),(971,'2005','CN','DP','Medical use',1,6,81),(972,'2005','CN','DP','Non-medical use',4695,6,81),(973,'2005','CN','DMP','Medical use',0,6,81),(974,'2005','CN','DMP','Non-medical use',4629,6,81),(975,'2005','CN','DOP','Medical use',1,6,81),(976,'2005','CN','DOP','Non-medical use',67,6,81),(977,'2005','CN','IPA','Medical use',0,6,81),(978,'2005','CN','IPA','Non-medical use',386,6,81),(979,'2005','CN','DM','Medical use',0,6,81),(980,'2005','CN','DM','Non-medical use',1690,6,81),(981,'2005','CN','TU','Medical use',1,6,81),(982,'2005','CN','TU','Non-medical use',6770,6,81),(983,'2005','CN','HCE','Medical use',1,6,81),(984,'2005','CN','HCE','Non-medical use',5754,6,81),(985,'2005','CN','ISA','Medical use',0,6,81),(986,'2005','CN','ISA','Non-medical use',1017,6,81),(987,'2005','CN','IN','Medical use',0,6,81),(988,'2005','CN','IN','Non-medical use',0,6,81),(989,'2005','CN','GDP','Medical use',0,6,81),(990,'2005','CN','GDP','Non-medical use',4544,6,81),(991,'2006','CN','TS','Medical use',2,6,81),(992,'2006','CN','TS','Non-medical use',6504,6,81),(993,'2006','CN','DP','Medical use',2,6,81),(994,'2006','CN','DP','Non-medical use',4511,6,81),(995,'2006','CN','DMP','Medical use',0,6,81),(996,'2006','CN','DMP','Non-medical use',4447,6,81),(997,'2006','CN','DOP','Medical use',2,6,81),(998,'2006','CN','DOP','Non-medical use',64,6,81),(999,'2006','CN','IPA','Medical use',0,6,81),(1000,'2006','CN','IPA','Non-medical use',370,6,81),(1001,'2006','CN','DM','Medical use',0,6,81),(1002,'2006','CN','DM','Non-medical use',1624,6,81),(1003,'2006','CN','TU','Medical use',2,6,81),(1004,'2006','CN','TU','Non-medical use',6504,6,81),(1005,'2006','CN','HCE','Medical use',2,6,81),(1006,'2006','CN','HCE','Non-medical use',5527,6,81),(1007,'2006','CN','ISA','Medical use',0,6,81),(1008,'2006','CN','ISA','Non-medical use',977,6,81),(1009,'2006','CN','IN','Medical use',0,6,81),(1010,'2006','CN','IN','Non-medical use',0,6,81),(1011,'2006','CN','GDP','Medical use',0,6,81),(1012,'2006','CN','GDP','Non-medical use',4367,6,81),(1013,'2007','CN','TS','Medical use',2,6,81),(1014,'2007','CN','TS','Non-medical use',6146,6,81),(1015,'2007','CN','DP','Medical use',2,6,81),(1016,'2007','CN','DP','Non-medical use',4263,6,81),(1017,'2007','CN','DMP','Medical use',0,6,81),(1018,'2007','CN','DMP','Non-medical use',4202,6,81),(1019,'2007','CN','DOP','Medical use',2,6,81),(1020,'2007','CN','DOP','Non-medical use',60,6,81),(1021,'2007','CN','IPA','Medical use',0,6,81),(1022,'2007','CN','IPA','Non-medical use',349,6,81),(1023,'2007','CN','DM','Medical use',0,6,81),(1024,'2007','CN','DM','Non-medical use',1535,6,81),(1025,'2007','CN','TU','Medical use',2,6,81),(1026,'2007','CN','TU','Non-medical use',6146,6,81),(1027,'2007','CN','HCE','Medical use',2,6,81),(1028,'2007','CN','HCE','Non-medical use',5221,6,81),(1029,'2007','CN','ISA','Medical use',0,6,81),(1030,'2007','CN','ISA','Non-medical use',924,6,81),(1031,'2007','CN','IN','Medical use',0,6,81),(1032,'2007','CN','IN','Non-medical use',0,6,81),(1033,'2007','CN','GDP','Medical use',0,6,81),(1034,'2007','CN','GDP','Non-medical use',4127,6,81),(1035,'2008','CN','TS','Medical use',3,6,81),(1036,'2008','CN','TS','Non-medical use',6132,6,81),(1037,'2008','CN','DP','Medical use',3,6,81),(1038,'2008','CN','DP','Non-medical use',4252,6,81),(1039,'2008','CN','DMP','Medical use',0,6,81),(1040,'2008','CN','DMP','Non-medical use',4192,6,81),(1041,'2008','CN','DOP','Medical use',3,6,81),(1042,'2008','CN','DOP','Non-medical use',61,6,81),(1043,'2008','CN','IPA','Medical use',0,6,81),(1044,'2008','CN','IPA','Non-medical use',348,6,81),(1045,'2008','CN','DM','Medical use',0,6,81),(1046,'2008','CN','DM','Non-medical use',1531,6,81),(1047,'2008','CN','TU','Medical use',3,6,81),(1048,'2008','CN','TU','Non-medical use',6132,6,81),(1049,'2008','CN','HCE','Medical use',3,6,81),(1050,'2008','CN','HCE','Non-medical use',5209,6,81),(1051,'2008','CN','ISA','Medical use',0,6,81),(1052,'2008','CN','ISA','Non-medical use',923,6,81),(1053,'2008','CN','IN','Medical use',0,6,81),(1054,'2008','CN','IN','Non-medical use',0,6,81),(1055,'2008','CN','GDP','Medical use',1,6,81),(1056,'2008','CN','GDP','Non-medical use',4117,6,81),(1057,'2009','CN','TS','Medical use',4,6,81),(1058,'2009','CN','TS','Non-medical use',5909,6,81),(1059,'2009','CN','DP','Medical use',4,6,81),(1060,'2009','CN','DP','Non-medical use',4099,6,81),(1061,'2009','CN','DMP','Medical use',1,6,81),(1062,'2009','CN','DMP','Non-medical use',4040,6,81),(1063,'2009','CN','DOP','Medical use',4,6,81),(1064,'2009','CN','DOP','Non-medical use',59,6,81),(1065,'2009','CN','IPA','Medical use',0,6,81),(1066,'2009','CN','IPA','Non-medical use',335,6,81),(1067,'2009','CN','DM','Medical use',0,6,81),(1068,'2009','CN','DM','Non-medical use',1476,6,81),(1069,'2009','CN','TU','Medical use',4,6,81),(1070,'2009','CN','TU','Non-medical use',5909,6,81),(1071,'2009','CN','HCE','Medical use',4,6,81),(1072,'2009','CN','HCE','Non-medical use',5019,6,81),(1073,'2009','CN','ISA','Medical use',0,6,81),(1074,'2009','CN','ISA','Non-medical use',890,6,81),(1075,'2009','CN','IN','Medical use',0,6,81),(1076,'2009','CN','IN','Non-medical use',0,6,81),(1077,'2009','CN','GDP','Medical use',1,6,81),(1078,'2009','CN','GDP','Non-medical use',3968,6,81),(1079,'2010','CN','TS','Medical use',6,6,81),(1080,'2010','CN','TS','Non-medical use',5871,6,81),(1081,'2010','CN','DP','Medical use',6,6,81),(1082,'2010','CN','DP','Non-medical use',4071,6,81),(1083,'2010','CN','DMP','Medical use',1,6,81),(1084,'2010','CN','DMP','Non-medical use',4012,6,81),(1085,'2010','CN','DOP','Medical use',5,6,81),(1086,'2010','CN','DOP','Non-medical use',59,6,81),(1087,'2010','CN','IPA','Medical use',0,6,81),(1088,'2010','CN','IPA','Non-medical use',333,6,81),(1089,'2010','CN','DM','Medical use',0,6,81),(1090,'2010','CN','DM','Non-medical use',1466,6,81),(1091,'2010','CN','TU','Medical use',6,6,81),(1092,'2010','CN','TU','Non-medical use',5871,6,81),(1093,'2010','CN','HCE','Medical use',6,6,81),(1094,'2010','CN','HCE','Non-medical use',4986,6,81),(1095,'2010','CN','ISA','Medical use',0,6,81),(1096,'2010','CN','ISA','Non-medical use',885,6,81),(1097,'2010','CN','IN','Medical use',0,6,81),(1098,'2010','CN','IN','Non-medical use',0,6,81),(1099,'2010','CN','GDP','Medical use',1,6,81),(1100,'2010','CN','GDP','Non-medical use',3915,6,81),(1101,'2011','CN','TS','Medical use',9,6,81),(1102,'2011','CN','TS','Non-medical use',6188,6,81),(1103,'2011','CN','DP','Medical use',8,6,81),(1104,'2011','CN','DP','Non-medical use',4293,6,81),(1105,'2011','CN','DMP','Medical use',1,6,81),(1106,'2011','CN','DMP','Non-medical use',4229,6,81),(1107,'2011','CN','DOP','Medical use',7,6,81),(1108,'2011','CN','DOP','Non-medical use',64,6,81),(1109,'2011','CN','IPA','Medical use',0,6,81),(1110,'2011','CN','IPA','Non-medical use',350,6,81),(1111,'2011','CN','DM','Medical use',0,6,81),(1112,'2011','CN','DM','Non-medical use',1545,6,81),(1113,'2011','CN','TU','Medical use',9,6,81),(1114,'2011','CN','TU','Non-medical use',6188,6,81),(1115,'2011','CN','HCE','Medical use',9,6,81),(1116,'2011','CN','HCE','Non-medical use',5215,6,81),(1117,'2011','CN','ISA','Medical use',0,6,81),(1118,'2011','CN','ISA','Non-medical use',973,6,81),(1119,'2011','CN','IN','Medical use',0,6,81),(1120,'2011','CN','IN','Non-medical use',0,6,81),(1121,'2011','CN','GDP','Medical use',2,6,81),(1122,'2011','CN','GDP','Non-medical use',4139,6,81),(1123,'2012','CN','TS','Medical use',12,6,81),(1124,'2012','CN','TS','Non-medical use',6644,6,81),(1125,'2012','CN','DP','Medical use',12,6,81),(1126,'2012','CN','DP','Non-medical use',4614,6,81),(1127,'2012','CN','DMP','Medical use',2,6,81),(1128,'2012','CN','DMP','Non-medical use',4543,6,81),(1129,'2012','CN','DOP','Medical use',10,6,81),(1130,'2012','CN','DOP','Non-medical use',71,6,81),(1131,'2012','CN','IPA','Medical use',0,6,81),(1132,'2012','CN','IPA','Non-medical use',371,6,81),(1133,'2012','CN','DM','Medical use',0,6,81),(1134,'2012','CN','DM','Non-medical use',1660,6,81),(1135,'2012','CN','TU','Medical use',12,6,81),(1136,'2012','CN','TU','Non-medical use',6644,6,81),(1137,'2012','CN','HCE','Medical use',12,6,81),(1138,'2012','CN','HCE','Non-medical use',5517,6,81),(1139,'2012','CN','ISA','Medical use',0,6,81),(1140,'2012','CN','ISA','Non-medical use',1127,6,81),(1141,'2012','CN','IN','Medical use',0,6,81),(1142,'2012','CN','IN','Non-medical use',0,6,81),(1143,'2012','CN','GDP','Medical use',2,6,81),(1144,'2012','CN','GDP','Non-medical use',4394,6,81),(1145,'2013','CN','TS','Medical use',18,6,81),(1146,'2013','CN','TS','Non-medical use',7118,6,81),(1147,'2013','CN','DP','Medical use',18,6,81),(1148,'2013','CN','DP','Non-medical use',4950,6,81),(1149,'2013','CN','DMP','Medical use',3,6,81),(1150,'2013','CN','DMP','Non-medical use',4871,6,81),(1151,'2013','CN','DOP','Medical use',15,6,81),(1152,'2013','CN','DOP','Non-medical use',78,6,81),(1153,'2013','CN','IPA','Medical use',0,6,81),(1154,'2013','CN','IPA','Non-medical use',389,6,81),(1155,'2013','CN','DM','Medical use',0,6,81),(1156,'2013','CN','DM','Non-medical use',1779,6,81),(1157,'2013','CN','TU','Medical use',18,6,81),(1158,'2013','CN','TU','Non-medical use',7118,6,81),(1159,'2013','CN','HCE','Medical use',18,6,81),(1160,'2013','CN','HCE','Non-medical use',5826,6,81),(1161,'2013','CN','ISA','Medical use',0,6,81),(1162,'2013','CN','ISA','Non-medical use',1292,6,81),(1163,'2013','CN','IN','Medical use',0,6,81),(1164,'2013','CN','IN','Non-medical use',0,6,81),(1165,'2013','CN','GDP','Medical use',4,6,81),(1166,'2013','CN','GDP','Non-medical use',4714,6,81),(1167,'2014','CN','TS','Medical use',41,6,81),(1168,'2014','CN','TS','Non-medical use',7139,6,81),(1169,'2014','CN','DP','Medical use',38,6,81),(1170,'2014','CN','DP','Non-medical use',4964,6,81),(1171,'2014','CN','DMP','Medical use',22,6,81),(1172,'2014','CN','DMP','Non-medical use',4883,6,81),(1173,'2014','CN','DOP','Medical use',15,6,81),(1174,'2014','CN','DOP','Non-medical use',81,6,81),(1175,'2014','CN','IPA','Medical use',0,6,81),(1176,'2014','CN','IPA','Non-medical use',390,6,81),(1177,'2014','CN','DM','Medical use',4,6,81),(1178,'2014','CN','DM','Non-medical use',1784,6,81),(1179,'2014','CN','TU','Medical use',41,6,81),(1180,'2014','CN','TU','Non-medical use',7139,6,81),(1181,'2014','CN','HCE','Medical use',41,6,81),(1182,'2014','CN','HCE','Non-medical use',5844,6,81),(1183,'2014','CN','ISA','Medical use',0,6,81),(1184,'2014','CN','ISA','Non-medical use',1295,6,81),(1185,'2014','CN','IN','Medical use',0,6,81),(1186,'2014','CN','IN','Non-medical use',0,6,81),(1187,'2014','CN','GDP','Medical use',8,6,81),(1188,'2014','CN','GDP','Non-medical use',4707,6,81),(1189,'2015','CN','TS','Medical use',77,6,81),(1190,'2015','CN','TS','Non-medical use',6989,6,81),(1191,'2015','CN','DP','Medical use',69,6,81),(1192,'2015','CN','DP','Non-medical use',4860,6,81),(1193,'2015','CN','DMP','Medical use',50,6,81),(1194,'2015','CN','DMP','Non-medical use',4779,6,81),(1195,'2015','CN','DOP','Medical use',18,6,81),(1196,'2015','CN','DOP','Non-medical use',81,6,81),(1197,'2015','CN','IPA','Medical use',0,6,81),(1198,'2015','CN','IPA','Non-medical use',382,6,81),(1199,'2015','CN','DM','Medical use',8,6,81),(1200,'2015','CN','DM','Non-medical use',1747,6,81),(1201,'2015','CN','TU','Medical use',77,6,81),(1202,'2015','CN','TU','Non-medical use',6989,6,81),(1203,'2015','CN','HCE','Medical use',77,6,81),(1204,'2015','CN','HCE','Non-medical use',5722,6,81),(1205,'2015','CN','ISA','Medical use',0,6,81),(1206,'2015','CN','ISA','Non-medical use',1267,6,81),(1207,'2015','CN','IN','Medical use',0,6,81),(1208,'2015','CN','IN','Non-medical use',0,6,81),(1209,'2015','CN','GDP','Medical use',14,6,81),(1210,'2015','CN','GDP','Non-medical use',4605,6,81),(1211,'2016','CN','TS','Medical use',278,6,81),(1212,'2016','CN','TS','Non-medical use',6670,6,81),(1213,'2016','CN','DP','Medical use',244,6,81),(1214,'2016','CN','DP','Non-medical use',4638,6,81),(1215,'2016','CN','DMP','Medical use',209,6,81),(1216,'2016','CN','DMP','Non-medical use',4561,6,81),(1217,'2016','CN','DOP','Medical use',35,6,81),(1218,'2016','CN','DOP','Non-medical use',77,6,81),(1219,'2016','CN','IPA','Medical use',0,6,81),(1220,'2016','CN','IPA','Non-medical use',365,6,81),(1221,'2016','CN','DM','Medical use',33,6,81),(1222,'2016','CN','DM','Non-medical use',1667,6,81),(1223,'2016','CN','TU','Medical use',278,6,81),(1224,'2016','CN','TU','Non-medical use',6670,6,81),(1225,'2016','CN','HCE','Medical use',278,6,81),(1226,'2016','CN','HCE','Non-medical use',5461,6,81),(1227,'2016','CN','ISA','Medical use',0,6,81),(1228,'2016','CN','ISA','Non-medical use',1209,6,81),(1229,'2016','CN','IN','Medical use',0,6,81),(1230,'2016','CN','IN','Non-medical use',0,6,81),(1231,'2016','CN','GDP','Medical use',49,6,81),(1232,'2016','CN','GDP','Non-medical use',4392,6,81),(1233,'2017','CN','TS','Medical use',584,6,81),(1234,'2017','CN','TS','Non-medical use',6035,6,81),(1235,'2017','CN','DP','Medical use',508,6,81),(1236,'2017','CN','DP','Non-medical use',4197,6,81),(1237,'2017','CN','DMP','Medical use',477,6,81),(1238,'2017','CN','DMP','Non-medical use',4127,6,81),(1239,'2017','CN','DOP','Medical use',31,6,81),(1240,'2017','CN','DOP','Non-medical use',70,6,81),(1241,'2017','CN','IPA','Medical use',0,6,81),(1242,'2017','CN','IPA','Non-medical use',330,6,81),(1243,'2017','CN','DM','Medical use',77,6,81),(1244,'2017','CN','DM','Non-medical use',1508,6,81),(1245,'2017','CN','TU','Medical use',584,6,81),(1246,'2017','CN','TU','Non-medical use',6035,6,81),(1247,'2017','CN','HCE','Medical use',584,6,81),(1248,'2017','CN','HCE','Non-medical use',4941,6,81),(1249,'2017','CN','ISA','Medical use',0,6,81),(1250,'2017','CN','ISA','Non-medical use',1094,6,81),(1251,'2017','CN','IN','Medical use',0,6,81),(1252,'2017','CN','IN','Non-medical use',0,6,81),(1253,'2017','CN','GDP','Medical use',102,6,81),(1254,'2017','CN','GDP','Non-medical use',3974,6,81),(1255,'2018','CN','TS','Medical use',1758,6,81),(1256,'2018','CN','TS','Non-medical use',6099,6,81),(1257,'2018','CN','DP','Medical use',1601,6,81),(1258,'2018','CN','DP','Non-medical use',4286,6,81),(1259,'2018','CN','DMP','Medical use',1577,6,81),(1260,'2018','CN','DMP','Non-medical use',4215,6,81),(1261,'2018','CN','DOP','Medical use',24,6,81),(1262,'2018','CN','DOP','Non-medical use',71,6,81),(1263,'2018','CN','IPA','Medical use',0,6,81),(1264,'2018','CN','IPA','Non-medical use',325,6,81),(1265,'2018','CN','DM','Medical use',158,6,81),(1266,'2018','CN','DM','Non-medical use',1487,6,81),(1267,'2018','CN','TU','Medical use',1758,6,81),(1268,'2018','CN','TU','Non-medical use',6099,6,81),(1269,'2018','CN','HCE','Medical use',766,6,81),(1270,'2018','CN','HCE','Non-medical use',4984,6,81),(1271,'2018','CN','ISA','Medical use',0,6,81),(1272,'2018','CN','ISA','Non-medical use',1115,6,81),(1273,'2018','CN','IN','Medical use',992,6,81),(1274,'2018','CN','IN','Non-medical use',0,6,81),(1275,'2018','CN','GDP','Medical use',645,6,81),(1276,'2018','CN','GDP','Non-medical use',4054,6,81);
/*!40000 ALTER TABLE `cannabis_supply_use` ENABLE KEYS */;
UNLOCK TABLES;

--
-- Table structure for table `companies`
--

DROP TABLE IF EXISTS `companies`;
/*!40101 SET @saved_cs_client     = @@character_set_client */;
 SET character_set_client = utf8mb4 ;
CREATE TABLE `companies` (
  `Company_ID` varchar(45) NOT NULL,
  `Company_name` varchar(45) DEFAULT NULL,
  PRIMARY KEY (`Company_ID`)
) ENGINE=InnoDB DEFAULT CHARSET=utf8mb4 COLLATE=utf8mb4_0900_ai_ci;
/*!40101 SET character_set_client = @saved_cs_client */;

--
-- Dumping data for table `companies`
--

LOCK TABLES `companies` WRITE;
/*!40000 ALTER TABLE `companies` DISABLE KEYS */;
INSERT INTO `companies` VALUES ('ALL','Total companies'),('CNNL','Canadian National'),('CNPC','Canadian Pacific'),('RGRL','Regional railways'),('VIAR','VIA Rail');
/*!40000 ALTER TABLE `companies` ENABLE KEYS */;
UNLOCK TABLES;

--
-- Table structure for table `education_levels`
--

DROP TABLE IF EXISTS `education_levels`;
/*!40101 SET @saved_cs_client     = @@character_set_client */;
 SET character_set_client = utf8mb4 ;
CREATE TABLE `education_levels` (
  `Level_ID` varchar(45) NOT NULL,
  `Level` varchar(45) DEFAULT NULL,
  PRIMARY KEY (`Level_ID`)
) ENGINE=InnoDB DEFAULT CHARSET=utf8mb4 COLLATE=utf8mb4_0900_ai_ci;
/*!40101 SET character_set_client = @saved_cs_client */;

--
-- Dumping data for table `education_levels`
--

LOCK TABLES `education_levels` WRITE;
/*!40000 ALTER TABLE `education_levels` DISABLE KEYS */;
INSERT INTO `education_levels` VALUES ('ALL','All levels combined'),('CL','College'),('EL','Pre-elementary, elementary-secondary'),('PS','Post-secondary levels combined'),('UN','University');
/*!40000 ALTER TABLE `education_levels` ENABLE KEYS */;
UNLOCK TABLES;

--
-- Table structure for table `educationexpenditures`
--

DROP TABLE IF EXISTS `education_expenditures`;
/*!40101 SET @saved_cs_client     = @@character_set_client */;
 SET character_set_client = utf8mb4 ;
CREATE TABLE `education_expenditures` (
  `Expenditure_ID` int(11) NOT NULL AUTO_INCREMENT,
  `FromYear` varchar(45) DEFAULT NULL,
  `ToYear` varchar(45) DEFAULT NULL,
  `Location_ID` varchar(11) DEFAULT NULL,
  `Edu_level_ID` varchar(45) DEFAULT NULL,
  `Statistics` varchar(45) DEFAULT NULL,
  `Value` double DEFAULT NULL,
  `Scalar_ID` int(11) DEFAULT NULL,
  `UOM_ID` int(11) DEFAULT NULL,
  PRIMARY KEY (`Expenditure_ID`),
  KEY `Location_ID_idx` (`Location_ID`),
  KEY `EducationLevel_idx` (`Edu_level_ID`),
  KEY `Unit_idx` (`UOM_ID`),
  KEY `Scalar_idx` (`Scalar_ID`),
  CONSTRAINT `EducationLevel` FOREIGN KEY (`Edu_level_ID`) REFERENCES `education_levels` (`Level_ID`),
  CONSTRAINT `Location_ID` FOREIGN KEY (`Location_ID`) REFERENCES `locations` (`Location_ID`),
  CONSTRAINT `Scalar` FOREIGN KEY (`Scalar_ID`) REFERENCES `scalars` (`Scalar_ID`),
  CONSTRAINT `Unit` FOREIGN KEY (`UOM_ID`) REFERENCES `measures` (`Unit_of_measure_ID`)
) ENGINE=InnoDB AUTO_INCREMENT=1882 DEFAULT CHARSET=utf8mb4 COLLATE=utf8mb4_0900_ai_ci;
/*!40101 SET character_set_client = @saved_cs_client */;

--
-- Dumping data for table `education_expenditures`
--

LOCK TABLES `education_expenditures` WRITE;
/*!40000 ALTER TABLE `education_expenditures` DISABLE KEYS */;
INSERT INTO `education_expenditures` VALUES (1,'2007','2008','CN','ALL','Constant dollars',100181,0,81),(2,'2007','2008','CN','ALL','Percentage distribution of  expenditures',100,0,239),(3,'2007','2008','CN','ALL','Index of change',100,0,160),(4,'2007','2008','CN','EL','Constant dollars',58941,0,81),(5,'2007','2008','CN','EL','Percentage distribution of  expenditures',58.8,0,239),(6,'2007','2008','CN','EL','Index of change',100,0,160),(7,'2007','2008','CN','PS','Constant dollars',41240,0,81),(8,'2007','2008','CN','PS','Percentage distribution of  expenditures',41.2,0,239),(9,'2007','2008','CN','PS','Index of change',100,0,160),(10,'2007','2008','CN','CL','Constant dollars',15269,0,81),(11,'2007','2008','CN','CL','Percentage distribution of  expenditures',15.2,0,239),(12,'2007','2008','CN','CL','Index of change',100,0,160),(13,'2007','2008','CN','UN','Constant dollars',25972,0,81),(14,'2007','2008','CN','UN','Percentage distribution of  expenditures',25.9,0,239),(15,'2007','2008','CN','UN','Index of change',100,0,160),(16,'2007','2008','NL','ALL','Constant dollars',1587,0,81),(17,'2007','2008','NL','ALL','Percentage distribution of  expenditures',100,0,239),(18,'2007','2008','NL','ALL','Index of change',100,0,160),(19,'2007','2008','NL','EL','Constant dollars',884,0,81),(20,'2007','2008','NL','EL','Percentage distribution of  expenditures',55.7,0,239),(21,'2007','2008','NL','EL','Index of change',100,0,160),(22,'2007','2008','NL','PS','Constant dollars',703,0,81),(23,'2007','2008','NL','PS','Percentage distribution of  expenditures',44.3,0,239),(24,'2007','2008','NL','PS','Index of change',100,0,160),(25,'2007','2008','NL','CL','Constant dollars',234,0,81),(26,'2007','2008','NL','CL','Percentage distribution of  expenditures',14.8,0,239),(27,'2007','2008','NL','CL','Index of change',100,0,160),(28,'2007','2008','NL','UN','Constant dollars',469,0,81),(29,'2007','2008','NL','UN','Percentage distribution of  expenditures',29.6,0,239),(30,'2007','2008','NL','UN','Index of change',100,0,160),(31,'2007','2008','PE','ALL','Constant dollars',400,0,81),(32,'2007','2008','PE','ALL','Percentage distribution of  expenditures',100,0,239),(33,'2007','2008','PE','ALL','Index of change',100,0,160),(34,'2007','2008','PE','EL','Constant dollars',206,0,81),(35,'2007','2008','PE','EL','Percentage distribution of  expenditures',51.5,0,239),(36,'2007','2008','PE','EL','Index of change',100,0,160),(37,'2007','2008','PE','PS','Constant dollars',193,0,81),(38,'2007','2008','PE','PS','Percentage distribution of  expenditures',48.2,0,239),(39,'2007','2008','PE','PS','Index of change',100,0,160),(40,'2007','2008','PE','CL','Constant dollars',74,0,81),(41,'2007','2008','PE','CL','Percentage distribution of  expenditures',18.6,0,239),(42,'2007','2008','PE','CL','Index of change',100,0,160),(43,'2007','2008','PE','UN','Constant dollars',118,0,81),(44,'2007','2008','PE','UN','Percentage distribution of  expenditures',29.6,0,239),(45,'2007','2008','PE','UN','Index of change',100,0,160),(46,'2007','2008','NS','ALL','Constant dollars',2678,0,81),(47,'2007','2008','NS','ALL','Percentage distribution of  expenditures',100,0,239),(48,'2007','2008','NS','ALL','Index of change',100,0,160),(49,'2007','2008','NS','EL','Constant dollars',1416,0,81),(50,'2007','2008','NS','EL','Percentage distribution of  expenditures',52.9,0,239),(51,'2007','2008','NS','EL','Index of change',100,0,160),(52,'2007','2008','NS','PS','Constant dollars',1262,0,81),(53,'2007','2008','NS','PS','Percentage distribution of  expenditures',47.1,0,239),(54,'2007','2008','NS','PS','Index of change',100,0,160),(55,'2007','2008','NS','CL','Constant dollars',299,0,81),(56,'2007','2008','NS','CL','Percentage distribution of  expenditures',11.2,0,239),(57,'2007','2008','NS','CL','Index of change',100,0,160),(58,'2007','2008','NS','UN','Constant dollars',963,0,81),(59,'2007','2008','NS','UN','Percentage distribution of  expenditures',35.9,0,239),(60,'2007','2008','NS','UN','Index of change',100,0,160),(61,'2007','2008','NB','ALL','Constant dollars',2079,0,81),(62,'2007','2008','NB','ALL','Percentage distribution of  expenditures',100,0,239),(63,'2007','2008','NB','ALL','Index of change',100,0,160),(64,'2007','2008','NB','EL','Constant dollars',1215,0,81),(65,'2007','2008','NB','EL','Percentage distribution of  expenditures',58.4,0,239),(66,'2007','2008','NB','EL','Index of change',100,0,160),(67,'2007','2008','NB','PS','Constant dollars',865,0,81),(68,'2007','2008','NB','PS','Percentage distribution of  expenditures',41.6,0,239),(69,'2007','2008','NB','PS','Index of change',100,0,160),(70,'2007','2008','NB','CL','Constant dollars',255,0,81),(71,'2007','2008','NB','CL','Percentage distribution of  expenditures',12.3,0,239),(72,'2007','2008','NB','CL','Index of change',100,0,160),(73,'2007','2008','NB','UN','Constant dollars',610,0,81),(74,'2007','2008','NB','UN','Percentage distribution of  expenditures',29.3,0,239),(75,'2007','2008','NB','UN','Index of change',100,0,160),(76,'2007','2008','QC','ALL','Constant dollars',22221,0,81),(77,'2007','2008','QC','ALL','Percentage distribution of  expenditures',100,0,239),(78,'2007','2008','QC','ALL','Index of change',100,0,160),(79,'2007','2008','QC','EL','Constant dollars',12583,0,81),(80,'2007','2008','QC','EL','Percentage distribution of  expenditures',56.6,0,239),(81,'2007','2008','QC','EL','Index of change',100,0,160),(82,'2007','2008','QC','PS','Constant dollars',9638,0,81),(83,'2007','2008','QC','PS','Percentage distribution of  expenditures',43.4,0,239),(84,'2007','2008','QC','PS','Index of change',100,0,160),(85,'2007','2008','QC','CL','Constant dollars',4161,0,81),(86,'2007','2008','QC','CL','Percentage distribution of  expenditures',18.7,0,239),(87,'2007','2008','QC','CL','Index of change',100,0,160),(88,'2007','2008','QC','UN','Constant dollars',5477,0,81),(89,'2007','2008','QC','UN','Percentage distribution of  expenditures',24.6,0,239),(90,'2007','2008','QC','UN','Index of change',100,0,160),(91,'2007','2008','ON','ALL','Constant dollars',39540,0,81),(92,'2007','2008','ON','ALL','Percentage distribution of  expenditures',100,0,239),(93,'2007','2008','ON','ALL','Index of change',100,0,160),(94,'2007','2008','ON','EL','Constant dollars',24202,0,81),(95,'2007','2008','ON','EL','Percentage distribution of  expenditures',61.2,0,239),(96,'2007','2008','ON','EL','Index of change',100,0,160),(97,'2007','2008','ON','PS','Constant dollars',15338,0,81),(98,'2007','2008','ON','PS','Percentage distribution of  expenditures',38.8,0,239),(99,'2007','2008','ON','PS','Index of change',100,0,160),(100,'2007','2008','ON','CL','Constant dollars',4826,0,81),(101,'2007','2008','ON','CL','Percentage distribution of  expenditures',12.2,0,239),(102,'2007','2008','ON','CL','Index of change',100,0,160),(103,'2007','2008','ON','UN','Constant dollars',10512,0,81),(104,'2007','2008','ON','UN','Percentage distribution of  expenditures',26.6,0,239),(105,'2007','2008','ON','UN','Index of change',100,0,160),(106,'2007','2008','MB','ALL','Constant dollars',3642,0,81),(107,'2007','2008','MB','ALL','Percentage distribution of  expenditures',100,0,239),(108,'2007','2008','MB','ALL','Index of change',100,0,160),(109,'2007','2008','MB','EL','Constant dollars',2442,0,81),(110,'2007','2008','MB','EL','Percentage distribution of  expenditures',67.1,0,239),(111,'2007','2008','MB','EL','Index of change',100,0,160),(112,'2007','2008','MB','PS','Constant dollars',1200,0,81),(113,'2007','2008','MB','PS','Percentage distribution of  expenditures',32.9,0,239),(114,'2007','2008','MB','PS','Index of change',100,0,160),(115,'2007','2008','MB','CL','Constant dollars',413,0,81),(116,'2007','2008','MB','CL','Percentage distribution of  expenditures',11.3,0,239),(117,'2007','2008','MB','CL','Index of change',100,0,160),(118,'2007','2008','MB','UN','Constant dollars',787,0,81),(119,'2007','2008','MB','UN','Percentage distribution of  expenditures',21.6,0,239),(120,'2007','2008','MB','UN','Index of change',100,0,160),(121,'2007','2008','SK','ALL','Constant dollars',4232,0,81),(122,'2007','2008','SK','ALL','Percentage distribution of  expenditures',100,0,239),(123,'2007','2008','SK','ALL','Index of change',100,0,160),(124,'2007','2008','SK','EL','Constant dollars',2536,0,81),(125,'2007','2008','SK','EL','Percentage distribution of  expenditures',59.9,0,239),(126,'2007','2008','SK','EL','Index of change',100,0,160),(127,'2007','2008','SK','PS','Constant dollars',1697,0,81),(128,'2007','2008','SK','PS','Percentage distribution of  expenditures',40.1,0,239),(129,'2007','2008','SK','PS','Index of change',100,0,160),(130,'2007','2008','SK','CL','Constant dollars',608,0,81),(131,'2007','2008','SK','CL','Percentage distribution of  expenditures',14.4,0,239),(132,'2007','2008','SK','CL','Index of change',100,0,160),(133,'2007','2008','SK','UN','Constant dollars',1088,0,81),(134,'2007','2008','SK','UN','Percentage distribution of  expenditures',25.7,0,239),(135,'2007','2008','SK','UN','Index of change',100,0,160),(136,'2007','2008','AL','ALL','Constant dollars',11397,0,81),(137,'2007','2008','AL','ALL','Percentage distribution of  expenditures',100,0,239),(138,'2007','2008','AL','ALL','Index of change',100,0,160),(139,'2007','2008','AL','EL','Constant dollars',6372,0,81),(140,'2007','2008','AL','EL','Percentage distribution of  expenditures',55.9,0,239),(141,'2007','2008','AL','EL','Index of change',100,0,160),(142,'2007','2008','AL','PS','Constant dollars',5026,0,81),(143,'2007','2008','AL','PS','Percentage distribution of  expenditures',44.1,0,239),(144,'2007','2008','AL','PS','Index of change',100,0,160),(145,'2007','2008','AL','CL','Constant dollars',2152,0,81),(146,'2007','2008','AL','CL','Percentage distribution of  expenditures',18.9,0,239),(147,'2007','2008','AL','CL','Index of change',100,0,160),(148,'2007','2008','AL','UN','Constant dollars',2874,0,81),(149,'2007','2008','AL','UN','Percentage distribution of  expenditures',25.2,0,239),(150,'2007','2008','AL','UN','Index of change',100,0,160),(151,'2007','2008','BC','ALL','Constant dollars',11770,0,81),(152,'2007','2008','BC','ALL','Percentage distribution of  expenditures',100,0,239),(153,'2007','2008','BC','ALL','Index of change',100,0,160),(154,'2007','2008','BC','EL','Constant dollars',6662,0,81),(155,'2007','2008','BC','EL','Percentage distribution of  expenditures',56.6,0,239),(156,'2007','2008','BC','EL','Index of change',100,0,160),(157,'2007','2008','BC','PS','Constant dollars',5109,0,81),(158,'2007','2008','BC','PS','Percentage distribution of  expenditures',43.4,0,239),(159,'2007','2008','BC','PS','Index of change',100,0,160),(160,'2007','2008','BC','CL','Constant dollars',2028,0,81),(161,'2007','2008','BC','CL','Percentage distribution of  expenditures',17.2,0,239),(162,'2007','2008','BC','CL','Index of change',100,0,160),(163,'2007','2008','BC','UN','Constant dollars',3081,0,81),(164,'2007','2008','BC','UN','Percentage distribution of  expenditures',26.2,0,239),(165,'2007','2008','BC','UN','Index of change',100,0,160),(166,'2007','2008','YT','ALL','Constant dollars',151,0,81),(167,'2007','2008','YT','ALL','Percentage distribution of  expenditures',100,0,239),(168,'2007','2008','YT','ALL','Index of change',100,0,160),(169,'2007','2008','YT','EL','Constant dollars',108,0,81),(170,'2007','2008','YT','EL','Percentage distribution of  expenditures',71.3,0,239),(171,'2007','2008','YT','EL','Index of change',100,0,160),(172,'2007','2008','YT','PS','Constant dollars',43,0,81),(173,'2007','2008','YT','PS','Percentage distribution of  expenditures',28.7,0,239),(174,'2007','2008','YT','PS','Index of change',100,0,160),(175,'2007','2008','YT','CL','Constant dollars',43,0,81),(176,'2007','2008','YT','CL','Percentage distribution of  expenditures',28.7,0,239),(177,'2007','2008','YT','CL','Index of change',100,0,160),(178,'2007','2008','YT','UN','Constant dollars',NULL,0,81),(179,'2007','2008','YT','UN','Percentage distribution of  expenditures',NULL,0,239),(180,'2007','2008','YT','UN','Index of change',NULL,0,160),(181,'2007','2008','NT','ALL','Constant dollars',363,0,81),(182,'2007','2008','NT','ALL','Percentage distribution of  expenditures',100,0,239),(183,'2007','2008','NT','ALL','Index of change',100,0,160),(184,'2007','2008','NT','EL','Constant dollars',238,0,81),(185,'2007','2008','NT','EL','Percentage distribution of  expenditures',65.5,0,239),(186,'2007','2008','NT','EL','Index of change',100,0,160),(187,'2007','2008','NT','PS','Constant dollars',125,0,81),(188,'2007','2008','NT','PS','Percentage distribution of  expenditures',34.5,0,239),(189,'2007','2008','NT','PS','Index of change',100,0,160),(190,'2007','2008','NT','CL','Constant dollars',125,0,81),(191,'2007','2008','NT','CL','Percentage distribution of  expenditures',34.5,0,239),(192,'2007','2008','NT','CL','Index of change',100,0,160),(193,'2007','2008','NT','UN','Constant dollars',NULL,0,81),(194,'2007','2008','NT','UN','Percentage distribution of  expenditures',NULL,0,239),(195,'2007','2008','NT','UN','Index of change',NULL,0,160),(196,'2007','2008','NU','ALL','Constant dollars',212,0,81),(197,'2007','2008','NU','ALL','Percentage distribution of  expenditures',100,0,239),(198,'2007','2008','NU','ALL','Index of change',100,0,160),(199,'2007','2008','NU','EL','Constant dollars',158,0,81),(200,'2007','2008','NU','EL','Percentage distribution of  expenditures',74.6,0,239),(201,'2007','2008','NU','EL','Index of change',100,0,160),(202,'2007','2008','NU','PS','Constant dollars',54,0,81),(203,'2007','2008','NU','PS','Percentage distribution of  expenditures',25.4,0,239),(204,'2007','2008','NU','PS','Index of change',100,0,160),(205,'2007','2008','NU','CL','Constant dollars',54,0,81),(206,'2007','2008','NU','CL','Percentage distribution of  expenditures',25.4,0,239),(207,'2007','2008','NU','CL','Index of change',100,0,160),(208,'2007','2008','NU','UN','Constant dollars',NULL,0,81),(209,'2007','2008','NU','UN','Percentage distribution of  expenditures',NULL,0,239),(210,'2007','2008','NU','UN','Index of change',NULL,0,160),(211,'2008','2009','CN','ALL','Constant dollars',100920,0,81),(212,'2008','2009','CN','ALL','Percentage distribution of  expenditures',100,0,239),(213,'2008','2009','CN','ALL','Index of change',101,0,160),(214,'2008','2009','CN','EL','Constant dollars',60542,0,81),(215,'2008','2009','CN','EL','Percentage distribution of  expenditures',60,0,239),(216,'2008','2009','CN','EL','Index of change',103,0,160),(217,'2008','2009','CN','PS','Constant dollars',40378,0,81),(218,'2008','2009','CN','PS','Percentage distribution of  expenditures',40,0,239),(219,'2008','2009','CN','PS','Index of change',98,0,160),(220,'2008','2009','CN','CL','Constant dollars',15986,0,81),(221,'2008','2009','CN','CL','Percentage distribution of  expenditures',15.8,0,239),(222,'2008','2009','CN','CL','Index of change',105,0,160),(223,'2008','2009','CN','UN','Constant dollars',24392,0,81),(224,'2008','2009','CN','UN','Percentage distribution of  expenditures',24.2,0,239),(225,'2008','2009','CN','UN','Index of change',94,0,160),(226,'2008','2009','NL','ALL','Constant dollars',1493,0,81),(227,'2008','2009','NL','ALL','Percentage distribution of  expenditures',100,0,239),(228,'2008','2009','NL','ALL','Index of change',94,0,160),(229,'2008','2009','NL','EL','Constant dollars',843,0,81),(230,'2008','2009','NL','EL','Percentage distribution of  expenditures',56.5,0,239),(231,'2008','2009','NL','EL','Index of change',95,0,160),(232,'2008','2009','NL','PS','Constant dollars',650,0,81),(233,'2008','2009','NL','PS','Percentage distribution of  expenditures',43.5,0,239),(234,'2008','2009','NL','PS','Index of change',92,0,160),(235,'2008','2009','NL','CL','Constant dollars',214,0,81),(236,'2008','2009','NL','CL','Percentage distribution of  expenditures',14.3,0,239),(237,'2008','2009','NL','CL','Index of change',91,0,160),(238,'2008','2009','NL','UN','Constant dollars',437,0,81),(239,'2008','2009','NL','UN','Percentage distribution of  expenditures',29.2,0,239),(240,'2008','2009','NL','UN','Index of change',93,0,160),(241,'2008','2009','PE','ALL','Constant dollars',440,0,81),(242,'2008','2009','PE','ALL','Percentage distribution of  expenditures',100,0,239),(243,'2008','2009','PE','ALL','Index of change',110,0,160),(244,'2008','2009','PE','EL','Constant dollars',228,0,81),(245,'2008','2009','PE','EL','Percentage distribution of  expenditures',51.8,0,239),(246,'2008','2009','PE','EL','Index of change',110,0,160),(247,'2008','2009','PE','PS','Constant dollars',212,0,81),(248,'2008','2009','PE','PS','Percentage distribution of  expenditures',48.2,0,239),(249,'2008','2009','PE','PS','Index of change',110,0,160),(250,'2008','2009','PE','CL','Constant dollars',79,0,81),(251,'2008','2009','PE','CL','Percentage distribution of  expenditures',17.9,0,239),(252,'2008','2009','PE','CL','Index of change',106,0,160),(253,'2008','2009','PE','UN','Constant dollars',133,0,81),(254,'2008','2009','PE','UN','Percentage distribution of  expenditures',30.3,0,239),(255,'2008','2009','PE','UN','Index of change',113,0,160),(256,'2008','2009','NS','ALL','Constant dollars',2674,0,81),(257,'2008','2009','NS','ALL','Percentage distribution of  expenditures',100,0,239),(258,'2008','2009','NS','ALL','Index of change',100,0,160),(259,'2008','2009','NS','EL','Constant dollars',1507,0,81),(260,'2008','2009','NS','EL','Percentage distribution of  expenditures',56.3,0,239),(261,'2008','2009','NS','EL','Index of change',106,0,160),(262,'2008','2009','NS','PS','Constant dollars',1168,0,81),(263,'2008','2009','NS','PS','Percentage distribution of  expenditures',43.7,0,239),(264,'2008','2009','NS','PS','Index of change',93,0,160),(265,'2008','2009','NS','CL','Constant dollars',319,0,81),(266,'2008','2009','NS','CL','Percentage distribution of  expenditures',11.9,0,239),(267,'2008','2009','NS','CL','Index of change',107,0,160),(268,'2008','2009','NS','UN','Constant dollars',848,0,81),(269,'2008','2009','NS','UN','Percentage distribution of  expenditures',31.7,0,239),(270,'2008','2009','NS','UN','Index of change',88,0,160),(271,'2008','2009','NB','ALL','Constant dollars',2073,0,81),(272,'2008','2009','NB','ALL','Percentage distribution of  expenditures',100,0,239),(273,'2008','2009','NB','ALL','Index of change',100,0,160),(274,'2008','2009','NB','EL','Constant dollars',1293,0,81),(275,'2008','2009','NB','EL','Percentage distribution of  expenditures',62.4,0,239),(276,'2008','2009','NB','EL','Index of change',106,0,160),(277,'2008','2009','NB','PS','Constant dollars',780,0,81),(278,'2008','2009','NB','PS','Percentage distribution of  expenditures',37.6,0,239),(279,'2008','2009','NB','PS','Index of change',90,0,160),(280,'2008','2009','NB','CL','Constant dollars',271,0,81),(281,'2008','2009','NB','CL','Percentage distribution of  expenditures',13.1,0,239),(282,'2008','2009','NB','CL','Index of change',106,0,160),(283,'2008','2009','NB','UN','Constant dollars',510,0,81),(284,'2008','2009','NB','UN','Percentage distribution of  expenditures',24.6,0,239),(285,'2008','2009','NB','UN','Index of change',84,0,160),(286,'2008','2009','QC','ALL','Constant dollars',22865,0,81),(287,'2008','2009','QC','ALL','Percentage distribution of  expenditures',100,0,239),(288,'2008','2009','QC','ALL','Index of change',103,0,160),(289,'2008','2009','QC','EL','Constant dollars',12716,0,81),(290,'2008','2009','QC','EL','Percentage distribution of  expenditures',55.6,0,239),(291,'2008','2009','QC','EL','Index of change',101,0,160),(292,'2008','2009','QC','PS','Constant dollars',10148,0,81),(293,'2008','2009','QC','PS','Percentage distribution of  expenditures',44.4,0,239),(294,'2008','2009','QC','PS','Index of change',105,0,160),(295,'2008','2009','QC','CL','Constant dollars',4384,0,81),(296,'2008','2009','QC','CL','Percentage distribution of  expenditures',19.2,0,239),(297,'2008','2009','QC','CL','Index of change',105,0,160),(298,'2008','2009','QC','UN','Constant dollars',5764,0,81),(299,'2008','2009','QC','UN','Percentage distribution of  expenditures',25.2,0,239),(300,'2008','2009','QC','UN','Index of change',105,0,160),(301,'2008','2009','ON','ALL','Constant dollars',39910,0,81),(302,'2008','2009','ON','ALL','Percentage distribution of  expenditures',100,0,239),(303,'2008','2009','ON','ALL','Index of change',101,0,160),(304,'2008','2009','ON','EL','Constant dollars',25199,0,81),(305,'2008','2009','ON','EL','Percentage distribution of  expenditures',63.1,0,239),(306,'2008','2009','ON','EL','Index of change',104,0,160),(307,'2008','2009','ON','PS','Constant dollars',14711,0,81),(308,'2008','2009','ON','PS','Percentage distribution of  expenditures',36.9,0,239),(309,'2008','2009','ON','PS','Index of change',96,0,160),(310,'2008','2009','ON','CL','Constant dollars',5431,0,81),(311,'2008','2009','ON','CL','Percentage distribution of  expenditures',13.6,0,239),(312,'2008','2009','ON','CL','Index of change',113,0,160),(313,'2008','2009','ON','UN','Constant dollars',9280,0,81),(314,'2008','2009','ON','UN','Percentage distribution of  expenditures',23.3,0,239),(315,'2008','2009','ON','UN','Index of change',88,0,160),(316,'2008','2009','MB','ALL','Constant dollars',3675,0,81),(317,'2008','2009','MB','ALL','Percentage distribution of  expenditures',100,0,239),(318,'2008','2009','MB','ALL','Index of change',101,0,160),(319,'2008','2009','MB','EL','Constant dollars',2447,0,81),(320,'2008','2009','MB','EL','Percentage distribution of  expenditures',66.6,0,239),(321,'2008','2009','MB','EL','Index of change',100,0,160),(322,'2008','2009','MB','PS','Constant dollars',1226,0,81),(323,'2008','2009','MB','PS','Percentage distribution of  expenditures',33.4,0,239),(324,'2008','2009','MB','PS','Index of change',102,0,160),(325,'2008','2009','MB','CL','Constant dollars',430,0,81),(326,'2008','2009','MB','CL','Percentage distribution of  expenditures',11.7,0,239),(327,'2008','2009','MB','CL','Index of change',104,0,160),(328,'2008','2009','MB','UN','Constant dollars',796,0,81),(329,'2008','2009','MB','UN','Percentage distribution of  expenditures',21.7,0,239),(330,'2008','2009','MB','UN','Index of change',101,0,160),(331,'2008','2009','SK','ALL','Constant dollars',3808,0,81),(332,'2008','2009','SK','ALL','Percentage distribution of  expenditures',100,0,239),(333,'2008','2009','SK','ALL','Index of change',90,0,160),(334,'2008','2009','SK','EL','Constant dollars',2262,0,81),(335,'2008','2009','SK','EL','Percentage distribution of  expenditures',59.4,0,239),(336,'2008','2009','SK','EL','Index of change',89,0,160),(337,'2008','2009','SK','PS','Constant dollars',1546,0,81),(338,'2008','2009','SK','PS','Percentage distribution of  expenditures',40.6,0,239),(339,'2008','2009','SK','PS','Index of change',91,0,160),(340,'2008','2009','SK','CL','Constant dollars',587,0,81),(341,'2008','2009','SK','CL','Percentage distribution of  expenditures',15.4,0,239),(342,'2008','2009','SK','CL','Index of change',97,0,160),(343,'2008','2009','SK','UN','Constant dollars',959,0,81),(344,'2008','2009','SK','UN','Percentage distribution of  expenditures',25.2,0,239),(345,'2008','2009','SK','UN','Index of change',88,0,160),(346,'2008','2009','AL','ALL','Constant dollars',12157,0,81),(347,'2008','2009','AL','ALL','Percentage distribution of  expenditures',100,0,239),(348,'2008','2009','AL','ALL','Index of change',107,0,160),(349,'2008','2009','AL','EL','Constant dollars',7190,0,81),(350,'2008','2009','AL','EL','Percentage distribution of  expenditures',59.1,0,239),(351,'2008','2009','AL','EL','Index of change',113,0,160),(352,'2008','2009','AL','PS','Constant dollars',4968,0,81),(353,'2008','2009','AL','PS','Percentage distribution of  expenditures',40.9,0,239),(354,'2008','2009','AL','PS','Index of change',99,0,160),(355,'2008','2009','AL','CL','Constant dollars',2167,0,81),(356,'2008','2009','AL','CL','Percentage distribution of  expenditures',17.8,0,239),(357,'2008','2009','AL','CL','Index of change',101,0,160),(358,'2008','2009','AL','UN','Constant dollars',2802,0,81),(359,'2008','2009','AL','UN','Percentage distribution of  expenditures',23,0,239),(360,'2008','2009','AL','UN','Index of change',97,0,160),(361,'2008','2009','BC','ALL','Constant dollars',11840,0,81),(362,'2008','2009','BC','ALL','Percentage distribution of  expenditures',100,0,239),(363,'2008','2009','BC','ALL','Index of change',101,0,160),(364,'2008','2009','BC','EL','Constant dollars',6813,0,81),(365,'2008','2009','BC','EL','Percentage distribution of  expenditures',57.5,0,239),(366,'2008','2009','BC','EL','Index of change',102,0,160),(367,'2008','2009','BC','PS','Constant dollars',5028,0,81),(368,'2008','2009','BC','PS','Percentage distribution of  expenditures',42.5,0,239),(369,'2008','2009','BC','PS','Index of change',98,0,160),(370,'2008','2009','BC','CL','Constant dollars',1998,0,81),(371,'2008','2009','BC','CL','Percentage distribution of  expenditures',16.9,0,239),(372,'2008','2009','BC','CL','Index of change',99,0,160),(373,'2008','2009','BC','UN','Constant dollars',3030,0,81),(374,'2008','2009','BC','UN','Percentage distribution of  expenditures',25.6,0,239),(375,'2008','2009','BC','UN','Index of change',98,0,160),(376,'2008','2009','YT','ALL','Constant dollars',152,0,81),(377,'2008','2009','YT','ALL','Percentage distribution of  expenditures',100,0,239),(378,'2008','2009','YT','ALL','Index of change',101,0,160),(379,'2008','2009','YT','EL','Constant dollars',105,0,81),(380,'2008','2009','YT','EL','Percentage distribution of  expenditures',69.4,0,239),(381,'2008','2009','YT','EL','Index of change',98,0,160),(382,'2008','2009','YT','PS','Constant dollars',48,0,81),(383,'2008','2009','YT','PS','Percentage distribution of  expenditures',31.3,0,239),(384,'2008','2009','YT','PS','Index of change',110,0,160),(385,'2008','2009','YT','CL','Constant dollars',48,0,81),(386,'2008','2009','YT','CL','Percentage distribution of  expenditures',31.3,0,239),(387,'2008','2009','YT','CL','Index of change',110,0,160),(388,'2008','2009','YT','UN','Constant dollars',NULL,0,81),(389,'2008','2009','YT','UN','Percentage distribution of  expenditures',NULL,0,239),(390,'2008','2009','YT','UN','Index of change',NULL,0,160),(391,'2008','2009','NT','ALL','Constant dollars',287,0,81),(392,'2008','2009','NT','ALL','Percentage distribution of  expenditures',100,0,239),(393,'2008','2009','NT','ALL','Index of change',79,0,160),(394,'2008','2009','NT','EL','Constant dollars',210,0,81),(395,'2008','2009','NT','EL','Percentage distribution of  expenditures',73.2,0,239),(396,'2008','2009','NT','EL','Index of change',88,0,160),(397,'2008','2009','NT','PS','Constant dollars',76,0,81),(398,'2008','2009','NT','PS','Percentage distribution of  expenditures',26.5,0,239),(399,'2008','2009','NT','PS','Index of change',61,0,160),(400,'2008','2009','NT','CL','Constant dollars',76,0,81),(401,'2008','2009','NT','CL','Percentage distribution of  expenditures',26.5,0,239),(402,'2008','2009','NT','CL','Index of change',61,0,160),(403,'2008','2009','NT','UN','Constant dollars',NULL,0,81),(404,'2008','2009','NT','UN','Percentage distribution of  expenditures',NULL,0,239),(405,'2008','2009','NT','UN','Index of change',NULL,0,160),(406,'2008','2009','NU','ALL','Constant dollars',225,0,81),(407,'2008','2009','NU','ALL','Percentage distribution of  expenditures',100,0,239),(408,'2008','2009','NU','ALL','Index of change',106,0,160),(409,'2008','2009','NU','EL','Constant dollars',161,0,81),(410,'2008','2009','NU','EL','Percentage distribution of  expenditures',71.6,0,239),(411,'2008','2009','NU','EL','Index of change',102,0,160),(412,'2008','2009','NU','PS','Constant dollars',63,0,81),(413,'2008','2009','NU','PS','Percentage distribution of  expenditures',27.9,0,239),(414,'2008','2009','NU','PS','Index of change',116,0,160),(415,'2008','2009','NU','CL','Constant dollars',63,0,81),(416,'2008','2009','NU','CL','Percentage distribution of  expenditures',27.9,0,239),(417,'2008','2009','NU','CL','Index of change',116,0,160),(418,'2008','2009','NU','UN','Constant dollars',NULL,0,81),(419,'2008','2009','NU','UN','Percentage distribution of  expenditures',NULL,0,239),(420,'2008','2009','NU','UN','Index of change',NULL,0,160),(421,'2009','2010','CN','ALL','Constant dollars',111329,0,81),(422,'2009','2010','CN','ALL','Percentage distribution of  expenditures',100,0,239),(423,'2009','2010','CN','ALL','Index of change',111,0,160),(424,'2009','2010','CN','EL','Constant dollars',65076,0,81),(425,'2009','2010','CN','EL','Percentage distribution of  expenditures',58.5,0,239),(426,'2009','2010','CN','EL','Index of change',110,0,160),(427,'2009','2010','CN','PS','Constant dollars',46253,0,81),(428,'2009','2010','CN','PS','Percentage distribution of  expenditures',41.5,0,239),(429,'2009','2010','CN','PS','Index of change',112,0,160),(430,'2009','2010','CN','CL','Constant dollars',15594,0,81),(431,'2009','2010','CN','CL','Percentage distribution of  expenditures',14,0,239),(432,'2009','2010','CN','CL','Index of change',102,0,160),(433,'2009','2010','CN','UN','Constant dollars',30659,0,81),(434,'2009','2010','CN','UN','Percentage distribution of  expenditures',27.5,0,239),(435,'2009','2010','CN','UN','Index of change',118,0,160),(436,'2009','2010','NL','ALL','Constant dollars',1879,0,81),(437,'2009','2010','NL','ALL','Percentage distribution of  expenditures',100,0,239),(438,'2009','2010','NL','ALL','Index of change',118,0,160),(439,'2009','2010','NL','EL','Constant dollars',1053,0,81),(440,'2009','2010','NL','EL','Percentage distribution of  expenditures',56.1,0,239),(441,'2009','2010','NL','EL','Index of change',119,0,160),(442,'2009','2010','NL','PS','Constant dollars',825,0,81),(443,'2009','2010','NL','PS','Percentage distribution of  expenditures',43.9,0,239),(444,'2009','2010','NL','PS','Index of change',117,0,160),(445,'2009','2010','NL','CL','Constant dollars',259,0,81),(446,'2009','2010','NL','CL','Percentage distribution of  expenditures',13.8,0,239),(447,'2009','2010','NL','CL','Index of change',110,0,160),(448,'2009','2010','NL','UN','Constant dollars',568,0,81),(449,'2009','2010','NL','UN','Percentage distribution of  expenditures',30.2,0,239),(450,'2009','2010','NL','UN','Index of change',121,0,160),(451,'2009','2010','PE','ALL','Constant dollars',446,0,81),(452,'2009','2010','PE','ALL','Percentage distribution of  expenditures',100,0,239),(453,'2009','2010','PE','ALL','Index of change',111,0,160),(454,'2009','2010','PE','EL','Constant dollars',249,0,81),(455,'2009','2010','PE','EL','Percentage distribution of  expenditures',55.9,0,239),(456,'2009','2010','PE','EL','Index of change',121,0,160),(457,'2009','2010','PE','PS','Constant dollars',198,0,81),(458,'2009','2010','PE','PS','Percentage distribution of  expenditures',44.3,0,239),(459,'2009','2010','PE','PS','Index of change',103,0,160),(460,'2009','2010','PE','CL','Constant dollars',77,0,81),(461,'2009','2010','PE','CL','Percentage distribution of  expenditures',17.3,0,239),(462,'2009','2010','PE','CL','Index of change',104,0,160),(463,'2009','2010','PE','UN','Constant dollars',120,0,81),(464,'2009','2010','PE','UN','Percentage distribution of  expenditures',27,0,239),(465,'2009','2010','PE','UN','Index of change',102,0,160),(466,'2009','2010','NS','ALL','Constant dollars',3093,0,81),(467,'2009','2010','NS','ALL','Percentage distribution of  expenditures',100,0,239),(468,'2009','2010','NS','ALL','Index of change',115,0,160),(469,'2009','2010','NS','EL','Constant dollars',1599,0,81),(470,'2009','2010','NS','EL','Percentage distribution of  expenditures',51.7,0,239),(471,'2009','2010','NS','EL','Index of change',113,0,160),(472,'2009','2010','NS','PS','Constant dollars',1494,0,81),(473,'2009','2010','NS','PS','Percentage distribution of  expenditures',48.3,0,239),(474,'2009','2010','NS','PS','Index of change',118,0,160),(475,'2009','2010','NS','CL','Constant dollars',327,0,81),(476,'2009','2010','NS','CL','Percentage distribution of  expenditures',10.6,0,239),(477,'2009','2010','NS','CL','Index of change',109,0,160),(478,'2009','2010','NS','UN','Constant dollars',1167,0,81),(479,'2009','2010','NS','UN','Percentage distribution of  expenditures',37.7,0,239),(480,'2009','2010','NS','UN','Index of change',121,0,160),(481,'2009','2010','NB','ALL','Constant dollars',2272,0,81),(482,'2009','2010','NB','ALL','Percentage distribution of  expenditures',100,0,239),(483,'2009','2010','NB','ALL','Index of change',109,0,160),(484,'2009','2010','NB','EL','Constant dollars',1325,0,81),(485,'2009','2010','NB','EL','Percentage distribution of  expenditures',58.3,0,239),(486,'2009','2010','NB','EL','Index of change',109,0,160),(487,'2009','2010','NB','PS','Constant dollars',947,0,81),(488,'2009','2010','NB','PS','Percentage distribution of  expenditures',41.7,0,239),(489,'2009','2010','NB','PS','Index of change',109,0,160),(490,'2009','2010','NB','CL','Constant dollars',274,0,81),(491,'2009','2010','NB','CL','Percentage distribution of  expenditures',12.1,0,239),(492,'2009','2010','NB','CL','Index of change',108,0,160),(493,'2009','2010','NB','UN','Constant dollars',673,0,81),(494,'2009','2010','NB','UN','Percentage distribution of  expenditures',29.6,0,239),(495,'2009','2010','NB','UN','Index of change',110,0,160),(496,'2009','2010','QC','ALL','Constant dollars',22790,0,81),(497,'2009','2010','QC','ALL','Percentage distribution of  expenditures',100,0,239),(498,'2009','2010','QC','ALL','Index of change',103,0,160),(499,'2009','2010','QC','EL','Constant dollars',12945,0,81),(500,'2009','2010','QC','EL','Percentage distribution of  expenditures',56.8,0,239),(501,'2009','2010','QC','EL','Index of change',103,0,160),(502,'2009','2010','QC','PS','Constant dollars',9845,0,81),(503,'2009','2010','QC','PS','Percentage distribution of  expenditures',43.2,0,239),(504,'2009','2010','QC','PS','Index of change',102,0,160),(505,'2009','2010','QC','CL','Constant dollars',3608,0,81),(506,'2009','2010','QC','CL','Percentage distribution of  expenditures',15.8,0,239),(507,'2009','2010','QC','CL','Index of change',87,0,160),(508,'2009','2010','QC','UN','Constant dollars',6237,0,81),(509,'2009','2010','QC','UN','Percentage distribution of  expenditures',27.4,0,239),(510,'2009','2010','QC','UN','Index of change',114,0,160),(511,'2009','2010','ON','ALL','Constant dollars',43820,0,81),(512,'2009','2010','ON','ALL','Percentage distribution of  expenditures',100,0,239),(513,'2009','2010','ON','ALL','Index of change',111,0,160),(514,'2009','2010','ON','EL','Constant dollars',26398,0,81),(515,'2009','2010','ON','EL','Percentage distribution of  expenditures',60.2,0,239),(516,'2009','2010','ON','EL','Index of change',109,0,160),(517,'2009','2010','ON','PS','Constant dollars',17421,0,81),(518,'2009','2010','ON','PS','Percentage distribution of  expenditures',39.8,0,239),(519,'2009','2010','ON','PS','Index of change',114,0,160),(520,'2009','2010','ON','CL','Constant dollars',5634,0,81),(521,'2009','2010','ON','CL','Percentage distribution of  expenditures',12.9,0,239),(522,'2009','2010','ON','CL','Index of change',117,0,160),(523,'2009','2010','ON','UN','Constant dollars',11787,0,81),(524,'2009','2010','ON','UN','Percentage distribution of  expenditures',26.9,0,239),(525,'2009','2010','ON','UN','Index of change',112,0,160),(526,'2009','2010','MB','ALL','Constant dollars',4089,0,81),(527,'2009','2010','MB','ALL','Percentage distribution of  expenditures',100,0,239),(528,'2009','2010','MB','ALL','Index of change',112,0,160),(529,'2009','2010','MB','EL','Constant dollars',2654,0,81),(530,'2009','2010','MB','EL','Percentage distribution of  expenditures',64.9,0,239),(531,'2009','2010','MB','EL','Index of change',109,0,160),(532,'2009','2010','MB','PS','Constant dollars',1436,0,81),(533,'2009','2010','MB','PS','Percentage distribution of  expenditures',35.1,0,239),(534,'2009','2010','MB','PS','Index of change',120,0,160),(535,'2009','2010','MB','CL','Constant dollars',428,0,81),(536,'2009','2010','MB','CL','Percentage distribution of  expenditures',10.5,0,239),(537,'2009','2010','MB','CL','Index of change',104,0,160),(538,'2009','2010','MB','UN','Constant dollars',1008,0,81),(539,'2009','2010','MB','UN','Percentage distribution of  expenditures',24.6,0,239),(540,'2009','2010','MB','UN','Index of change',128,0,160),(541,'2009','2010','SK','ALL','Constant dollars',4243,0,81),(542,'2009','2010','SK','ALL','Percentage distribution of  expenditures',100,0,239),(543,'2009','2010','SK','ALL','Index of change',100,0,160),(544,'2009','2010','SK','EL','Constant dollars',2509,0,81),(545,'2009','2010','SK','EL','Percentage distribution of  expenditures',59.1,0,239),(546,'2009','2010','SK','EL','Index of change',99,0,160),(547,'2009','2010','SK','PS','Constant dollars',1733,0,81),(548,'2009','2010','SK','PS','Percentage distribution of  expenditures',40.8,0,239),(549,'2009','2010','SK','PS','Index of change',102,0,160),(550,'2009','2010','SK','CL','Constant dollars',627,0,81),(551,'2009','2010','SK','CL','Percentage distribution of  expenditures',14.8,0,239),(552,'2009','2010','SK','CL','Index of change',103,0,160),(553,'2009','2010','SK','UN','Constant dollars',1105,0,81),(554,'2009','2010','SK','UN','Percentage distribution of  expenditures',26.1,0,239),(555,'2009','2010','SK','UN','Index of change',102,0,160),(556,'2009','2010','AL','ALL','Constant dollars',14941,0,81),(557,'2009','2010','AL','ALL','Percentage distribution of  expenditures',100,0,239),(558,'2009','2010','AL','ALL','Index of change',131,0,160),(559,'2009','2010','AL','EL','Constant dollars',8719,0,81),(560,'2009','2010','AL','EL','Percentage distribution of  expenditures',58.4,0,239),(561,'2009','2010','AL','EL','Index of change',137,0,160),(562,'2009','2010','AL','PS','Constant dollars',6221,0,81),(563,'2009','2010','AL','PS','Percentage distribution of  expenditures',41.6,0,239),(564,'2009','2010','AL','PS','Index of change',124,0,160),(565,'2009','2010','AL','CL','Constant dollars',2187,0,81),(566,'2009','2010','AL','CL','Percentage distribution of  expenditures',14.6,0,239),(567,'2009','2010','AL','CL','Index of change',102,0,160),(568,'2009','2010','AL','UN','Constant dollars',4034,0,81),(569,'2009','2010','AL','UN','Percentage distribution of  expenditures',27,0,239),(570,'2009','2010','AL','UN','Index of change',140,0,160),(571,'2009','2010','BC','ALL','Constant dollars',12971,0,81),(572,'2009','2010','BC','ALL','Percentage distribution of  expenditures',100,0,239),(573,'2009','2010','BC','ALL','Index of change',110,0,160),(574,'2009','2010','BC','EL','Constant dollars',7075,0,81),(575,'2009','2010','BC','EL','Percentage distribution of  expenditures',54.5,0,239),(576,'2009','2010','BC','EL','Index of change',106,0,160),(577,'2009','2010','BC','PS','Constant dollars',5896,0,81),(578,'2009','2010','BC','PS','Percentage distribution of  expenditures',45.5,0,239),(579,'2009','2010','BC','PS','Index of change',115,0,160),(580,'2009','2010','BC','CL','Constant dollars',1976,0,81),(581,'2009','2010','BC','CL','Percentage distribution of  expenditures',15.2,0,239),(582,'2009','2010','BC','CL','Index of change',97,0,160),(583,'2009','2010','BC','UN','Constant dollars',3920,0,81),(584,'2009','2010','BC','UN','Percentage distribution of  expenditures',30.2,0,239),(585,'2009','2010','BC','UN','Index of change',127,0,160),(586,'2009','2010','YT','ALL','Constant dollars',160,0,81),(587,'2009','2010','YT','ALL','Percentage distribution of  expenditures',100,0,239),(588,'2009','2010','YT','ALL','Index of change',106,0,160),(589,'2009','2010','YT','EL','Constant dollars',110,0,81),(590,'2009','2010','YT','EL','Percentage distribution of  expenditures',68.4,0,239),(591,'2009','2010','YT','EL','Index of change',102,0,160),(592,'2009','2010','YT','PS','Constant dollars',52,0,81),(593,'2009','2010','YT','PS','Percentage distribution of  expenditures',32.2,0,239),(594,'2009','2010','YT','PS','Index of change',119,0,160),(595,'2009','2010','YT','CL','Constant dollars',52,0,81),(596,'2009','2010','YT','CL','Percentage distribution of  expenditures',32.2,0,239),(597,'2009','2010','YT','CL','Index of change',119,0,160),(598,'2009','2010','YT','UN','Constant dollars',NULL,0,81),(599,'2009','2010','YT','UN','Percentage distribution of  expenditures',NULL,0,239),(600,'2009','2010','YT','UN','Index of change',NULL,0,160),(601,'2009','2010','NT','ALL','Constant dollars',337,0,81),(602,'2009','2010','NT','ALL','Percentage distribution of  expenditures',100,0,239),(603,'2009','2010','NT','ALL','Index of change',93,0,160),(604,'2009','2010','NT','EL','Constant dollars',263,0,81),(605,'2009','2010','NT','EL','Percentage distribution of  expenditures',78,0,239),(606,'2009','2010','NT','EL','Index of change',110,0,160),(607,'2009','2010','NT','PS','Constant dollars',74,0,81),(608,'2009','2010','NT','PS','Percentage distribution of  expenditures',22,0,239),(609,'2009','2010','NT','PS','Index of change',59,0,160),(610,'2009','2010','NT','CL','Constant dollars',74,0,81),(611,'2009','2010','NT','CL','Percentage distribution of  expenditures',22,0,239),(612,'2009','2010','NT','CL','Index of change',59,0,160),(613,'2009','2010','NT','UN','Constant dollars',NULL,0,81),(614,'2009','2010','NT','UN','Percentage distribution of  expenditures',NULL,0,239),(615,'2009','2010','NT','UN','Index of change',NULL,0,160),(616,'2009','2010','NU','ALL','Constant dollars',228,0,81),(617,'2009','2010','NU','ALL','Percentage distribution of  expenditures',100,0,239),(618,'2009','2010','NU','ALL','Index of change',108,0,160),(619,'2009','2010','NU','EL','Constant dollars',162,0,81),(620,'2009','2010','NU','EL','Percentage distribution of  expenditures',71.1,0,239),(621,'2009','2010','NU','EL','Index of change',103,0,160),(622,'2009','2010','NU','PS','Constant dollars',66,0,81),(623,'2009','2010','NU','PS','Percentage distribution of  expenditures',28.9,0,239),(624,'2009','2010','NU','PS','Index of change',122,0,160),(625,'2009','2010','NU','CL','Constant dollars',66,0,81),(626,'2009','2010','NU','CL','Percentage distribution of  expenditures',28.9,0,239),(627,'2009','2010','NU','CL','Index of change',122,0,160),(628,'2009','2010','NU','UN','Constant dollars',NULL,0,81),(629,'2009','2010','NU','UN','Percentage distribution of  expenditures',NULL,0,239),(630,'2009','2010','NU','UN','Index of change',NULL,0,160),(631,'2010','2011','CN','ALL','Constant dollars',112553,0,81),(632,'2010','2011','CN','ALL','Percentage distribution of  expenditures',100,0,239),(633,'2010','2011','CN','ALL','Index of change',112,0,160),(634,'2010','2011','CN','EL','Constant dollars',65747,0,81),(635,'2010','2011','CN','EL','Percentage distribution of  expenditures',58.4,0,239),(636,'2010','2011','CN','EL','Index of change',112,0,160),(637,'2010','2011','CN','PS','Constant dollars',46806,0,81),(638,'2010','2011','CN','PS','Percentage distribution of  expenditures',41.6,0,239),(639,'2010','2011','CN','PS','Index of change',113,0,160),(640,'2010','2011','CN','CL','Constant dollars',16638,0,81),(641,'2010','2011','CN','CL','Percentage distribution of  expenditures',14.8,0,239),(642,'2010','2011','CN','CL','Index of change',109,0,160),(643,'2010','2011','CN','UN','Constant dollars',30167,0,81),(644,'2010','2011','CN','UN','Percentage distribution of  expenditures',26.8,0,239),(645,'2010','2011','CN','UN','Index of change',116,0,160),(646,'2010','2011','NL','ALL','Constant dollars',1799,0,81),(647,'2010','2011','NL','ALL','Percentage distribution of  expenditures',100,0,239),(648,'2010','2011','NL','ALL','Index of change',113,0,160),(649,'2010','2011','NL','EL','Constant dollars',1007,0,81),(650,'2010','2011','NL','EL','Percentage distribution of  expenditures',56,0,239),(651,'2010','2011','NL','EL','Index of change',114,0,160),(652,'2010','2011','NL','PS','Constant dollars',793,0,81),(653,'2010','2011','NL','PS','Percentage distribution of  expenditures',44,0,239),(654,'2010','2011','NL','PS','Index of change',113,0,160),(655,'2010','2011','NL','CL','Constant dollars',222,0,81),(656,'2010','2011','NL','CL','Percentage distribution of  expenditures',12.3,0,239),(657,'2010','2011','NL','CL','Index of change',95,0,160),(658,'2010','2011','NL','UN','Constant dollars',571,0,81),(659,'2010','2011','NL','UN','Percentage distribution of  expenditures',31.7,0,239),(660,'2010','2011','NL','UN','Index of change',122,0,160),(661,'2010','2011','PE','ALL','Constant dollars',457,0,81),(662,'2010','2011','PE','ALL','Percentage distribution of  expenditures',100,0,239),(663,'2010','2011','PE','ALL','Index of change',114,0,160),(664,'2010','2011','PE','EL','Constant dollars',243,0,81),(665,'2010','2011','PE','EL','Percentage distribution of  expenditures',53.2,0,239),(666,'2010','2011','PE','EL','Index of change',118,0,160),(667,'2010','2011','PE','PS','Constant dollars',214,0,81),(668,'2010','2011','PE','PS','Percentage distribution of  expenditures',46.8,0,239),(669,'2010','2011','PE','PS','Index of change',111,0,160),(670,'2010','2011','PE','CL','Constant dollars',95,0,81),(671,'2010','2011','PE','CL','Percentage distribution of  expenditures',20.8,0,239),(672,'2010','2011','PE','CL','Index of change',128,0,160),(673,'2010','2011','PE','UN','Constant dollars',119,0,81),(674,'2010','2011','PE','UN','Percentage distribution of  expenditures',26,0,239),(675,'2010','2011','PE','UN','Index of change',100,0,160),(676,'2010','2011','NS','ALL','Constant dollars',3089,0,81),(677,'2010','2011','NS','ALL','Percentage distribution of  expenditures',100,0,239),(678,'2010','2011','NS','ALL','Index of change',115,0,160),(679,'2010','2011','NS','EL','Constant dollars',1629,0,81),(680,'2010','2011','NS','EL','Percentage distribution of  expenditures',52.7,0,239),(681,'2010','2011','NS','EL','Index of change',115,0,160),(682,'2010','2011','NS','PS','Constant dollars',1460,0,81),(683,'2010','2011','NS','PS','Percentage distribution of  expenditures',47.3,0,239),(684,'2010','2011','NS','PS','Index of change',116,0,160),(685,'2010','2011','NS','CL','Constant dollars',327,0,81),(686,'2010','2011','NS','CL','Percentage distribution of  expenditures',10.6,0,239),(687,'2010','2011','NS','CL','Index of change',109,0,160),(688,'2010','2011','NS','UN','Constant dollars',1133,0,81),(689,'2010','2011','NS','UN','Percentage distribution of  expenditures',36.7,0,239),(690,'2010','2011','NS','UN','Index of change',118,0,160),(691,'2010','2011','NB','ALL','Constant dollars',2377,0,81),(692,'2010','2011','NB','ALL','Percentage distribution of  expenditures',100,0,239),(693,'2010','2011','NB','ALL','Index of change',114,0,160),(694,'2010','2011','NB','EL','Constant dollars',1371,0,81),(695,'2010','2011','NB','EL','Percentage distribution of  expenditures',57.7,0,239),(696,'2010','2011','NB','EL','Index of change',113,0,160),(697,'2010','2011','NB','PS','Constant dollars',1006,0,81),(698,'2010','2011','NB','PS','Percentage distribution of  expenditures',42.3,0,239),(699,'2010','2011','NB','PS','Index of change',116,0,160),(700,'2010','2011','NB','CL','Constant dollars',307,0,81),(701,'2010','2011','NB','CL','Percentage distribution of  expenditures',12.9,0,239),(702,'2010','2011','NB','CL','Index of change',121,0,160),(703,'2010','2011','NB','UN','Constant dollars',699,0,81),(704,'2010','2011','NB','UN','Percentage distribution of  expenditures',29.4,0,239),(705,'2010','2011','NB','UN','Index of change',115,0,160),(706,'2010','2011','QC','ALL','Constant dollars',22745,0,81),(707,'2010','2011','QC','ALL','Percentage distribution of  expenditures',100,0,239),(708,'2010','2011','QC','ALL','Index of change',102,0,160),(709,'2010','2011','QC','EL','Constant dollars',13070,0,81),(710,'2010','2011','QC','EL','Percentage distribution of  expenditures',57.5,0,239),(711,'2010','2011','QC','EL','Index of change',104,0,160),(712,'2010','2011','QC','PS','Constant dollars',9675,0,81),(713,'2010','2011','QC','PS','Percentage distribution of  expenditures',42.5,0,239),(714,'2010','2011','QC','PS','Index of change',100,0,160),(715,'2010','2011','QC','CL','Constant dollars',3733,0,81),(716,'2010','2011','QC','CL','Percentage distribution of  expenditures',16.4,0,239),(717,'2010','2011','QC','CL','Index of change',90,0,160),(718,'2010','2011','QC','UN','Constant dollars',5942,0,81),(719,'2010','2011','QC','UN','Percentage distribution of  expenditures',26.1,0,239),(720,'2010','2011','QC','UN','Index of change',109,0,160),(721,'2010','2011','ON','ALL','Constant dollars',45296,0,81),(722,'2010','2011','ON','ALL','Percentage distribution of  expenditures',100,0,239),(723,'2010','2011','ON','ALL','Index of change',115,0,160),(724,'2010','2011','ON','EL','Constant dollars',27105,0,81),(725,'2010','2011','ON','EL','Percentage distribution of  expenditures',59.8,0,239),(726,'2010','2011','ON','EL','Index of change',112,0,160),(727,'2010','2011','ON','PS','Constant dollars',18191,0,81),(728,'2010','2011','ON','PS','Percentage distribution of  expenditures',40.2,0,239),(729,'2010','2011','ON','PS','Index of change',119,0,160),(730,'2010','2011','ON','CL','Constant dollars',6378,0,81),(731,'2010','2011','ON','CL','Percentage distribution of  expenditures',14.1,0,239),(732,'2010','2011','ON','CL','Index of change',132,0,160),(733,'2010','2011','ON','UN','Constant dollars',11813,0,81),(734,'2010','2011','ON','UN','Percentage distribution of  expenditures',26.1,0,239),(735,'2010','2011','ON','UN','Index of change',112,0,160),(736,'2010','2011','MB','ALL','Constant dollars',4137,0,81),(737,'2010','2011','MB','ALL','Percentage distribution of  expenditures',100,0,239),(738,'2010','2011','MB','ALL','Index of change',114,0,160),(739,'2010','2011','MB','EL','Constant dollars',2650,0,81),(740,'2010','2011','MB','EL','Percentage distribution of  expenditures',64.1,0,239),(741,'2010','2011','MB','EL','Index of change',109,0,160),(742,'2010','2011','MB','PS','Constant dollars',1487,0,81),(743,'2010','2011','MB','PS','Percentage distribution of  expenditures',35.9,0,239),(744,'2010','2011','MB','PS','Index of change',124,0,160),(745,'2010','2011','MB','CL','Constant dollars',469,0,81),(746,'2010','2011','MB','CL','Percentage distribution of  expenditures',11.3,0,239),(747,'2010','2011','MB','CL','Index of change',114,0,160),(748,'2010','2011','MB','UN','Constant dollars',1018,0,81),(749,'2010','2011','MB','UN','Percentage distribution of  expenditures',24.6,0,239),(750,'2010','2011','MB','UN','Index of change',129,0,160),(751,'2010','2011','SK','ALL','Constant dollars',4417,0,81),(752,'2010','2011','SK','ALL','Percentage distribution of  expenditures',100,0,239),(753,'2010','2011','SK','ALL','Index of change',104,0,160),(754,'2010','2011','SK','EL','Constant dollars',2614,0,81),(755,'2010','2011','SK','EL','Percentage distribution of  expenditures',59.2,0,239),(756,'2010','2011','SK','EL','Index of change',103,0,160),(757,'2010','2011','SK','PS','Constant dollars',1803,0,81),(758,'2010','2011','SK','PS','Percentage distribution of  expenditures',40.8,0,239),(759,'2010','2011','SK','PS','Index of change',106,0,160),(760,'2010','2011','SK','CL','Constant dollars',590,0,81),(761,'2010','2011','SK','CL','Percentage distribution of  expenditures',13.3,0,239),(762,'2010','2011','SK','CL','Index of change',97,0,160),(763,'2010','2011','SK','UN','Constant dollars',1214,0,81),(764,'2010','2011','SK','UN','Percentage distribution of  expenditures',27.5,0,239),(765,'2010','2011','SK','UN','Index of change',112,0,160),(766,'2010','2011','AL','ALL','Constant dollars',14509,0,81),(767,'2010','2011','AL','ALL','Percentage distribution of  expenditures',100,0,239),(768,'2010','2011','AL','ALL','Index of change',127,0,160),(769,'2010','2011','AL','EL','Constant dollars',8725,0,81),(770,'2010','2011','AL','EL','Percentage distribution of  expenditures',60.1,0,239),(771,'2010','2011','AL','EL','Index of change',137,0,160),(772,'2010','2011','AL','PS','Constant dollars',5785,0,81),(773,'2010','2011','AL','PS','Percentage distribution of  expenditures',39.9,0,239),(774,'2010','2011','AL','PS','Index of change',115,0,160),(775,'2010','2011','AL','CL','Constant dollars',2169,0,81),(776,'2010','2011','AL','CL','Percentage distribution of  expenditures',15,0,239),(777,'2010','2011','AL','CL','Index of change',101,0,160),(778,'2010','2011','AL','UN','Constant dollars',3615,0,81),(779,'2010','2011','AL','UN','Percentage distribution of  expenditures',24.9,0,239),(780,'2010','2011','AL','UN','Index of change',126,0,160),(781,'2010','2011','BC','ALL','Constant dollars',13162,0,81),(782,'2010','2011','BC','ALL','Percentage distribution of  expenditures',100,0,239),(783,'2010','2011','BC','ALL','Index of change',112,0,160),(784,'2010','2011','BC','EL','Constant dollars',6929,0,81),(785,'2010','2011','BC','EL','Percentage distribution of  expenditures',52.6,0,239),(786,'2010','2011','BC','EL','Index of change',104,0,160),(787,'2010','2011','BC','PS','Constant dollars',6232,0,81),(788,'2010','2011','BC','PS','Percentage distribution of  expenditures',47.4,0,239),(789,'2010','2011','BC','PS','Index of change',122,0,160),(790,'2010','2011','BC','CL','Constant dollars',2171,0,81),(791,'2010','2011','BC','CL','Percentage distribution of  expenditures',16.5,0,239),(792,'2010','2011','BC','CL','Index of change',107,0,160),(793,'2010','2011','BC','UN','Constant dollars',4061,0,81),(794,'2010','2011','BC','UN','Percentage distribution of  expenditures',30.9,0,239),(795,'2010','2011','BC','UN','Index of change',132,0,160),(796,'2010','2011','YT','ALL','Constant dollars',170,0,81),(797,'2010','2011','YT','ALL','Percentage distribution of  expenditures',100,0,239),(798,'2010','2011','YT','ALL','Index of change',113,0,160),(799,'2010','2011','YT','EL','Constant dollars',110,0,81),(800,'2010','2011','YT','EL','Percentage distribution of  expenditures',64.9,0,239),(801,'2010','2011','YT','EL','Index of change',102,0,160),(802,'2010','2011','YT','PS','Constant dollars',59,0,81),(803,'2010','2011','YT','PS','Percentage distribution of  expenditures',34.5,0,239),(804,'2010','2011','YT','PS','Index of change',136,0,160),(805,'2010','2011','YT','CL','Constant dollars',59,0,81),(806,'2010','2011','YT','CL','Percentage distribution of  expenditures',34.5,0,239),(807,'2010','2011','YT','CL','Index of change',136,0,160),(808,'2010','2011','YT','UN','Constant dollars',NULL,0,81),(809,'2010','2011','YT','UN','Percentage distribution of  expenditures',NULL,0,239),(810,'2010','2011','YT','UN','Index of change',NULL,0,160),(811,'2010','2011','NT','ALL','Constant dollars',269,0,81),(812,'2010','2011','NT','ALL','Percentage distribution of  expenditures',100,0,239),(813,'2010','2011','NT','ALL','Index of change',74,0,160),(814,'2010','2011','NT','EL','Constant dollars',207,0,81),(815,'2010','2011','NT','EL','Percentage distribution of  expenditures',77.2,0,239),(816,'2010','2011','NT','EL','Index of change',87,0,160),(817,'2010','2011','NT','PS','Constant dollars',61,0,81),(818,'2010','2011','NT','PS','Percentage distribution of  expenditures',22.8,0,239),(819,'2010','2011','NT','PS','Index of change',49,0,160),(820,'2010','2011','NT','CL','Constant dollars',61,0,81),(821,'2010','2011','NT','CL','Percentage distribution of  expenditures',22.8,0,239),(822,'2010','2011','NT','CL','Index of change',49,0,160),(823,'2010','2011','NT','UN','Constant dollars',NULL,0,81),(824,'2010','2011','NT','UN','Percentage distribution of  expenditures',NULL,0,239),(825,'2010','2011','NT','UN','Index of change',NULL,0,160),(826,'2010','2011','NU','ALL','Constant dollars',207,0,81),(827,'2010','2011','NU','ALL','Percentage distribution of  expenditures',100,0,239),(828,'2010','2011','NU','ALL','Index of change',97,0,160),(829,'2010','2011','NU','EL','Constant dollars',151,0,81),(830,'2010','2011','NU','EL','Percentage distribution of  expenditures',73.2,0,239),(831,'2010','2011','NU','EL','Index of change',96,0,160),(832,'2010','2011','NU','PS','Constant dollars',55,0,81),(833,'2010','2011','NU','PS','Percentage distribution of  expenditures',26.8,0,239),(834,'2010','2011','NU','PS','Index of change',103,0,160),(835,'2010','2011','NU','CL','Constant dollars',55,0,81),(836,'2010','2011','NU','CL','Percentage distribution of  expenditures',26.8,0,239),(837,'2010','2011','NU','CL','Index of change',103,0,160),(838,'2010','2011','NU','UN','Constant dollars',NULL,0,81),(839,'2010','2011','NU','UN','Percentage distribution of  expenditures',NULL,0,239),(840,'2010','2011','NU','UN','Index of change',NULL,0,160),(841,'2011','2012','CN','ALL','Constant dollars',110088,0,81),(842,'2011','2012','CN','ALL','Percentage distribution of  expenditures',100,0,239),(843,'2011','2012','CN','ALL','Index of change',110,0,160),(844,'2011','2012','CN','EL','Constant dollars',64225,0,81),(845,'2011','2012','CN','EL','Percentage distribution of  expenditures',58.3,0,239),(846,'2011','2012','CN','EL','Index of change',109,0,160),(847,'2011','2012','CN','PS','Constant dollars',45863,0,81),(848,'2011','2012','CN','PS','Percentage distribution of  expenditures',41.7,0,239),(849,'2011','2012','CN','PS','Index of change',111,0,160),(850,'2011','2012','CN','CL','Constant dollars',15884,0,81),(851,'2011','2012','CN','CL','Percentage distribution of  expenditures',14.4,0,239),(852,'2011','2012','CN','CL','Index of change',104,0,160),(853,'2011','2012','CN','UN','Constant dollars',29980,0,81),(854,'2011','2012','CN','UN','Percentage distribution of  expenditures',27.2,0,239),(855,'2011','2012','CN','UN','Index of change',115,0,160),(856,'2011','2012','NL','ALL','Constant dollars',1689,0,81),(857,'2011','2012','NL','ALL','Percentage distribution of  expenditures',100,0,239),(858,'2011','2012','NL','ALL','Index of change',106,0,160),(859,'2011','2012','NL','EL','Constant dollars',870,0,81),(860,'2011','2012','NL','EL','Percentage distribution of  expenditures',51.5,0,239),(861,'2011','2012','NL','EL','Index of change',98,0,160),(862,'2011','2012','NL','PS','Constant dollars',819,0,81),(863,'2011','2012','NL','PS','Percentage distribution of  expenditures',48.5,0,239),(864,'2011','2012','NL','PS','Index of change',116,0,160),(865,'2011','2012','NL','CL','Constant dollars',227,0,81),(866,'2011','2012','NL','CL','Percentage distribution of  expenditures',13.4,0,239),(867,'2011','2012','NL','CL','Index of change',97,0,160),(868,'2011','2012','NL','UN','Constant dollars',592,0,81),(869,'2011','2012','NL','UN','Percentage distribution of  expenditures',35.1,0,239),(870,'2011','2012','NL','UN','Index of change',126,0,160),(871,'2011','2012','PE','ALL','Constant dollars',464,0,81),(872,'2011','2012','PE','ALL','Percentage distribution of  expenditures',100,0,239),(873,'2011','2012','PE','ALL','Index of change',116,0,160),(874,'2011','2012','PE','EL','Constant dollars',242,0,81),(875,'2011','2012','PE','EL','Percentage distribution of  expenditures',52.2,0,239),(876,'2011','2012','PE','EL','Index of change',117,0,160),(877,'2011','2012','PE','PS','Constant dollars',222,0,81),(878,'2011','2012','PE','PS','Percentage distribution of  expenditures',47.8,0,239),(879,'2011','2012','PE','PS','Index of change',115,0,160),(880,'2011','2012','PE','CL','Constant dollars',101,0,81),(881,'2011','2012','PE','CL','Percentage distribution of  expenditures',21.7,0,239),(882,'2011','2012','PE','CL','Index of change',135,0,160),(883,'2011','2012','PE','UN','Constant dollars',122,0,81),(884,'2011','2012','PE','UN','Percentage distribution of  expenditures',26.3,0,239),(885,'2011','2012','PE','UN','Index of change',103,0,160),(886,'2011','2012','NS','ALL','Constant dollars',2980,0,81),(887,'2011','2012','NS','ALL','Percentage distribution of  expenditures',100,0,239),(888,'2011','2012','NS','ALL','Index of change',111,0,160),(889,'2011','2012','NS','EL','Constant dollars',1545,0,81),(890,'2011','2012','NS','EL','Percentage distribution of  expenditures',51.9,0,239),(891,'2011','2012','NS','EL','Index of change',109,0,160),(892,'2011','2012','NS','PS','Constant dollars',1435,0,81),(893,'2011','2012','NS','PS','Percentage distribution of  expenditures',48.1,0,239),(894,'2011','2012','NS','PS','Index of change',114,0,160),(895,'2011','2012','NS','CL','Constant dollars',302,0,81),(896,'2011','2012','NS','CL','Percentage distribution of  expenditures',10.1,0,239),(897,'2011','2012','NS','CL','Index of change',101,0,160),(898,'2011','2012','NS','UN','Constant dollars',1133,0,81),(899,'2011','2012','NS','UN','Percentage distribution of  expenditures',38,0,239),(900,'2011','2012','NS','UN','Index of change',118,0,160),(901,'2011','2012','NB','ALL','Constant dollars',2199,0,81),(902,'2011','2012','NB','ALL','Percentage distribution of  expenditures',100,0,239),(903,'2011','2012','NB','ALL','Index of change',106,0,160),(904,'2011','2012','NB','EL','Constant dollars',1302,0,81),(905,'2011','2012','NB','EL','Percentage distribution of  expenditures',59.2,0,239),(906,'2011','2012','NB','EL','Index of change',107,0,160),(907,'2011','2012','NB','PS','Constant dollars',896,0,81),(908,'2011','2012','NB','PS','Percentage distribution of  expenditures',40.8,0,239),(909,'2011','2012','NB','PS','Index of change',104,0,160),(910,'2011','2012','NB','CL','Constant dollars',260,0,81),(911,'2011','2012','NB','CL','Percentage distribution of  expenditures',11.8,0,239),(912,'2011','2012','NB','CL','Index of change',102,0,160),(913,'2011','2012','NB','UN','Constant dollars',636,0,81),(914,'2011','2012','NB','UN','Percentage distribution of  expenditures',28.9,0,239),(915,'2011','2012','NB','UN','Index of change',104,0,160),(916,'2011','2012','QC','ALL','Constant dollars',22693,0,81),(917,'2011','2012','QC','ALL','Percentage distribution of  expenditures',100,0,239),(918,'2011','2012','QC','ALL','Index of change',102,0,160),(919,'2011','2012','QC','EL','Constant dollars',13121,0,81),(920,'2011','2012','QC','EL','Percentage distribution of  expenditures',57.8,0,239),(921,'2011','2012','QC','EL','Index of change',104,0,160),(922,'2011','2012','QC','PS','Constant dollars',9572,0,81),(923,'2011','2012','QC','PS','Percentage distribution of  expenditures',42.2,0,239),(924,'2011','2012','QC','PS','Index of change',99,0,160),(925,'2011','2012','QC','CL','Constant dollars',3453,0,81),(926,'2011','2012','QC','CL','Percentage distribution of  expenditures',15.2,0,239),(927,'2011','2012','QC','CL','Index of change',83,0,160),(928,'2011','2012','QC','UN','Constant dollars',6119,0,81),(929,'2011','2012','QC','UN','Percentage distribution of  expenditures',27,0,239),(930,'2011','2012','QC','UN','Index of change',112,0,160),(931,'2011','2012','ON','ALL','Constant dollars',44373,0,81),(932,'2011','2012','ON','ALL','Percentage distribution of  expenditures',100,0,239),(933,'2011','2012','ON','ALL','Index of change',112,0,160),(934,'2011','2012','ON','EL','Constant dollars',26638,0,81),(935,'2011','2012','ON','EL','Percentage distribution of  expenditures',60,0,239),(936,'2011','2012','ON','EL','Index of change',110,0,160),(937,'2011','2012','ON','PS','Constant dollars',17736,0,81),(938,'2011','2012','ON','PS','Percentage distribution of  expenditures',40,0,239),(939,'2011','2012','ON','PS','Index of change',116,0,160),(940,'2011','2012','ON','CL','Constant dollars',6358,0,81),(941,'2011','2012','ON','CL','Percentage distribution of  expenditures',14.3,0,239),(942,'2011','2012','ON','CL','Index of change',132,0,160),(943,'2011','2012','ON','UN','Constant dollars',11377,0,81),(944,'2011','2012','ON','UN','Percentage distribution of  expenditures',25.6,0,239),(945,'2011','2012','ON','UN','Index of change',108,0,160),(946,'2011','2012','MB','ALL','Constant dollars',4007,0,81),(947,'2011','2012','MB','ALL','Percentage distribution of  expenditures',100,0,239),(948,'2011','2012','MB','ALL','Index of change',110,0,160),(949,'2011','2012','MB','EL','Constant dollars',2545,0,81),(950,'2011','2012','MB','EL','Percentage distribution of  expenditures',63.5,0,239),(951,'2011','2012','MB','EL','Index of change',104,0,160),(952,'2011','2012','MB','PS','Constant dollars',1461,0,81),(953,'2011','2012','MB','PS','Percentage distribution of  expenditures',36.5,0,239),(954,'2011','2012','MB','PS','Index of change',122,0,160),(955,'2011','2012','MB','CL','Constant dollars',418,0,81),(956,'2011','2012','MB','CL','Percentage distribution of  expenditures',10.4,0,239),(957,'2011','2012','MB','CL','Index of change',101,0,160),(958,'2011','2012','MB','UN','Constant dollars',1042,0,81),(959,'2011','2012','MB','UN','Percentage distribution of  expenditures',26,0,239),(960,'2011','2012','MB','UN','Index of change',132,0,160),(961,'2011','2012','SK','ALL','Constant dollars',4033,0,81),(962,'2011','2012','SK','ALL','Percentage distribution of  expenditures',100,0,239),(963,'2011','2012','SK','ALL','Index of change',95,0,160),(964,'2011','2012','SK','EL','Constant dollars',2511,0,81),(965,'2011','2012','SK','EL','Percentage distribution of  expenditures',62.3,0,239),(966,'2011','2012','SK','EL','Index of change',99,0,160),(967,'2011','2012','SK','PS','Constant dollars',1522,0,81),(968,'2011','2012','SK','PS','Percentage distribution of  expenditures',37.7,0,239),(969,'2011','2012','SK','PS','Index of change',90,0,160),(970,'2011','2012','SK','CL','Constant dollars',493,0,81),(971,'2011','2012','SK','CL','Percentage distribution of  expenditures',12.2,0,239),(972,'2011','2012','SK','CL','Index of change',81,0,160),(973,'2011','2012','SK','UN','Constant dollars',1029,0,81),(974,'2011','2012','SK','UN','Percentage distribution of  expenditures',25.5,0,239),(975,'2011','2012','SK','UN','Index of change',95,0,160),(976,'2011','2012','AL','ALL','Constant dollars',14412,0,81),(977,'2011','2012','AL','ALL','Percentage distribution of  expenditures',100,0,239),(978,'2011','2012','AL','ALL','Index of change',126,0,160),(979,'2011','2012','AL','EL','Constant dollars',8426,0,81),(980,'2011','2012','AL','EL','Percentage distribution of  expenditures',58.5,0,239),(981,'2011','2012','AL','EL','Index of change',132,0,160),(982,'2011','2012','AL','PS','Constant dollars',5987,0,81),(983,'2011','2012','AL','PS','Percentage distribution of  expenditures',41.5,0,239),(984,'2011','2012','AL','PS','Index of change',119,0,160),(985,'2011','2012','AL','CL','Constant dollars',2081,0,81),(986,'2011','2012','AL','CL','Percentage distribution of  expenditures',14.4,0,239),(987,'2011','2012','AL','CL','Index of change',97,0,160),(988,'2011','2012','AL','UN','Constant dollars',3906,0,81),(989,'2011','2012','AL','UN','Percentage distribution of  expenditures',27.1,0,239),(990,'2011','2012','AL','UN','Index of change',136,0,160),(991,'2011','2012','BC','ALL','Constant dollars',12748,0,81),(992,'2011','2012','BC','ALL','Percentage distribution of  expenditures',100,0,239),(993,'2011','2012','BC','ALL','Index of change',108,0,160),(994,'2011','2012','BC','EL','Constant dollars',6655,0,81),(995,'2011','2012','BC','EL','Percentage distribution of  expenditures',52.2,0,239),(996,'2011','2012','BC','EL','Index of change',100,0,160),(997,'2011','2012','BC','PS','Constant dollars',6093,0,81),(998,'2011','2012','BC','PS','Percentage distribution of  expenditures',47.8,0,239),(999,'2011','2012','BC','PS','Index of change',119,0,160),(1000,'2011','2012','BC','CL','Constant dollars',2046,0,81),(1001,'2011','2012','BC','CL','Percentage distribution of  expenditures',16,0,239),(1002,'2011','2012','BC','CL','Index of change',101,0,160),(1003,'2011','2012','BC','UN','Constant dollars',4046,0,81),(1004,'2011','2012','BC','UN','Percentage distribution of  expenditures',31.7,0,239),(1005,'2011','2012','BC','UN','Index of change',131,0,160),(1006,'2011','2012','YT','ALL','Constant dollars',158,0,81),(1007,'2011','2012','YT','ALL','Percentage distribution of  expenditures',100,0,239),(1008,'2011','2012','YT','ALL','Index of change',104,0,160),(1009,'2011','2012','YT','EL','Constant dollars',112,0,81),(1010,'2011','2012','YT','EL','Percentage distribution of  expenditures',71.3,0,239),(1011,'2011','2012','YT','EL','Index of change',104,0,160),(1012,'2011','2012','YT','PS','Constant dollars',45,0,81),(1013,'2011','2012','YT','PS','Percentage distribution of  expenditures',28.8,0,239),(1014,'2011','2012','YT','PS','Index of change',105,0,160),(1015,'2011','2012','YT','CL','Constant dollars',45,0,81),(1016,'2011','2012','YT','CL','Percentage distribution of  expenditures',28.8,0,239),(1017,'2011','2012','YT','CL','Index of change',105,0,160),(1018,'2011','2012','YT','UN','Constant dollars',NULL,0,81),(1019,'2011','2012','YT','UN','Percentage distribution of  expenditures',NULL,0,239),(1020,'2011','2012','YT','UN','Index of change',NULL,0,160),(1021,'2011','2012','NT','ALL','Constant dollars',251,0,81),(1022,'2011','2012','NT','ALL','Percentage distribution of  expenditures',100,0,239),(1023,'2011','2012','NT','ALL','Index of change',69,0,160),(1024,'2011','2012','NT','EL','Constant dollars',195,0,81),(1025,'2011','2012','NT','EL','Percentage distribution of  expenditures',77.4,0,239),(1026,'2011','2012','NT','EL','Index of change',82,0,160),(1027,'2011','2012','NT','PS','Constant dollars',57,0,81),(1028,'2011','2012','NT','PS','Percentage distribution of  expenditures',22.6,0,239),(1029,'2011','2012','NT','PS','Index of change',45,0,160),(1030,'2011','2012','NT','CL','Constant dollars',57,0,81),(1031,'2011','2012','NT','CL','Percentage distribution of  expenditures',22.6,0,239),(1032,'2011','2012','NT','CL','Index of change',45,0,160),(1033,'2011','2012','NT','UN','Constant dollars',NULL,0,81),(1034,'2011','2012','NT','UN','Percentage distribution of  expenditures',NULL,0,239),(1035,'2011','2012','NT','UN','Index of change',NULL,0,160),(1036,'2011','2012','NU','ALL','Constant dollars',203,0,81),(1037,'2011','2012','NU','ALL','Percentage distribution of  expenditures',100,0,239),(1038,'2011','2012','NU','ALL','Index of change',96,0,160),(1039,'2011','2012','NU','EL','Constant dollars',151,0,81),(1040,'2011','2012','NU','EL','Percentage distribution of  expenditures',74.5,0,239),(1041,'2011','2012','NU','EL','Index of change',95,0,160),(1042,'2011','2012','NU','PS','Constant dollars',52,0,81),(1043,'2011','2012','NU','PS','Percentage distribution of  expenditures',25.5,0,239),(1044,'2011','2012','NU','PS','Index of change',96,0,160),(1045,'2011','2012','NU','CL','Constant dollars',52,0,81),(1046,'2011','2012','NU','CL','Percentage distribution of  expenditures',25.5,0,239),(1047,'2011','2012','NU','CL','Index of change',96,0,160),(1048,'2011','2012','NU','UN','Constant dollars',NULL,0,81),(1049,'2011','2012','NU','UN','Percentage distribution of  expenditures',NULL,0,239),(1050,'2011','2012','NU','UN','Index of change',NULL,0,160),(1051,'2012','2013','CN','ALL','Constant dollars',110347,0,81),(1052,'2012','2013','CN','ALL','Percentage distribution of  expenditures',100,0,239),(1053,'2012','2013','CN','ALL','Index of change',110,0,160),(1054,'2012','2013','CN','EL','Constant dollars',64829,0,81),(1055,'2012','2013','CN','EL','Percentage distribution of  expenditures',58.8,0,239),(1056,'2012','2013','CN','EL','Index of change',110,0,160),(1057,'2012','2013','CN','PS','Constant dollars',45518,0,81),(1058,'2012','2013','CN','PS','Percentage distribution of  expenditures',41.2,0,239),(1059,'2012','2013','CN','PS','Index of change',110,0,160),(1060,'2012','2013','CN','CL','Constant dollars',15995,0,81),(1061,'2012','2013','CN','CL','Percentage distribution of  expenditures',14.5,0,239),(1062,'2012','2013','CN','CL','Index of change',105,0,160),(1063,'2012','2013','CN','UN','Constant dollars',29523,0,81),(1064,'2012','2013','CN','UN','Percentage distribution of  expenditures',26.8,0,239),(1065,'2012','2013','CN','UN','Index of change',114,0,160),(1066,'2012','2013','NL','ALL','Constant dollars',1697,0,81),(1067,'2012','2013','NL','ALL','Percentage distribution of  expenditures',100,0,239),(1068,'2012','2013','NL','ALL','Index of change',107,0,160),(1069,'2012','2013','NL','EL','Constant dollars',874,0,81),(1070,'2012','2013','NL','EL','Percentage distribution of  expenditures',51.5,0,239),(1071,'2012','2013','NL','EL','Index of change',99,0,160),(1072,'2012','2013','NL','PS','Constant dollars',822,0,81),(1073,'2012','2013','NL','PS','Percentage distribution of  expenditures',48.4,0,239),(1074,'2012','2013','NL','PS','Index of change',117,0,160),(1075,'2012','2013','NL','CL','Constant dollars',222,0,81),(1076,'2012','2013','NL','CL','Percentage distribution of  expenditures',13.1,0,239),(1077,'2012','2013','NL','CL','Index of change',95,0,160),(1078,'2012','2013','NL','UN','Constant dollars',600,0,81),(1079,'2012','2013','NL','UN','Percentage distribution of  expenditures',35.4,0,239),(1080,'2012','2013','NL','UN','Index of change',128,0,160),(1081,'2012','2013','PE','ALL','Constant dollars',451,0,81),(1082,'2012','2013','PE','ALL','Percentage distribution of  expenditures',100,0,239),(1083,'2012','2013','PE','ALL','Index of change',113,0,160),(1084,'2012','2013','PE','EL','Constant dollars',245,0,81),(1085,'2012','2013','PE','EL','Percentage distribution of  expenditures',54.3,0,239),(1086,'2012','2013','PE','EL','Index of change',119,0,160),(1087,'2012','2013','PE','PS','Constant dollars',206,0,81),(1088,'2012','2013','PE','PS','Percentage distribution of  expenditures',45.7,0,239),(1089,'2012','2013','PE','PS','Index of change',107,0,160),(1090,'2012','2013','PE','CL','Constant dollars',94,0,81),(1091,'2012','2013','PE','CL','Percentage distribution of  expenditures',20.8,0,239),(1092,'2012','2013','PE','CL','Index of change',126,0,160),(1093,'2012','2013','PE','UN','Constant dollars',112,0,81),(1094,'2012','2013','PE','UN','Percentage distribution of  expenditures',24.8,0,239),(1095,'2012','2013','PE','UN','Index of change',95,0,160),(1096,'2012','2013','NS','ALL','Constant dollars',2908,0,81),(1097,'2012','2013','NS','ALL','Percentage distribution of  expenditures',100,0,239),(1098,'2012','2013','NS','ALL','Index of change',109,0,160),(1099,'2012','2013','NS','EL','Constant dollars',1501,0,81),(1100,'2012','2013','NS','EL','Percentage distribution of  expenditures',51.6,0,239),(1101,'2012','2013','NS','EL','Index of change',106,0,160),(1102,'2012','2013','NS','PS','Constant dollars',1406,0,81),(1103,'2012','2013','NS','PS','Percentage distribution of  expenditures',48.3,0,239),(1104,'2012','2013','NS','PS','Index of change',111,0,160),(1105,'2012','2013','NS','CL','Constant dollars',306,0,81),(1106,'2012','2013','NS','CL','Percentage distribution of  expenditures',10.5,0,239),(1107,'2012','2013','NS','CL','Index of change',102,0,160),(1108,'2012','2013','NS','UN','Constant dollars',1100,0,81),(1109,'2012','2013','NS','UN','Percentage distribution of  expenditures',37.8,0,239),(1110,'2012','2013','NS','UN','Index of change',114,0,160),(1111,'2012','2013','NB','ALL','Constant dollars',2159,0,81),(1112,'2012','2013','NB','ALL','Percentage distribution of  expenditures',100,0,239),(1113,'2012','2013','NB','ALL','Index of change',104,0,160),(1114,'2012','2013','NB','EL','Constant dollars',1305,0,81),(1115,'2012','2013','NB','EL','Percentage distribution of  expenditures',60.4,0,239),(1116,'2012','2013','NB','EL','Index of change',107,0,160),(1117,'2012','2013','NB','PS','Constant dollars',854,0,81),(1118,'2012','2013','NB','PS','Percentage distribution of  expenditures',39.6,0,239),(1119,'2012','2013','NB','PS','Index of change',99,0,160),(1120,'2012','2013','NB','CL','Constant dollars',272,0,81),(1121,'2012','2013','NB','CL','Percentage distribution of  expenditures',12.6,0,239),(1122,'2012','2013','NB','CL','Index of change',107,0,160),(1123,'2012','2013','NB','UN','Constant dollars',582,0,81),(1124,'2012','2013','NB','UN','Percentage distribution of  expenditures',27,0,239),(1125,'2012','2013','NB','UN','Index of change',95,0,160),(1126,'2012','2013','QC','ALL','Constant dollars',22717,0,81),(1127,'2012','2013','QC','ALL','Percentage distribution of  expenditures',100,0,239),(1128,'2012','2013','QC','ALL','Index of change',102,0,160),(1129,'2012','2013','QC','EL','Constant dollars',13255,0,81),(1130,'2012','2013','QC','EL','Percentage distribution of  expenditures',58.3,0,239),(1131,'2012','2013','QC','EL','Index of change',105,0,160),(1132,'2012','2013','QC','PS','Constant dollars',9463,0,81),(1133,'2012','2013','QC','PS','Percentage distribution of  expenditures',41.7,0,239),(1134,'2012','2013','QC','PS','Index of change',98,0,160),(1135,'2012','2013','QC','CL','Constant dollars',3647,0,81),(1136,'2012','2013','QC','CL','Percentage distribution of  expenditures',16.1,0,239),(1137,'2012','2013','QC','CL','Index of change',88,0,160),(1138,'2012','2013','QC','UN','Constant dollars',5816,0,81),(1139,'2012','2013','QC','UN','Percentage distribution of  expenditures',25.6,0,239),(1140,'2012','2013','QC','UN','Index of change',106,0,160),(1141,'2012','2013','ON','ALL','Constant dollars',44577,0,81),(1142,'2012','2013','ON','ALL','Percentage distribution of  expenditures',100,0,239),(1143,'2012','2013','ON','ALL','Index of change',113,0,160),(1144,'2012','2013','ON','EL','Constant dollars',26442,0,81),(1145,'2012','2013','ON','EL','Percentage distribution of  expenditures',59.3,0,239),(1146,'2012','2013','ON','EL','Index of change',109,0,160),(1147,'2012','2013','ON','PS','Constant dollars',18135,0,81),(1148,'2012','2013','ON','PS','Percentage distribution of  expenditures',40.7,0,239),(1149,'2012','2013','ON','PS','Index of change',118,0,160),(1150,'2012','2013','ON','CL','Constant dollars',6140,0,81),(1151,'2012','2013','ON','CL','Percentage distribution of  expenditures',13.8,0,239),(1152,'2012','2013','ON','CL','Index of change',127,0,160),(1153,'2012','2013','ON','UN','Constant dollars',11995,0,81),(1154,'2012','2013','ON','UN','Percentage distribution of  expenditures',26.9,0,239),(1155,'2012','2013','ON','UN','Index of change',114,0,160),(1156,'2012','2013','MB','ALL','Constant dollars',4126,0,81),(1157,'2012','2013','MB','ALL','Percentage distribution of  expenditures',100,0,239),(1158,'2012','2013','MB','ALL','Index of change',113,0,160),(1159,'2012','2013','MB','EL','Constant dollars',2653,0,81),(1160,'2012','2013','MB','EL','Percentage distribution of  expenditures',64.3,0,239),(1161,'2012','2013','MB','EL','Index of change',109,0,160),(1162,'2012','2013','MB','PS','Constant dollars',1473,0,81),(1163,'2012','2013','MB','PS','Percentage distribution of  expenditures',35.7,0,239),(1164,'2012','2013','MB','PS','Index of change',123,0,160),(1165,'2012','2013','MB','CL','Constant dollars',468,0,81),(1166,'2012','2013','MB','CL','Percentage distribution of  expenditures',11.3,0,239),(1167,'2012','2013','MB','CL','Index of change',113,0,160),(1168,'2012','2013','MB','UN','Constant dollars',1005,0,81),(1169,'2012','2013','MB','UN','Percentage distribution of  expenditures',24.4,0,239),(1170,'2012','2013','MB','UN','Index of change',128,0,160),(1171,'2012','2013','SK','ALL','Constant dollars',4200,0,81),(1172,'2012','2013','SK','ALL','Percentage distribution of  expenditures',100,0,239),(1173,'2012','2013','SK','ALL','Index of change',99,0,160),(1174,'2012','2013','SK','EL','Constant dollars',2714,0,81),(1175,'2012','2013','SK','EL','Percentage distribution of  expenditures',64.6,0,239),(1176,'2012','2013','SK','EL','Index of change',107,0,160),(1177,'2012','2013','SK','PS','Constant dollars',1485,0,81),(1178,'2012','2013','SK','PS','Percentage distribution of  expenditures',35.4,0,239),(1179,'2012','2013','SK','PS','Index of change',87,0,160),(1180,'2012','2013','SK','CL','Constant dollars',435,0,81),(1181,'2012','2013','SK','CL','Percentage distribution of  expenditures',10.4,0,239),(1182,'2012','2013','SK','CL','Index of change',72,0,160),(1183,'2012','2013','SK','UN','Constant dollars',1050,0,81),(1184,'2012','2013','SK','UN','Percentage distribution of  expenditures',25,0,239),(1185,'2012','2013','SK','UN','Index of change',97,0,160),(1186,'2012','2013','AL','ALL','Constant dollars',14056,0,81),(1187,'2012','2013','AL','ALL','Percentage distribution of  expenditures',100,0,239),(1188,'2012','2013','AL','ALL','Index of change',123,0,160),(1189,'2012','2013','AL','EL','Constant dollars',8520,0,81),(1190,'2012','2013','AL','EL','Percentage distribution of  expenditures',60.6,0,239),(1191,'2012','2013','AL','EL','Index of change',134,0,160),(1192,'2012','2013','AL','PS','Constant dollars',5536,0,81),(1193,'2012','2013','AL','PS','Percentage distribution of  expenditures',39.4,0,239),(1194,'2012','2013','AL','PS','Index of change',110,0,160),(1195,'2012','2013','AL','CL','Constant dollars',2098,0,81),(1196,'2012','2013','AL','CL','Percentage distribution of  expenditures',14.9,0,239),(1197,'2012','2013','AL','CL','Index of change',98,0,160),(1198,'2012','2013','AL','UN','Constant dollars',3438,0,81),(1199,'2012','2013','AL','UN','Percentage distribution of  expenditures',24.5,0,239),(1200,'2012','2013','AL','UN','Index of change',120,0,160),(1201,'2012','2013','BC','ALL','Constant dollars',12801,0,81),(1202,'2012','2013','BC','ALL','Percentage distribution of  expenditures',100,0,239),(1203,'2012','2013','BC','ALL','Index of change',109,0,160),(1204,'2012','2013','BC','EL','Constant dollars',6836,0,81),(1205,'2012','2013','BC','EL','Percentage distribution of  expenditures',53.4,0,239),(1206,'2012','2013','BC','EL','Index of change',103,0,160),(1207,'2012','2013','BC','PS','Constant dollars',5965,0,81),(1208,'2012','2013','BC','PS','Percentage distribution of  expenditures',46.6,0,239),(1209,'2012','2013','BC','PS','Index of change',117,0,160),(1210,'2012','2013','BC','CL','Constant dollars',2141,0,81),(1211,'2012','2013','BC','CL','Percentage distribution of  expenditures',16.7,0,239),(1212,'2012','2013','BC','CL','Index of change',106,0,160),(1213,'2012','2013','BC','UN','Constant dollars',3824,0,81),(1214,'2012','2013','BC','UN','Percentage distribution of  expenditures',29.9,0,239),(1215,'2012','2013','BC','UN','Index of change',124,0,160),(1216,'2012','2013','YT','ALL','Constant dollars',166,0,81),(1217,'2012','2013','YT','ALL','Percentage distribution of  expenditures',100,0,239),(1218,'2012','2013','YT','ALL','Index of change',110,0,160),(1219,'2012','2013','YT','EL','Constant dollars',115,0,81),(1220,'2012','2013','YT','EL','Percentage distribution of  expenditures',69.3,0,239),(1221,'2012','2013','YT','EL','Index of change',107,0,160),(1222,'2012','2013','YT','PS','Constant dollars',51,0,81),(1223,'2012','2013','YT','PS','Percentage distribution of  expenditures',30.7,0,239),(1224,'2012','2013','YT','PS','Index of change',118,0,160),(1225,'2012','2013','YT','CL','Constant dollars',51,0,81),(1226,'2012','2013','YT','CL','Percentage distribution of  expenditures',30.7,0,239),(1227,'2012','2013','YT','CL','Index of change',118,0,160),(1228,'2012','2013','YT','UN','Constant dollars',NULL,0,81),(1229,'2012','2013','YT','UN','Percentage distribution of  expenditures',NULL,0,239),(1230,'2012','2013','YT','UN','Index of change',NULL,0,160),(1231,'2012','2013','NT','ALL','Constant dollars',284,0,81),(1232,'2012','2013','NT','ALL','Percentage distribution of  expenditures',100,0,239),(1233,'2012','2013','NT','ALL','Index of change',78,0,160),(1234,'2012','2013','NT','EL','Constant dollars',222,0,81),(1235,'2012','2013','NT','EL','Percentage distribution of  expenditures',78.2,0,239),(1236,'2012','2013','NT','EL','Index of change',93,0,160),(1237,'2012','2013','NT','PS','Constant dollars',62,0,81),(1238,'2012','2013','NT','PS','Percentage distribution of  expenditures',21.8,0,239),(1239,'2012','2013','NT','PS','Index of change',50,0,160),(1240,'2012','2013','NT','CL','Constant dollars',62,0,81),(1241,'2012','2013','NT','CL','Percentage distribution of  expenditures',21.8,0,239),(1242,'2012','2013','NT','CL','Index of change',50,0,160),(1243,'2012','2013','NT','UN','Constant dollars',NULL,0,81),(1244,'2012','2013','NT','UN','Percentage distribution of  expenditures',NULL,0,239),(1245,'2012','2013','NT','UN','Index of change',NULL,0,160),(1246,'2012','2013','NU','ALL','Constant dollars',206,0,81),(1247,'2012','2013','NU','ALL','Percentage distribution of  expenditures',100,0,239),(1248,'2012','2013','NU','ALL','Index of change',97,0,160),(1249,'2012','2013','NU','EL','Constant dollars',146,0,81),(1250,'2012','2013','NU','EL','Percentage distribution of  expenditures',70.9,0,239),(1251,'2012','2013','NU','EL','Index of change',92,0,160),(1252,'2012','2013','NU','PS','Constant dollars',60,0,81),(1253,'2012','2013','NU','PS','Percentage distribution of  expenditures',29.1,0,239),(1254,'2012','2013','NU','PS','Index of change',111,0,160),(1255,'2012','2013','NU','CL','Constant dollars',60,0,81),(1256,'2012','2013','NU','CL','Percentage distribution of  expenditures',29.1,0,239),(1257,'2012','2013','NU','CL','Index of change',111,0,160),(1258,'2012','2013','NU','UN','Constant dollars',NULL,0,81),(1259,'2012','2013','NU','UN','Percentage distribution of  expenditures',NULL,0,239),(1260,'2012','2013','NU','UN','Index of change',NULL,0,160),(1261,'2013','2014','CN','ALL','Constant dollars',112938,0,81),(1262,'2013','2014','CN','ALL','Percentage distribution of  expenditures',100,0,239),(1263,'2013','2014','CN','ALL','Index of change',113,0,160),(1264,'2013','2014','CN','EL','Constant dollars',65699,0,81),(1265,'2013','2014','CN','EL','Percentage distribution of  expenditures',58.2,0,239),(1266,'2013','2014','CN','EL','Index of change',111,0,160),(1267,'2013','2014','CN','PS','Constant dollars',47240,0,81),(1268,'2013','2014','CN','PS','Percentage distribution of  expenditures',41.8,0,239),(1269,'2013','2014','CN','PS','Index of change',115,0,160),(1270,'2013','2014','CN','CL','Constant dollars',16998,0,81),(1271,'2013','2014','CN','CL','Percentage distribution of  expenditures',15.1,0,239),(1272,'2013','2014','CN','CL','Index of change',111,0,160),(1273,'2013','2014','CN','UN','Constant dollars',30242,0,81),(1274,'2013','2014','CN','UN','Percentage distribution of  expenditures',26.8,0,239),(1275,'2013','2014','CN','UN','Index of change',116,0,160),(1276,'2013','2014','NL','ALL','Constant dollars',1632,0,81),(1277,'2013','2014','NL','ALL','Percentage distribution of  expenditures',100,0,239),(1278,'2013','2014','NL','ALL','Index of change',103,0,160),(1279,'2013','2014','NL','EL','Constant dollars',872,0,81),(1280,'2013','2014','NL','EL','Percentage distribution of  expenditures',53.4,0,239),(1281,'2013','2014','NL','EL','Index of change',99,0,160),(1282,'2013','2014','NL','PS','Constant dollars',760,0,81),(1283,'2013','2014','NL','PS','Percentage distribution of  expenditures',46.6,0,239),(1284,'2013','2014','NL','PS','Index of change',108,0,160),(1285,'2013','2014','NL','CL','Constant dollars',199,0,81),(1286,'2013','2014','NL','CL','Percentage distribution of  expenditures',12.2,0,239),(1287,'2013','2014','NL','CL','Index of change',85,0,160),(1288,'2013','2014','NL','UN','Constant dollars',561,0,81),(1289,'2013','2014','NL','UN','Percentage distribution of  expenditures',34.4,0,239),(1290,'2013','2014','NL','UN','Index of change',119,0,160),(1291,'2013','2014','PE','ALL','Constant dollars',455,0,81),(1292,'2013','2014','PE','ALL','Percentage distribution of  expenditures',100,0,239),(1293,'2013','2014','PE','ALL','Index of change',114,0,160),(1294,'2013','2014','PE','EL','Constant dollars',248,0,81),(1295,'2013','2014','PE','EL','Percentage distribution of  expenditures',54.4,0,239),(1296,'2013','2014','PE','EL','Index of change',120,0,160),(1297,'2013','2014','PE','PS','Constant dollars',206,0,81),(1298,'2013','2014','PE','PS','Percentage distribution of  expenditures',45.3,0,239),(1299,'2013','2014','PE','PS','Index of change',107,0,160),(1300,'2013','2014','PE','CL','Constant dollars',98,0,81),(1301,'2013','2014','PE','CL','Percentage distribution of  expenditures',21.5,0,239),(1302,'2013','2014','PE','CL','Index of change',131,0,160),(1303,'2013','2014','PE','UN','Constant dollars',109,0,81),(1304,'2013','2014','PE','UN','Percentage distribution of  expenditures',24.1,0,239),(1305,'2013','2014','PE','UN','Index of change',92,0,160),(1306,'2013','2014','NS','ALL','Constant dollars',2935,0,81),(1307,'2013','2014','NS','ALL','Percentage distribution of  expenditures',100,0,239),(1308,'2013','2014','NS','ALL','Index of change',110,0,160),(1309,'2013','2014','NS','EL','Constant dollars',1514,0,81),(1310,'2013','2014','NS','EL','Percentage distribution of  expenditures',51.6,0,239),(1311,'2013','2014','NS','EL','Index of change',107,0,160),(1312,'2013','2014','NS','PS','Constant dollars',1420,0,81),(1313,'2013','2014','NS','PS','Percentage distribution of  expenditures',48.4,0,239),(1314,'2013','2014','NS','PS','Index of change',113,0,160),(1315,'2013','2014','NS','CL','Constant dollars',325,0,81),(1316,'2013','2014','NS','CL','Percentage distribution of  expenditures',11.1,0,239),(1317,'2013','2014','NS','CL','Index of change',109,0,160),(1318,'2013','2014','NS','UN','Constant dollars',1095,0,81),(1319,'2013','2014','NS','UN','Percentage distribution of  expenditures',37.3,0,239),(1320,'2013','2014','NS','UN','Index of change',114,0,160),(1321,'2013','2014','NB','ALL','Constant dollars',2103,0,81),(1322,'2013','2014','NB','ALL','Percentage distribution of  expenditures',100,0,239),(1323,'2013','2014','NB','ALL','Index of change',101,0,160),(1324,'2013','2014','NB','EL','Constant dollars',1240,0,81),(1325,'2013','2014','NB','EL','Percentage distribution of  expenditures',58.9,0,239),(1326,'2013','2014','NB','EL','Index of change',102,0,160),(1327,'2013','2014','NB','PS','Constant dollars',864,0,81),(1328,'2013','2014','NB','PS','Percentage distribution of  expenditures',41.1,0,239),(1329,'2013','2014','NB','PS','Index of change',100,0,160),(1330,'2013','2014','NB','CL','Constant dollars',289,0,81),(1331,'2013','2014','NB','CL','Percentage distribution of  expenditures',13.8,0,239),(1332,'2013','2014','NB','CL','Index of change',114,0,160),(1333,'2013','2014','NB','UN','Constant dollars',575,0,81),(1334,'2013','2014','NB','UN','Percentage distribution of  expenditures',27.3,0,239),(1335,'2013','2014','NB','UN','Index of change',94,0,160),(1336,'2013','2014','QC','ALL','Constant dollars',23561,0,81),(1337,'2013','2014','QC','ALL','Percentage distribution of  expenditures',100,0,239),(1338,'2013','2014','QC','ALL','Index of change',106,0,160),(1339,'2013','2014','QC','EL','Constant dollars',13710,0,81),(1340,'2013','2014','QC','EL','Percentage distribution of  expenditures',58.2,0,239),(1341,'2013','2014','QC','EL','Index of change',109,0,160),(1342,'2013','2014','QC','PS','Constant dollars',9851,0,81),(1343,'2013','2014','QC','PS','Percentage distribution of  expenditures',41.8,0,239),(1344,'2013','2014','QC','PS','Index of change',102,0,160),(1345,'2013','2014','QC','CL','Constant dollars',3768,0,81),(1346,'2013','2014','QC','CL','Percentage distribution of  expenditures',16,0,239),(1347,'2013','2014','QC','CL','Index of change',91,0,160),(1348,'2013','2014','QC','UN','Constant dollars',6084,0,81),(1349,'2013','2014','QC','UN','Percentage distribution of  expenditures',25.8,0,239),(1350,'2013','2014','QC','UN','Index of change',111,0,160),(1351,'2013','2014','ON','ALL','Constant dollars',46016,0,81),(1352,'2013','2014','ON','ALL','Percentage distribution of  expenditures',100,0,239),(1353,'2013','2014','ON','ALL','Index of change',116,0,160),(1354,'2013','2014','ON','EL','Constant dollars',26934,0,81),(1355,'2013','2014','ON','EL','Percentage distribution of  expenditures',58.5,0,239),(1356,'2013','2014','ON','EL','Index of change',111,0,160),(1357,'2013','2014','ON','PS','Constant dollars',19082,0,81),(1358,'2013','2014','ON','PS','Percentage distribution of  expenditures',41.5,0,239),(1359,'2013','2014','ON','PS','Index of change',124,0,160),(1360,'2013','2014','ON','CL','Constant dollars',6635,0,81),(1361,'2013','2014','ON','CL','Percentage distribution of  expenditures',14.4,0,239),(1362,'2013','2014','ON','CL','Index of change',137,0,160),(1363,'2013','2014','ON','UN','Constant dollars',12447,0,81),(1364,'2013','2014','ON','UN','Percentage distribution of  expenditures',27,0,239),(1365,'2013','2014','ON','UN','Index of change',118,0,160),(1366,'2013','2014','MB','ALL','Constant dollars',4247,0,81),(1367,'2013','2014','MB','ALL','Percentage distribution of  expenditures',100,0,239),(1368,'2013','2014','MB','ALL','Index of change',117,0,160),(1369,'2013','2014','MB','EL','Constant dollars',2772,0,81),(1370,'2013','2014','MB','EL','Percentage distribution of  expenditures',65.3,0,239),(1371,'2013','2014','MB','EL','Index of change',114,0,160),(1372,'2013','2014','MB','PS','Constant dollars',1475,0,81),(1373,'2013','2014','MB','PS','Percentage distribution of  expenditures',34.7,0,239),(1374,'2013','2014','MB','PS','Index of change',123,0,160),(1375,'2013','2014','MB','CL','Constant dollars',502,0,81),(1376,'2013','2014','MB','CL','Percentage distribution of  expenditures',11.8,0,239),(1377,'2013','2014','MB','CL','Index of change',122,0,160),(1378,'2013','2014','MB','UN','Constant dollars',972,0,81),(1379,'2013','2014','MB','UN','Percentage distribution of  expenditures',22.9,0,239),(1380,'2013','2014','MB','UN','Index of change',124,0,160),(1381,'2013','2014','SK','ALL','Constant dollars',4458,0,81),(1382,'2013','2014','SK','ALL','Percentage distribution of  expenditures',100,0,239),(1383,'2013','2014','SK','ALL','Index of change',105,0,160),(1384,'2013','2014','SK','EL','Constant dollars',2795,0,81),(1385,'2013','2014','SK','EL','Percentage distribution of  expenditures',62.7,0,239),(1386,'2013','2014','SK','EL','Index of change',110,0,160),(1387,'2013','2014','SK','PS','Constant dollars',1662,0,81),(1388,'2013','2014','SK','PS','Percentage distribution of  expenditures',37.3,0,239),(1389,'2013','2014','SK','PS','Index of change',98,0,160),(1390,'2013','2014','SK','CL','Constant dollars',515,0,81),(1391,'2013','2014','SK','CL','Percentage distribution of  expenditures',11.6,0,239),(1392,'2013','2014','SK','CL','Index of change',85,0,160),(1393,'2013','2014','SK','UN','Constant dollars',1148,0,81),(1394,'2013','2014','SK','UN','Percentage distribution of  expenditures',25.8,0,239),(1395,'2013','2014','SK','UN','Index of change',106,0,160),(1396,'2013','2014','AL','ALL','Constant dollars',14168,0,81),(1397,'2013','2014','AL','ALL','Percentage distribution of  expenditures',100,0,239),(1398,'2013','2014','AL','ALL','Index of change',124,0,160),(1399,'2013','2014','AL','EL','Constant dollars',8488,0,81),(1400,'2013','2014','AL','EL','Percentage distribution of  expenditures',59.9,0,239),(1401,'2013','2014','AL','EL','Index of change',133,0,160),(1402,'2013','2014','AL','PS','Constant dollars',5680,0,81),(1403,'2013','2014','AL','PS','Percentage distribution of  expenditures',40.1,0,239),(1404,'2013','2014','AL','PS','Index of change',113,0,160),(1405,'2013','2014','AL','CL','Constant dollars',2231,0,81),(1406,'2013','2014','AL','CL','Percentage distribution of  expenditures',15.8,0,239),(1407,'2013','2014','AL','CL','Index of change',104,0,160),(1408,'2013','2014','AL','UN','Constant dollars',3448,0,81),(1409,'2013','2014','AL','UN','Percentage distribution of  expenditures',24.3,0,239),(1410,'2013','2014','AL','UN','Index of change',120,0,160),(1411,'2013','2014','BC','ALL','Constant dollars',12961,0,81),(1412,'2013','2014','BC','ALL','Percentage distribution of  expenditures',100,0,239),(1413,'2013','2014','BC','ALL','Index of change',110,0,160),(1414,'2013','2014','BC','EL','Constant dollars',6795,0,81),(1415,'2013','2014','BC','EL','Percentage distribution of  expenditures',52.4,0,239),(1416,'2013','2014','BC','EL','Index of change',102,0,160),(1417,'2013','2014','BC','PS','Constant dollars',6167,0,81),(1418,'2013','2014','BC','PS','Percentage distribution of  expenditures',47.6,0,239),(1419,'2013','2014','BC','PS','Index of change',121,0,160),(1420,'2013','2014','BC','CL','Constant dollars',2290,0,81),(1421,'2013','2014','BC','CL','Percentage distribution of  expenditures',17.7,0,239),(1422,'2013','2014','BC','CL','Index of change',113,0,160),(1423,'2013','2014','BC','UN','Constant dollars',3877,0,81),(1424,'2013','2014','BC','UN','Percentage distribution of  expenditures',29.9,0,239),(1425,'2013','2014','BC','UN','Index of change',126,0,160),(1426,'2013','2014','YT','ALL','Constant dollars',177,0,81),(1427,'2013','2014','YT','ALL','Percentage distribution of  expenditures',100,0,239),(1428,'2013','2014','YT','ALL','Index of change',117,0,160),(1429,'2013','2014','YT','EL','Constant dollars',126,0,81),(1430,'2013','2014','YT','EL','Percentage distribution of  expenditures',71.3,0,239),(1431,'2013','2014','YT','EL','Index of change',117,0,160),(1432,'2013','2014','YT','PS','Constant dollars',51,0,81),(1433,'2013','2014','YT','PS','Percentage distribution of  expenditures',28.7,0,239),(1434,'2013','2014','YT','PS','Index of change',117,0,160),(1435,'2013','2014','YT','CL','Constant dollars',51,0,81),(1436,'2013','2014','YT','CL','Percentage distribution of  expenditures',28.7,0,239),(1437,'2013','2014','YT','CL','Index of change',117,0,160),(1438,'2013','2014','YT','UN','Constant dollars',NULL,0,81),(1439,'2013','2014','YT','UN','Percentage distribution of  expenditures',NULL,0,239),(1440,'2013','2014','YT','UN','Index of change',NULL,0,160),(1441,'2013','2014','NT','ALL','Constant dollars',280,0,81),(1442,'2013','2014','NT','ALL','Percentage distribution of  expenditures',100,0,239),(1443,'2013','2014','NT','ALL','Index of change',77,0,160),(1444,'2013','2014','NT','EL','Constant dollars',212,0,81),(1445,'2013','2014','NT','EL','Percentage distribution of  expenditures',75.5,0,239),(1446,'2013','2014','NT','EL','Index of change',89,0,160),(1447,'2013','2014','NT','PS','Constant dollars',69,0,81),(1448,'2013','2014','NT','PS','Percentage distribution of  expenditures',24.5,0,239),(1449,'2013','2014','NT','PS','Index of change',55,0,160),(1450,'2013','2014','NT','CL','Constant dollars',69,0,81),(1451,'2013','2014','NT','CL','Percentage distribution of  expenditures',24.5,0,239),(1452,'2013','2014','NT','CL','Index of change',55,0,160),(1453,'2013','2014','NT','UN','Constant dollars',NULL,0,81),(1454,'2013','2014','NT','UN','Percentage distribution of  expenditures',NULL,0,239),(1455,'2013','2014','NT','UN','Index of change',NULL,0,160),(1456,'2013','2014','NU','ALL','Constant dollars',219,0,81),(1457,'2013','2014','NU','ALL','Percentage distribution of  expenditures',100,0,239),(1458,'2013','2014','NU','ALL','Index of change',103,0,160),(1459,'2013','2014','NU','EL','Constant dollars',154,0,81),(1460,'2013','2014','NU','EL','Percentage distribution of  expenditures',70.3,0,239),(1461,'2013','2014','NU','EL','Index of change',97,0,160),(1462,'2013','2014','NU','PS','Constant dollars',65,0,81),(1463,'2013','2014','NU','PS','Percentage distribution of  expenditures',29.7,0,239),(1464,'2013','2014','NU','PS','Index of change',121,0,160),(1465,'2013','2014','NU','CL','Constant dollars',65,0,81),(1466,'2013','2014','NU','CL','Percentage distribution of  expenditures',29.7,0,239),(1467,'2013','2014','NU','CL','Index of change',121,0,160),(1468,'2013','2014','NU','UN','Constant dollars',NULL,0,81),(1469,'2013','2014','NU','UN','Percentage distribution of  expenditures',NULL,0,239),(1470,'2013','2014','NU','UN','Index of change',NULL,0,160),(1471,'2014','2015','CN','ALL','Constant dollars',114202,0,81),(1472,'2014','2015','CN','ALL','Percentage distribution of  expenditures',100,0,239),(1473,'2014','2015','CN','ALL','Index of change',114,0,160),(1474,'2014','2015','CN','EL','Constant dollars',66073,0,81),(1475,'2014','2015','CN','EL','Percentage distribution of  expenditures',57.9,0,239),(1476,'2014','2015','CN','EL','Index of change',112,0,160),(1477,'2014','2015','CN','PS','Constant dollars',48127,0,81),(1478,'2014','2015','CN','PS','Percentage distribution of  expenditures',42.1,0,239),(1479,'2014','2015','CN','PS','Index of change',117,0,160),(1480,'2014','2015','CN','CL','Constant dollars',17472,0,81),(1481,'2014','2015','CN','CL','Percentage distribution of  expenditures',15.3,0,239),(1482,'2014','2015','CN','CL','Index of change',114,0,160),(1483,'2014','2015','CN','UN','Constant dollars',30657,0,81),(1484,'2014','2015','CN','UN','Percentage distribution of  expenditures',26.8,0,239),(1485,'2014','2015','CN','UN','Index of change',118,0,160),(1486,'2014','2015','NL','ALL','Constant dollars',1649,0,81),(1487,'2014','2015','NL','ALL','Percentage distribution of  expenditures',100,0,239),(1488,'2014','2015','NL','ALL','Index of change',104,0,160),(1489,'2014','2015','NL','EL','Constant dollars',870,0,81),(1490,'2014','2015','NL','EL','Percentage distribution of  expenditures',52.7,0,239),(1491,'2014','2015','NL','EL','Index of change',98,0,160),(1492,'2014','2015','NL','PS','Constant dollars',779,0,81),(1493,'2014','2015','NL','PS','Percentage distribution of  expenditures',47.3,0,239),(1494,'2014','2015','NL','PS','Index of change',111,0,160),(1495,'2014','2015','NL','CL','Constant dollars',214,0,81),(1496,'2014','2015','NL','CL','Percentage distribution of  expenditures',13,0,239),(1497,'2014','2015','NL','CL','Index of change',91,0,160),(1498,'2014','2015','NL','UN','Constant dollars',566,0,81),(1499,'2014','2015','NL','UN','Percentage distribution of  expenditures',34.3,0,239),(1500,'2014','2015','NL','UN','Index of change',120,0,160),(1501,'2014','2015','PE','ALL','Constant dollars',440,0,81),(1502,'2014','2015','PE','ALL','Percentage distribution of  expenditures',100,0,239),(1503,'2014','2015','PE','ALL','Index of change',110,0,160),(1504,'2014','2015','PE','EL','Constant dollars',246,0,81),(1505,'2014','2015','PE','EL','Percentage distribution of  expenditures',55.8,0,239),(1506,'2014','2015','PE','EL','Index of change',119,0,160),(1507,'2014','2015','PE','PS','Constant dollars',194,0,81),(1508,'2014','2015','PE','PS','Percentage distribution of  expenditures',44.2,0,239),(1509,'2014','2015','PE','PS','Index of change',101,0,160),(1510,'2014','2015','PE','CL','Constant dollars',86,0,81),(1511,'2014','2015','PE','CL','Percentage distribution of  expenditures',19.6,0,239),(1512,'2014','2015','PE','CL','Index of change',116,0,160),(1513,'2014','2015','PE','UN','Constant dollars',109,0,81),(1514,'2014','2015','PE','UN','Percentage distribution of  expenditures',24.7,0,239),(1515,'2014','2015','PE','UN','Index of change',92,0,160),(1516,'2014','2015','NS','ALL','Constant dollars',2991,0,81),(1517,'2014','2015','NS','ALL','Percentage distribution of  expenditures',100,0,239),(1518,'2014','2015','NS','ALL','Index of change',112,0,160),(1519,'2014','2015','NS','EL','Constant dollars',1555,0,81),(1520,'2014','2015','NS','EL','Percentage distribution of  expenditures',52,0,239),(1521,'2014','2015','NS','EL','Index of change',110,0,160),(1522,'2014','2015','NS','PS','Constant dollars',1437,0,81),(1523,'2014','2015','NS','PS','Percentage distribution of  expenditures',48,0,239),(1524,'2014','2015','NS','PS','Index of change',114,0,160),(1525,'2014','2015','NS','CL','Constant dollars',345,0,81),(1526,'2014','2015','NS','CL','Percentage distribution of  expenditures',11.5,0,239),(1527,'2014','2015','NS','CL','Index of change',115,0,160),(1528,'2014','2015','NS','UN','Constant dollars',1092,0,81),(1529,'2014','2015','NS','UN','Percentage distribution of  expenditures',36.5,0,239),(1530,'2014','2015','NS','UN','Index of change',113,0,160),(1531,'2014','2015','NB','ALL','Constant dollars',2159,0,81),(1532,'2014','2015','NB','ALL','Percentage distribution of  expenditures',100,0,239),(1533,'2014','2015','NB','ALL','Index of change',104,0,160),(1534,'2014','2015','NB','EL','Constant dollars',1271,0,81),(1535,'2014','2015','NB','EL','Percentage distribution of  expenditures',58.9,0,239),(1536,'2014','2015','NB','EL','Index of change',105,0,160),(1537,'2014','2015','NB','PS','Constant dollars',887,0,81),(1538,'2014','2015','NB','PS','Percentage distribution of  expenditures',41.1,0,239),(1539,'2014','2015','NB','PS','Index of change',103,0,160),(1540,'2014','2015','NB','CL','Constant dollars',301,0,81),(1541,'2014','2015','NB','CL','Percentage distribution of  expenditures',14,0,239),(1542,'2014','2015','NB','CL','Index of change',118,0,160),(1543,'2014','2015','NB','UN','Constant dollars',587,0,81),(1544,'2014','2015','NB','UN','Percentage distribution of  expenditures',27.2,0,239),(1545,'2014','2015','NB','UN','Index of change',96,0,160),(1546,'2014','2015','QC','ALL','Constant dollars',23563,0,81),(1547,'2014','2015','QC','ALL','Percentage distribution of  expenditures',100,0,239),(1548,'2014','2015','QC','ALL','Index of change',106,0,160),(1549,'2014','2015','QC','EL','Constant dollars',13777,0,81),(1550,'2014','2015','QC','EL','Percentage distribution of  expenditures',58.5,0,239),(1551,'2014','2015','QC','EL','Index of change',109,0,160),(1552,'2014','2015','QC','PS','Constant dollars',9786,0,81),(1553,'2014','2015','QC','PS','Percentage distribution of  expenditures',41.5,0,239),(1554,'2014','2015','QC','PS','Index of change',102,0,160),(1555,'2014','2015','QC','CL','Constant dollars',3833,0,81),(1556,'2014','2015','QC','CL','Percentage distribution of  expenditures',16.3,0,239),(1557,'2014','2015','QC','CL','Index of change',92,0,160),(1558,'2014','2015','QC','UN','Constant dollars',5952,0,81),(1559,'2014','2015','QC','UN','Percentage distribution of  expenditures',25.3,0,239),(1560,'2014','2015','QC','UN','Index of change',109,0,160),(1561,'2014','2015','ON','ALL','Constant dollars',46774,0,81),(1562,'2014','2015','ON','ALL','Percentage distribution of  expenditures',100,0,239),(1563,'2014','2015','ON','ALL','Index of change',118,0,160),(1564,'2014','2015','ON','EL','Constant dollars',27411,0,81),(1565,'2014','2015','ON','EL','Percentage distribution of  expenditures',58.6,0,239),(1566,'2014','2015','ON','EL','Index of change',113,0,160),(1567,'2014','2015','ON','PS','Constant dollars',19363,0,81),(1568,'2014','2015','ON','PS','Percentage distribution of  expenditures',41.4,0,239),(1569,'2014','2015','ON','PS','Index of change',126,0,160),(1570,'2014','2015','ON','CL','Constant dollars',6840,0,81),(1571,'2014','2015','ON','CL','Percentage distribution of  expenditures',14.6,0,239),(1572,'2014','2015','ON','CL','Index of change',142,0,160),(1573,'2014','2015','ON','UN','Constant dollars',12522,0,81),(1574,'2014','2015','ON','UN','Percentage distribution of  expenditures',26.8,0,239),(1575,'2014','2015','ON','UN','Index of change',119,0,160),(1576,'2014','2015','MB','ALL','Constant dollars',4403,0,81),(1577,'2014','2015','MB','ALL','Percentage distribution of  expenditures',100,0,239),(1578,'2014','2015','MB','ALL','Index of change',121,0,160),(1579,'2014','2015','MB','EL','Constant dollars',2894,0,81),(1580,'2014','2015','MB','EL','Percentage distribution of  expenditures',65.7,0,239),(1581,'2014','2015','MB','EL','Index of change',119,0,160),(1582,'2014','2015','MB','PS','Constant dollars',1508,0,81),(1583,'2014','2015','MB','PS','Percentage distribution of  expenditures',34.3,0,239),(1584,'2014','2015','MB','PS','Index of change',126,0,160),(1585,'2014','2015','MB','CL','Constant dollars',507,0,81),(1586,'2014','2015','MB','CL','Percentage distribution of  expenditures',11.5,0,239),(1587,'2014','2015','MB','CL','Index of change',123,0,160),(1588,'2014','2015','MB','UN','Constant dollars',1002,0,81),(1589,'2014','2015','MB','UN','Percentage distribution of  expenditures',22.8,0,239),(1590,'2014','2015','MB','UN','Index of change',127,0,160),(1591,'2014','2015','SK','ALL','Constant dollars',4798,0,81),(1592,'2014','2015','SK','ALL','Percentage distribution of  expenditures',100,0,239),(1593,'2014','2015','SK','ALL','Index of change',113,0,160),(1594,'2014','2015','SK','EL','Constant dollars',2989,0,81),(1595,'2014','2015','SK','EL','Percentage distribution of  expenditures',62.3,0,239),(1596,'2014','2015','SK','EL','Index of change',118,0,160),(1597,'2014','2015','SK','PS','Constant dollars',1809,0,81),(1598,'2014','2015','SK','PS','Percentage distribution of  expenditures',37.7,0,239),(1599,'2014','2015','SK','PS','Index of change',107,0,160),(1600,'2014','2015','SK','CL','Constant dollars',608,0,81),(1601,'2014','2015','SK','CL','Percentage distribution of  expenditures',12.7,0,239),(1602,'2014','2015','SK','CL','Index of change',100,0,160),(1603,'2014','2015','SK','UN','Constant dollars',1201,0,81),(1604,'2014','2015','SK','UN','Percentage distribution of  expenditures',25,0,239),(1605,'2014','2015','SK','UN','Index of change',110,0,160),(1606,'2014','2015','AL','ALL','Constant dollars',14273,0,81),(1607,'2014','2015','AL','ALL','Percentage distribution of  expenditures',100,0,239),(1608,'2014','2015','AL','ALL','Index of change',125,0,160),(1609,'2014','2015','AL','EL','Constant dollars',8286,0,81),(1610,'2014','2015','AL','EL','Percentage distribution of  expenditures',58.1,0,239),(1611,'2014','2015','AL','EL','Index of change',130,0,160),(1612,'2014','2015','AL','PS','Constant dollars',5988,0,81),(1613,'2014','2015','AL','PS','Percentage distribution of  expenditures',42,0,239),(1614,'2014','2015','AL','PS','Index of change',119,0,160),(1615,'2014','2015','AL','CL','Constant dollars',2282,0,81),(1616,'2014','2015','AL','CL','Percentage distribution of  expenditures',16,0,239),(1617,'2014','2015','AL','CL','Index of change',106,0,160),(1618,'2014','2015','AL','UN','Constant dollars',3706,0,81),(1619,'2014','2015','AL','UN','Percentage distribution of  expenditures',26,0,239),(1620,'2014','2015','AL','UN','Index of change',129,0,160),(1621,'2014','2015','BC','ALL','Constant dollars',12893,0,81),(1622,'2014','2015','BC','ALL','Percentage distribution of  expenditures',100,0,239),(1623,'2014','2015','BC','ALL','Index of change',110,0,160),(1624,'2014','2015','BC','EL','Constant dollars',6534,0,81),(1625,'2014','2015','BC','EL','Percentage distribution of  expenditures',50.7,0,239),(1626,'2014','2015','BC','EL','Index of change',98,0,160),(1627,'2014','2015','BC','PS','Constant dollars',6358,0,81),(1628,'2014','2015','BC','PS','Percentage distribution of  expenditures',49.3,0,239),(1629,'2014','2015','BC','PS','Index of change',124,0,160),(1630,'2014','2015','BC','CL','Constant dollars',2326,0,81),(1631,'2014','2015','BC','CL','Percentage distribution of  expenditures',18,0,239),(1632,'2014','2015','BC','CL','Index of change',115,0,160),(1633,'2014','2015','BC','UN','Constant dollars',4033,0,81),(1634,'2014','2015','BC','UN','Percentage distribution of  expenditures',31.3,0,239),(1635,'2014','2015','BC','UN','Index of change',131,0,160),(1636,'2014','2015','YT','ALL','Constant dollars',202,0,81),(1637,'2014','2015','YT','ALL','Percentage distribution of  expenditures',100,0,239),(1638,'2014','2015','YT','ALL','Index of change',133,0,160),(1639,'2014','2015','YT','EL','Constant dollars',148,0,81),(1640,'2014','2015','YT','EL','Percentage distribution of  expenditures',73.6,0,239),(1641,'2014','2015','YT','EL','Index of change',138,0,160),(1642,'2014','2015','YT','PS','Constant dollars',53,0,81),(1643,'2014','2015','YT','PS','Percentage distribution of  expenditures',26.4,0,239),(1644,'2014','2015','YT','PS','Index of change',123,0,160),(1645,'2014','2015','YT','CL','Constant dollars',53,0,81),(1646,'2014','2015','YT','CL','Percentage distribution of  expenditures',26.4,0,239),(1647,'2014','2015','YT','CL','Index of change',123,0,160),(1648,'2014','2015','YT','UN','Constant dollars',NULL,0,81),(1649,'2014','2015','YT','UN','Percentage distribution of  expenditures',NULL,0,239),(1650,'2014','2015','YT','UN','Index of change',NULL,0,160),(1651,'2014','2015','NT','ALL','Constant dollars',282,0,81),(1652,'2014','2015','NT','ALL','Percentage distribution of  expenditures',100,0,239),(1653,'2014','2015','NT','ALL','Index of change',78,0,160),(1654,'2014','2015','NT','EL','Constant dollars',215,0,81),(1655,'2014','2015','NT','EL','Percentage distribution of  expenditures',76.1,0,239),(1656,'2014','2015','NT','EL','Index of change',90,0,160),(1657,'2014','2015','NT','PS','Constant dollars',68,0,81),(1658,'2014','2015','NT','PS','Percentage distribution of  expenditures',24.2,0,239),(1659,'2014','2015','NT','PS','Index of change',55,0,160),(1660,'2014','2015','NT','CL','Constant dollars',68,0,81),(1661,'2014','2015','NT','CL','Percentage distribution of  expenditures',24.2,0,239),(1662,'2014','2015','NT','CL','Index of change',55,0,160),(1663,'2014','2015','NT','UN','Constant dollars',NULL,0,81),(1664,'2014','2015','NT','UN','Percentage distribution of  expenditures',NULL,0,239),(1665,'2014','2015','NT','UN','Index of change',NULL,0,160),(1666,'2014','2015','NU','ALL','Constant dollars',210,0,81),(1667,'2014','2015','NU','ALL','Percentage distribution of  expenditures',100,0,239),(1668,'2014','2015','NU','ALL','Index of change',99,0,160),(1669,'2014','2015','NU','EL','Constant dollars',148,0,81),(1670,'2014','2015','NU','EL','Percentage distribution of  expenditures',70.5,0,239),(1671,'2014','2015','NU','EL','Index of change',93,0,160),(1672,'2014','2015','NU','PS','Constant dollars',63,0,81),(1673,'2014','2015','NU','PS','Percentage distribution of  expenditures',30,0,239),(1674,'2014','2015','NU','PS','Index of change',116,0,160),(1675,'2014','2015','NU','CL','Constant dollars',63,0,81),(1676,'2014','2015','NU','CL','Percentage distribution of  expenditures',30,0,239),(1677,'2014','2015','NU','CL','Index of change',116,0,160),(1678,'2014','2015','NU','UN','Constant dollars',NULL,0,81),(1679,'2014','2015','NU','UN','Percentage distribution of  expenditures',NULL,0,239),(1680,'2014','2015','NU','UN','Index of change',NULL,0,160),(1681,'2015','2016','CN','ALL','Constant dollars',115975,0,81),(1682,'2015','2016','CN','ALL','Percentage distribution of  expenditures',100,0,239),(1683,'2015','2016','CN','ALL','Index of change',116,0,160),(1684,'2015','2016','CN','EL','Constant dollars',67858,0,81),(1685,'2015','2016','CN','EL','Percentage distribution of  expenditures',58.5,0,239),(1686,'2015','2016','CN','EL','Index of change',115,0,160),(1687,'2015','2016','CN','PS','Constant dollars',48117,0,81),(1688,'2015','2016','CN','PS','Percentage distribution of  expenditures',41.5,0,239),(1689,'2015','2016','CN','PS','Index of change',117,0,160),(1690,'2015','2016','CN','CL','Constant dollars',18268,0,81),(1691,'2015','2016','CN','CL','Percentage distribution of  expenditures',15.8,0,239),(1692,'2015','2016','CN','CL','Index of change',120,0,160),(1693,'2015','2016','CN','UN','Constant dollars',29848,0,81),(1694,'2015','2016','CN','UN','Percentage distribution of  expenditures',25.7,0,239),(1695,'2015','2016','CN','UN','Index of change',115,0,160),(1696,'2015','2016','NL','ALL','Constant dollars',1762,0,81),(1697,'2015','2016','NL','ALL','Percentage distribution of  expenditures',100,0,239),(1698,'2015','2016','NL','ALL','Index of change',111,0,160),(1699,'2015','2016','NL','EL','Constant dollars',977,0,81),(1700,'2015','2016','NL','EL','Percentage distribution of  expenditures',55.4,0,239),(1701,'2015','2016','NL','EL','Index of change',111,0,160),(1702,'2015','2016','NL','PS','Constant dollars',785,0,81),(1703,'2015','2016','NL','PS','Percentage distribution of  expenditures',44.6,0,239),(1704,'2015','2016','NL','PS','Index of change',112,0,160),(1705,'2015','2016','NL','CL','Constant dollars',224,0,81),(1706,'2015','2016','NL','CL','Percentage distribution of  expenditures',12.7,0,239),(1707,'2015','2016','NL','CL','Index of change',96,0,160),(1708,'2015','2016','NL','UN','Constant dollars',561,0,81),(1709,'2015','2016','NL','UN','Percentage distribution of  expenditures',31.9,0,239),(1710,'2015','2016','NL','UN','Index of change',120,0,160),(1711,'2015','2016','PE','ALL','Constant dollars',435,0,81),(1712,'2015','2016','PE','ALL','Percentage distribution of  expenditures',100,0,239),(1713,'2015','2016','PE','ALL','Index of change',109,0,160),(1714,'2015','2016','PE','EL','Constant dollars',235,0,81),(1715,'2015','2016','PE','EL','Percentage distribution of  expenditures',54,0,239),(1716,'2015','2016','PE','EL','Index of change',114,0,160),(1717,'2015','2016','PE','PS','Constant dollars',200,0,81),(1718,'2015','2016','PE','PS','Percentage distribution of  expenditures',46,0,239),(1719,'2015','2016','PE','PS','Index of change',104,0,160),(1720,'2015','2016','PE','CL','Constant dollars',87,0,81),(1721,'2015','2016','PE','CL','Percentage distribution of  expenditures',20,0,239),(1722,'2015','2016','PE','CL','Index of change',117,0,160),(1723,'2015','2016','PE','UN','Constant dollars',113,0,81),(1724,'2015','2016','PE','UN','Percentage distribution of  expenditures',25.9,0,239),(1725,'2015','2016','PE','UN','Index of change',95,0,160),(1726,'2015','2016','NS','ALL','Constant dollars',3010,0,81),(1727,'2015','2016','NS','ALL','Percentage distribution of  expenditures',100,0,239),(1728,'2015','2016','NS','ALL','Index of change',112,0,160),(1729,'2015','2016','NS','EL','Constant dollars',1585,0,81),(1730,'2015','2016','NS','EL','Percentage distribution of  expenditures',52.6,0,239),(1731,'2015','2016','NS','EL','Index of change',112,0,160),(1732,'2015','2016','NS','PS','Constant dollars',1425,0,81),(1733,'2015','2016','NS','PS','Percentage distribution of  expenditures',47.3,0,239),(1734,'2015','2016','NS','PS','Index of change',113,0,160),(1735,'2015','2016','NS','CL','Constant dollars',348,0,81),(1736,'2015','2016','NS','CL','Percentage distribution of  expenditures',11.6,0,239),(1737,'2015','2016','NS','CL','Index of change',116,0,160),(1738,'2015','2016','NS','UN','Constant dollars',1077,0,81),(1739,'2015','2016','NS','UN','Percentage distribution of  expenditures',35.8,0,239),(1740,'2015','2016','NS','UN','Index of change',112,0,160),(1741,'2015','2016','NB','ALL','Constant dollars',2071,0,81),(1742,'2015','2016','NB','ALL','Percentage distribution of  expenditures',100,0,239),(1743,'2015','2016','NB','ALL','Index of change',100,0,160),(1744,'2015','2016','NB','EL','Constant dollars',1275,0,81),(1745,'2015','2016','NB','EL','Percentage distribution of  expenditures',61.6,0,239),(1746,'2015','2016','NB','EL','Index of change',105,0,160),(1747,'2015','2016','NB','PS','Constant dollars',795,0,81),(1748,'2015','2016','NB','PS','Percentage distribution of  expenditures',38.4,0,239),(1749,'2015','2016','NB','PS','Index of change',92,0,160),(1750,'2015','2016','NB','CL','Constant dollars',298,0,81),(1751,'2015','2016','NB','CL','Percentage distribution of  expenditures',14.4,0,239),(1752,'2015','2016','NB','CL','Index of change',117,0,160),(1753,'2015','2016','NB','UN','Constant dollars',498,0,81),(1754,'2015','2016','NB','UN','Percentage distribution of  expenditures',24,0,239),(1755,'2015','2016','NB','UN','Index of change',82,0,160),(1756,'2015','2016','QC','ALL','Constant dollars',23375,0,81),(1757,'2015','2016','QC','ALL','Percentage distribution of  expenditures',100,0,239),(1758,'2015','2016','QC','ALL','Index of change',105,0,160),(1759,'2015','2016','QC','EL','Constant dollars',13713,0,81),(1760,'2015','2016','QC','EL','Percentage distribution of  expenditures',58.7,0,239),(1761,'2015','2016','QC','EL','Index of change',109,0,160),(1762,'2015','2016','QC','PS','Constant dollars',9662,0,81),(1763,'2015','2016','QC','PS','Percentage distribution of  expenditures',41.3,0,239),(1764,'2015','2016','QC','PS','Index of change',100,0,160),(1765,'2015','2016','QC','CL','Constant dollars',3809,0,81),(1766,'2015','2016','QC','CL','Percentage distribution of  expenditures',16.3,0,239),(1767,'2015','2016','QC','CL','Index of change',92,0,160),(1768,'2015','2016','QC','UN','Constant dollars',5853,0,81),(1769,'2015','2016','QC','UN','Percentage distribution of  expenditures',25,0,239),(1770,'2015','2016','QC','UN','Index of change',107,0,160),(1771,'2015','2016','ON','ALL','Constant dollars',45803,0,81),(1772,'2015','2016','ON','ALL','Percentage distribution of  expenditures',100,0,239),(1773,'2015','2016','ON','ALL','Index of change',116,0,160),(1774,'2015','2016','ON','EL','Constant dollars',27005,0,81),(1775,'2015','2016','ON','EL','Percentage distribution of  expenditures',59,0,239),(1776,'2015','2016','ON','EL','Index of change',112,0,160),(1777,'2015','2016','ON','PS','Constant dollars',18799,0,81),(1778,'2015','2016','ON','PS','Percentage distribution of  expenditures',41,0,239),(1779,'2015','2016','ON','PS','Index of change',123,0,160),(1780,'2015','2016','ON','CL','Constant dollars',6992,0,81),(1781,'2015','2016','ON','CL','Percentage distribution of  expenditures',15.3,0,239),(1782,'2015','2016','ON','CL','Index of change',145,0,160),(1783,'2015','2016','ON','UN','Constant dollars',11806,0,81),(1784,'2015','2016','ON','UN','Percentage distribution of  expenditures',25.8,0,239),(1785,'2015','2016','ON','UN','Index of change',112,0,160),(1786,'2015','2016','MB','ALL','Constant dollars',4631,0,81),(1787,'2015','2016','MB','ALL','Percentage distribution of  expenditures',100,0,239),(1788,'2015','2016','MB','ALL','Index of change',127,0,160),(1789,'2015','2016','MB','EL','Constant dollars',2966,0,81),(1790,'2015','2016','MB','EL','Percentage distribution of  expenditures',64.1,0,239),(1791,'2015','2016','MB','EL','Index of change',121,0,160),(1792,'2015','2016','MB','PS','Constant dollars',1665,0,81),(1793,'2015','2016','MB','PS','Percentage distribution of  expenditures',36,0,239),(1794,'2015','2016','MB','PS','Index of change',139,0,160),(1795,'2015','2016','MB','CL','Constant dollars',625,0,81),(1796,'2015','2016','MB','CL','Percentage distribution of  expenditures',13.5,0,239),(1797,'2015','2016','MB','CL','Index of change',151,0,160),(1798,'2015','2016','MB','UN','Constant dollars',1041,0,81),(1799,'2015','2016','MB','UN','Percentage distribution of  expenditures',22.5,0,239),(1800,'2015','2016','MB','UN','Index of change',132,0,160),(1801,'2015','2016','SK','ALL','Constant dollars',4713,0,81),(1802,'2015','2016','SK','ALL','Percentage distribution of  expenditures',100,0,239),(1803,'2015','2016','SK','ALL','Index of change',111,0,160),(1804,'2015','2016','SK','EL','Constant dollars',2980,0,81),(1805,'2015','2016','SK','EL','Percentage distribution of  expenditures',63.2,0,239),(1806,'2015','2016','SK','EL','Index of change',118,0,160),(1807,'2015','2016','SK','PS','Constant dollars',1732,0,81),(1808,'2015','2016','SK','PS','Percentage distribution of  expenditures',36.8,0,239),(1809,'2015','2016','SK','PS','Index of change',102,0,160),(1810,'2015','2016','SK','CL','Constant dollars',615,0,81),(1811,'2015','2016','SK','CL','Percentage distribution of  expenditures',13,0,239),(1812,'2015','2016','SK','CL','Index of change',101,0,160),(1813,'2015','2016','SK','UN','Constant dollars',1117,0,81),(1814,'2015','2016','SK','UN','Percentage distribution of  expenditures',23.7,0,239),(1815,'2015','2016','SK','UN','Index of change',103,0,160),(1816,'2015','2016','AL','ALL','Constant dollars',16559,0,81),(1817,'2015','2016','AL','ALL','Percentage distribution of  expenditures',100,0,239),(1818,'2015','2016','AL','ALL','Index of change',145,0,160),(1819,'2015','2016','AL','EL','Constant dollars',10240,0,81),(1820,'2015','2016','AL','EL','Percentage distribution of  expenditures',61.8,0,239),(1821,'2015','2016','AL','EL','Index of change',161,0,160),(1822,'2015','2016','AL','PS','Constant dollars',6319,0,81),(1823,'2015','2016','AL','PS','Percentage distribution of  expenditures',38.2,0,239),(1824,'2015','2016','AL','PS','Index of change',126,0,160),(1825,'2015','2016','AL','CL','Constant dollars',2631,0,81),(1826,'2015','2016','AL','CL','Percentage distribution of  expenditures',15.9,0,239),(1827,'2015','2016','AL','CL','Index of change',122,0,160),(1828,'2015','2016','AL','UN','Constant dollars',3689,0,81),(1829,'2015','2016','AL','UN','Percentage distribution of  expenditures',22.3,0,239),(1830,'2015','2016','AL','UN','Index of change',128,0,160),(1831,'2015','2016','BC','ALL','Constant dollars',12563,0,81),(1832,'2015','2016','BC','ALL','Percentage distribution of  expenditures',100,0,239),(1833,'2015','2016','BC','ALL','Index of change',107,0,160),(1834,'2015','2016','BC','EL','Constant dollars',6279,0,81),(1835,'2015','2016','BC','EL','Percentage distribution of  expenditures',50,0,239),(1836,'2015','2016','BC','EL','Index of change',94,0,160),(1837,'2015','2016','BC','PS','Constant dollars',6284,0,81),(1838,'2015','2016','BC','PS','Percentage distribution of  expenditures',50,0,239),(1839,'2015','2016','BC','PS','Index of change',123,0,160),(1840,'2015','2016','BC','CL','Constant dollars',2415,0,81),(1841,'2015','2016','BC','CL','Percentage distribution of  expenditures',19.2,0,239),(1842,'2015','2016','BC','CL','Index of change',119,0,160),(1843,'2015','2016','BC','UN','Constant dollars',3869,0,81),(1844,'2015','2016','BC','UN','Percentage distribution of  expenditures',30.8,0,239),(1845,'2015','2016','BC','UN','Index of change',126,0,160),(1846,'2015','2016','YT','ALL','Constant dollars',189,0,81),(1847,'2015','2016','YT','ALL','Percentage distribution of  expenditures',100,0,239),(1848,'2015','2016','YT','ALL','Index of change',125,0,160),(1849,'2015','2016','YT','EL','Constant dollars',137,0,81),(1850,'2015','2016','YT','EL','Percentage distribution of  expenditures',72.5,0,239),(1851,'2015','2016','YT','EL','Index of change',127,0,160),(1852,'2015','2016','YT','PS','Constant dollars',52,0,81),(1853,'2015','2016','YT','PS','Percentage distribution of  expenditures',27.5,0,239),(1854,'2015','2016','YT','PS','Index of change',120,0,160),(1855,'2015','2016','YT','CL','Constant dollars',52,0,81),(1856,'2015','2016','YT','CL','Percentage distribution of  expenditures',27.5,0,239),(1857,'2015','2016','YT','CL','Index of change',120,0,160),(1858,'2015','2016','NT','ALL','Constant dollars',288,0,81),(1859,'2015','2016','NT','ALL','Percentage distribution of  expenditures',100,0,239),(1860,'2015','2016','NT','ALL','Index of change',79,0,160),(1861,'2015','2016','NT','EL','Constant dollars',220,0,81),(1862,'2015','2016','NT','EL','Percentage distribution of  expenditures',76.5,0,239),(1863,'2015','2016','NT','EL','Index of change',93,0,160),(1864,'2015','2016','NT','PS','Constant dollars',68,0,81),(1865,'2015','2016','NT','PS','Percentage distribution of  expenditures',23.5,0,239),(1866,'2015','2016','NT','PS','Index of change',54,0,160),(1867,'2015','2016','NT','CL','Constant dollars',68,0,81),(1868,'2015','2016','NT','CL','Percentage distribution of  expenditures',23.5,0,239),(1869,'2015','2016','NT','CL','Index of change',54,0,160),(1870,'2015','2016','NU','ALL','Constant dollars',208,0,81),(1871,'2015','2016','NU','ALL','Percentage distribution of  expenditures',100,0,239),(1872,'2015','2016','NU','ALL','Index of change',98,0,160),(1873,'2015','2016','NU','EL','Constant dollars',146,0,81),(1874,'2015','2016','NU','EL','Percentage distribution of  expenditures',70.3,0,239),(1875,'2015','2016','NU','EL','Index of change',92,0,160),(1876,'2015','2016','NU','PS','Constant dollars',62,0,81),(1877,'2015','2016','NU','PS','Percentage distribution of  expenditures',29.7,0,239),(1878,'2015','2016','NU','PS','Index of change',114,0,160),(1879,'2015','2016','NU','CL','Constant dollars',62,0,81),(1880,'2015','2016','NU','CL','Percentage distribution of  expenditures',29.7,0,239),(1881,'2015','2016','NU','CL','Index of change',114,0,160);
/*!40000 ALTER TABLE `education_expenditures` ENABLE KEYS */;
UNLOCK TABLES;

--
-- Table structure for table `estimates`
--

DROP TABLE IF EXISTS `estimates`;
/*!40101 SET @saved_cs_client     = @@character_set_client */;
 SET character_set_client = utf8mb4 ;
CREATE TABLE `estimates` (
  `Estimate_ID` varchar(11) NOT NULL,
  `Estimates_type` varchar(45) DEFAULT NULL,
  PRIMARY KEY (`Estimate_ID`)
) ENGINE=InnoDB DEFAULT CHARSET=utf8mb4 COLLATE=utf8mb4_0900_ai_ci;
/*!40101 SET character_set_client = @saved_cs_client */;

--
-- Dumping data for table `estimates`
--

LOCK TABLES `estimates` WRITE;
/*!40000 ALTER TABLE `estimates` DISABLE KEYS */;
INSERT INTO `estimates` VALUES ('ECOMP','Compensation of employees'),('GDP','Gross domestic product (GDP)'),('GOS','Gross operating surplus'),('MXIN','Mixed income'),('TXLSUB','Taxes less subsidies');
/*!40000 ALTER TABLE `estimates` ENABLE KEYS */;
UNLOCK TABLES;

--
-- Table structure for table `fuel_usage`
--

DROP TABLE IF EXISTS `fuel_usage`;
/*!40101 SET @saved_cs_client     = @@character_set_client */;
 SET character_set_client = utf8mb4 ;
CREATE TABLE `fuel_usage` (
  `Usage_ID` varchar(11) NOT NULL,
  `Usage_description` varchar(45) DEFAULT NULL,
  PRIMARY KEY (`Usage_ID`)
) ENGINE=InnoDB DEFAULT CHARSET=utf8mb4 COLLATE=utf8mb4_0900_ai_ci;
/*!40101 SET character_set_client = @saved_cs_client */;

--
-- Dumping data for table `fuel_usage`
--

LOCK TABLES `fuel_usage` WRITE;
/*!40000 ALTER TABLE `fuel_usage` DISABLE KEYS */;
INSERT INTO `fuel_usage` VALUES ('COST','Total cost of diesel fuel'),('D','Total diesel'),('DF','Diesel, freight'),('DP','Diesel, passenger'),('DWT','Diesel, work train'),('DYS','Diesel, yard switching');
/*!40000 ALTER TABLE `fuel_usage` ENABLE KEYS */;
UNLOCK TABLES;

--
-- Table structure for table `fuelconsumption`
--

DROP TABLE IF EXISTS `fuel_consumption`;
/*!40101 SET @saved_cs_client     = @@character_set_client */;
 SET character_set_client = utf8mb4 ;
CREATE TABLE `fuel_consumption` (
  `Consumption_ID` int(11) NOT NULL AUTO_INCREMENT,
  `Year` varchar(45) DEFAULT NULL,
  `Location_ID` varchar(45) DEFAULT NULL,
  `Company_ID` varchar(45) DEFAULT NULL,
  `Usage_ID` varchar(11) DEFAULT NULL,
  `Value` double DEFAULT NULL,
  `Scalar_ID` int(11) DEFAULT NULL,
  `UOM_ID` int(11) DEFAULT NULL,
  PRIMARY KEY (`Consumption_ID`),
  KEY `Location_idx` (`Location_ID`),
  KEY `Company_idx` (`Company_ID`),
  KEY `Usage_idx` (`Usage_ID`),
  KEY `UOM_consumption_idx` (`UOM_ID`),
  KEY `Scalar_idx` (`Scalar_ID`),
  CONSTRAINT `Company` FOREIGN KEY (`Company_ID`) REFERENCES `companies` (`Company_ID`),
  CONSTRAINT `Location` FOREIGN KEY (`Location_ID`) REFERENCES `locations` (`Location_ID`),
  CONSTRAINT `UOM` FOREIGN KEY (`UOM_ID`) REFERENCES `measures` (`Unit_of_measure_ID`),
  CONSTRAINT `Usage` FOREIGN KEY (`Usage_ID`) REFERENCES `fuel_usage` (`Usage_ID`),
  CONSTRAINT `fuel_Scalar` FOREIGN KEY (`Scalar_ID`) REFERENCES `scalars` (`Scalar_ID`)
) ENGINE=InnoDB AUTO_INCREMENT=943 DEFAULT CHARSET=utf8mb4 COLLATE=utf8mb4_0900_ai_ci;
/*!40101 SET character_set_client = @saved_cs_client */;

--
-- Dumping data for table `fuel_consumption`
--

LOCK TABLES `fuel_consumption` WRITE;
/*!40000 ALTER TABLE `fuel_consumption` DISABLE KEYS */;
INSERT INTO `fuel_consumption` VALUES (1,'1986','CN','ALL','D',2168059,3,203),(2,'1986','CN','ALL','DF',1826526,3,203),(3,'1986','CN','ALL','DP',200549,3,203),(4,'1986','CN','ALL','DYS',114676,3,203),(5,'1986','CN','ALL','DWT',26308,3,203),(6,'1986','CN','ALL','COST',651231694,0,81),(7,'1986','CN','CNNL','D',1029150,3,203),(8,'1986','CN','CNNL','DF',907298,3,203),(9,'1986','CN','CNNL','DP',54604,3,203),(10,'1986','CN','CNNL','DYS',57998,3,203),(11,'1986','CN','CNNL','DWT',9249,3,203),(12,'1986','CN','CNNL','COST',318818032,0,81),(13,'1986','CN','CNPC','D',835499,3,203),(14,'1986','CN','CNPC','DF',777698,3,203),(15,'1986','CN','CNPC','DP',0,3,203),(16,'1986','CN','CNPC','DYS',45370,3,203),(17,'1986','CN','CNPC','DWT',12431,3,203),(18,'1986','CN','CNPC','COST',243389009,0,81),(19,'1986','CN','VIAR','D',137747,3,203),(20,'1986','CN','VIAR','DF',0,3,203),(21,'1986','CN','VIAR','DP',137747,3,203),(22,'1986','CN','VIAR','DYS',0,3,203),(23,'1986','CN','VIAR','DWT',0,3,203),(24,'1986','CN','VIAR','COST',39788800,0,81),(25,'1986','CN','RGRL','D',165663,3,203),(26,'1986','CN','RGRL','DF',141530,3,203),(27,'1986','CN','RGRL','DP',8198,3,203),(28,'1986','CN','RGRL','DYS',11308,3,203),(29,'1986','CN','RGRL','DWT',4628,3,203),(30,'1986','CN','RGRL','COST',49235853,0,81),(31,'1987','CN','ALL','D',2191002,3,203),(32,'1987','CN','ALL','DF',1895467,3,203),(33,'1987','CN','ALL','DP',153233,3,203),(34,'1987','CN','ALL','DYS',118622,3,203),(35,'1987','CN','ALL','DWT',23680,3,203),(36,'1987','CN','ALL','COST',656830418,0,81),(37,'1987','CN','CNNL','D',995041,3,203),(38,'1987','CN','CNNL','DF',924638,3,203),(39,'1987','CN','CNNL','DP',0,3,203),(40,'1987','CN','CNNL','DYS',60290,3,203),(41,'1987','CN','CNNL','DWT',10113,3,203),(42,'1987','CN','CNNL','COST',320653715,0,81),(43,'1987','CN','CNPC','D',884793,3,203),(44,'1987','CN','CNPC','DF',828670,3,203),(45,'1987','CN','CNPC','DP',0,3,203),(46,'1987','CN','CNPC','DYS',47461,3,203),(47,'1987','CN','CNPC','DWT',8662,3,203),(48,'1987','CN','CNPC','COST',256105141,0,81),(49,'1987','CN','VIAR','D',145475,3,203),(50,'1987','CN','VIAR','DF',0,3,203),(51,'1987','CN','VIAR','DP',145475,3,203),(52,'1987','CN','VIAR','DYS',0,3,203),(53,'1987','CN','VIAR','DWT',0,3,203),(54,'1987','CN','VIAR','COST',33299000,0,81),(55,'1987','CN','RGRL','D',165693,3,203),(56,'1987','CN','RGRL','DF',142159,3,203),(57,'1987','CN','RGRL','DP',7758,3,203),(58,'1987','CN','RGRL','DYS',10871,3,203),(59,'1987','CN','RGRL','DWT',4904,3,203),(60,'1987','CN','RGRL','COST',46772562,0,81),(61,'1988','CN','ALL','D',2220346,3,203),(62,'1988','CN','ALL','DF',1954146,3,203),(63,'1988','CN','ALL','DP',125356,3,203),(64,'1988','CN','ALL','DYS',118128,3,203),(65,'1988','CN','ALL','DWT',22716,3,203),(66,'1988','CN','ALL','COST',656075749,0,81),(67,'1988','CN','CNNL','D',1035511,3,203),(68,'1988','CN','CNNL','DF',966816,3,203),(69,'1988','CN','CNNL','DP',0,3,203),(70,'1988','CN','CNNL','DYS',58909,3,203),(71,'1988','CN','CNNL','DWT',9787,3,203),(72,'1988','CN','CNNL','COST',320435509,0,81),(73,'1988','CN','CNPC','D',885311,3,203),(74,'1988','CN','CNPC','DF',829976,3,203),(75,'1988','CN','CNPC','DP',0,3,203),(76,'1988','CN','CNPC','DYS',47265,3,203),(77,'1988','CN','CNPC','DWT',8070,3,203),(78,'1988','CN','CNPC','COST',249715146,0,81),(79,'1988','CN','VIAR','D',117560,3,203),(80,'1988','CN','VIAR','DF',0,3,203),(81,'1988','CN','VIAR','DP',117560,3,203),(82,'1988','CN','VIAR','DYS',0,3,203),(83,'1988','CN','VIAR','DWT',0,3,203),(84,'1988','CN','VIAR','COST',36446000,0,81),(85,'1988','CN','RGRL','D',181964,3,203),(86,'1988','CN','RGRL','DF',157354,3,203),(87,'1988','CN','RGRL','DP',7796,3,203),(88,'1988','CN','RGRL','DYS',11955,3,203),(89,'1988','CN','RGRL','DWT',4859,3,203),(90,'1988','CN','RGRL','COST',49479094,0,81),(91,'1989','CN','ALL','D',2024349,3,203),(92,'1989','CN','ALL','DF',1770873,3,203),(93,'1989','CN','ALL','DP',126605,3,203),(94,'1989','CN','ALL','DYS',109556,3,203),(95,'1989','CN','ALL','DWT',17315,3,203),(96,'1989','CN','ALL','COST',613680725,0,81),(97,'1989','CN','CNNL','D',906336,3,203),(98,'1989','CN','CNNL','DF',845541,3,203),(99,'1989','CN','CNNL','DP',0,3,203),(100,'1989','CN','CNNL','DYS',52956,3,203),(101,'1989','CN','CNNL','DWT',7840,3,203),(102,'1989','CN','CNNL','COST',301815033,0,81),(103,'1989','CN','CNPC','D',817799,3,203),(104,'1989','CN','CNPC','DF',769307,3,203),(105,'1989','CN','CNPC','DP',0,3,203),(106,'1989','CN','CNPC','DYS',43515,3,203),(107,'1989','CN','CNPC','DWT',4977,3,203),(108,'1989','CN','CNPC','COST',229441906,0,81),(109,'1989','CN','VIAR','D',116995,3,203),(110,'1989','CN','VIAR','DF',0,3,203),(111,'1989','CN','VIAR','DP',116995,3,203),(112,'1989','CN','VIAR','DYS',0,3,203),(113,'1989','CN','VIAR','DWT',0,3,203),(114,'1989','CN','VIAR','COST',30405748,0,81),(115,'1989','CN','RGRL','D',183219,3,203),(116,'1989','CN','RGRL','DF',156025,3,203),(117,'1989','CN','RGRL','DP',9610,3,203),(118,'1989','CN','RGRL','DYS',13086,3,203),(119,'1989','CN','RGRL','DWT',4498,3,203),(120,'1989','CN','RGRL','COST',52018038,0,81),(121,'1990','CN','ALL','D',1913814,3,203),(122,'1990','CN','ALL','DF',1709760,3,203),(123,'1990','CN','ALL','DP',74878,3,203),(124,'1990','CN','ALL','DYS',116117,3,203),(125,'1990','CN','ALL','DWT',13058,3,203),(126,'1990','CN','ALL','COST',651420485,0,81),(127,'1990','CN','CNNL','D',879142,3,203),(128,'1990','CN','CNNL','DF',814586,3,203),(129,'1990','CN','CNNL','DP',0,3,203),(130,'1990','CN','CNNL','DYS',58420,3,203),(131,'1990','CN','CNNL','DWT',6136,3,203),(132,'1990','CN','CNNL','COST',319320848,0,81),(133,'1990','CN','CNPC','D',814917,3,203),(134,'1990','CN','CNPC','DF',767230,3,203),(135,'1990','CN','CNPC','DP',0,3,203),(136,'1990','CN','CNPC','DYS',44565,3,203),(137,'1990','CN','CNPC','DWT',3122,3,203),(138,'1990','CN','CNPC','COST',259809657,0,81),(139,'1990','CN','VIAR','D',68857,3,203),(140,'1990','CN','VIAR','DF',0,3,203),(141,'1990','CN','VIAR','DP',68110,3,203),(142,'1990','CN','VIAR','DYS',748,3,203),(143,'1990','CN','VIAR','DWT',0,3,203),(144,'1990','CN','VIAR','COST',23942534,0,81),(145,'1990','CN','RGRL','D',150898,3,203),(146,'1990','CN','RGRL','DF',127944,3,203),(147,'1990','CN','RGRL','DP',6769,3,203),(148,'1990','CN','RGRL','DYS',12384,3,203),(149,'1990','CN','RGRL','DWT',3801,3,203),(150,'1990','CN','RGRL','COST',48347446,0,81),(151,'1991','CN','ALL','D',1972528,3,203),(152,'1991','CN','ALL','DF',1774337,3,203),(153,'1991','CN','ALL','DP',70096,3,203),(154,'1991','CN','ALL','DYS',116916,3,203),(155,'1991','CN','ALL','DWT',11179,3,203),(156,'1991','CN','ALL','COST',641975222,0,81),(157,'1991','CN','CNNL','D',911080,3,203),(158,'1991','CN','CNNL','DF',849186,3,203),(159,'1991','CN','CNNL','DP',0,3,203),(160,'1991','CN','CNNL','DYS',58616,3,203),(161,'1991','CN','CNNL','DWT',3277,3,203),(162,'1991','CN','CNNL','COST',324432341,0,81),(163,'1991','CN','CNPC','D',845596,3,203),(164,'1991','CN','CNPC','DF',794465,3,203),(165,'1991','CN','CNPC','DP',0,3,203),(166,'1991','CN','CNPC','DYS',46460,3,203),(167,'1991','CN','CNPC','DWT',4671,3,203),(168,'1991','CN','CNPC','COST',252644218,0,81),(169,'1991','CN','VIAR','D',63955,3,203),(170,'1991','CN','VIAR','DF',0,3,203),(171,'1991','CN','VIAR','DP',63446,3,203),(172,'1991','CN','VIAR','DYS',509,3,203),(173,'1991','CN','VIAR','DWT',0,3,203),(174,'1991','CN','VIAR','COST',19044806,0,81),(175,'1991','CN','RGRL','D',151898,3,203),(176,'1991','CN','RGRL','DF',130685,3,203),(177,'1991','CN','RGRL','DP',6650,3,203),(178,'1991','CN','RGRL','DYS',11331,3,203),(179,'1991','CN','RGRL','DWT',3231,3,203),(180,'1991','CN','RGRL','COST',45853857,0,81),(181,'1992','CN','ALL','D',1894237,3,203),(182,'1992','CN','ALL','DF',1704686,3,203),(183,'1992','CN','ALL','DP',61535,3,203),(184,'1992','CN','ALL','DYS',116061,3,203),(185,'1992','CN','ALL','DWT',11955,3,203),(186,'1992','CN','ALL','COST',573189775,0,81),(187,'1992','CN','CNNL','D',895952,3,203),(188,'1992','CN','CNNL','DF',832667,3,203),(189,'1992','CN','CNNL','DP',0,3,203),(190,'1992','CN','CNNL','DYS',59031,3,203),(191,'1992','CN','CNNL','DWT',4254,3,203),(192,'1992','CN','CNNL','COST',290213000,0,81),(193,'1992','CN','CNPC','D',795398,3,203),(194,'1992','CN','CNPC','DF',744770,3,203),(195,'1992','CN','CNPC','DP',0,3,203),(196,'1992','CN','CNPC','DYS',46432,3,203),(197,'1992','CN','CNPC','DWT',4196,3,203),(198,'1992','CN','CNPC','COST',224245642,0,81),(199,'1992','CN','VIAR','D',56010,3,203),(200,'1992','CN','VIAR','DF',0,3,203),(201,'1992','CN','VIAR','DP',56010,3,203),(202,'1992','CN','VIAR','DYS',0,3,203),(203,'1992','CN','VIAR','DWT',0,3,203),(204,'1992','CN','VIAR','COST',15567796,0,81),(205,'1992','CN','RGRL','D',146876,3,203),(206,'1992','CN','RGRL','DF',127248,3,203),(207,'1992','CN','RGRL','DP',5525,3,203),(208,'1992','CN','RGRL','DYS',10598,3,203),(209,'1992','CN','RGRL','DWT',3504,3,203),(210,'1992','CN','RGRL','COST',43163337,0,81),(211,'1993','CN','ALL','D',1906796,3,203),(212,'1993','CN','ALL','DF',1711074,3,203),(213,'1993','CN','ALL','DP',67002,3,203),(214,'1993','CN','ALL','DYS',118454,3,203),(215,'1993','CN','ALL','DWT',10266,3,203),(216,'1993','CN','ALL','COST',578556585,0,81),(217,'1993','CN','CNNL','D',885216,3,203),(218,'1993','CN','CNNL','DF',822648,3,203),(219,'1993','CN','CNNL','DP',0,3,203),(220,'1993','CN','CNNL','DYS',58561,3,203),(221,'1993','CN','CNNL','DWT',4007,3,203),(222,'1993','CN','CNNL','COST',285326026,0,81),(223,'1993','CN','CNPC','D',808162,3,203),(224,'1993','CN','CNPC','DF',755527,3,203),(225,'1993','CN','CNPC','DP',0,3,203),(226,'1993','CN','CNPC','DYS',49177,3,203),(227,'1993','CN','CNPC','DWT',3458,3,203),(228,'1993','CN','CNPC','COST',235016513,0,81),(229,'1993','CN','VIAR','D',61715,3,203),(230,'1993','CN','VIAR','DF',0,3,203),(231,'1993','CN','VIAR','DP',61715,3,203),(232,'1993','CN','VIAR','DYS',0,3,203),(233,'1993','CN','VIAR','DWT',0,3,203),(234,'1993','CN','VIAR','COST',14839867,0,81),(235,'1993','CN','RGRL','D',151703,3,203),(236,'1993','CN','RGRL','DF',132900,3,203),(237,'1993','CN','RGRL','DP',5287,3,203),(238,'1993','CN','RGRL','DYS',10715,3,203),(239,'1993','CN','RGRL','DWT',2801,3,203),(240,'1993','CN','RGRL','COST',43374179,0,81),(241,'1994','CN','ALL','D',1986748,3,203),(242,'1994','CN','ALL','DF',1790386,3,203),(243,'1994','CN','ALL','DP',57468,3,203),(244,'1994','CN','ALL','DYS',127704,3,203),(245,'1994','CN','ALL','DWT',11190,3,203),(246,'1994','CN','ALL','COST',621047713,0,81),(247,'1994','CN','CNNL','D',877719,3,203),(248,'1994','CN','CNNL','DF',812258,3,203),(249,'1994','CN','CNNL','DP',0,3,203),(250,'1994','CN','CNNL','DYS',60817,3,203),(251,'1994','CN','CNNL','DWT',4645,3,203),(252,'1994','CN','CNNL','COST',304455808,0,81),(253,'1994','CN','CNPC','D',885911,3,203),(254,'1994','CN','CNPC','DF',829454,3,203),(255,'1994','CN','CNPC','DP',0,3,203),(256,'1994','CN','CNPC','DYS',54390,3,203),(257,'1994','CN','CNPC','DWT',2068,3,203),(258,'1994','CN','CNPC','COST',253589040,0,81),(259,'1994','CN','VIAR','D',53036,3,203),(260,'1994','CN','VIAR','DF',0,3,203),(261,'1994','CN','VIAR','DP',53036,3,203),(262,'1994','CN','VIAR','DYS',0,3,203),(263,'1994','CN','VIAR','DWT',0,3,203),(264,'1994','CN','VIAR','COST',15902033,0,81),(265,'1994','CN','RGRL','D',170082,3,203),(266,'1994','CN','RGRL','DF',148675,3,203),(267,'1994','CN','RGRL','DP',4432,3,203),(268,'1994','CN','RGRL','DYS',12498,3,203),(269,'1994','CN','RGRL','DWT',4477,3,203),(270,'1994','CN','RGRL','COST',47100832,0,81),(271,'1995','CN','ALL','D',1998053,3,203),(272,'1995','CN','ALL','DF',1804773,3,203),(273,'1995','CN','ALL','DP',53673,3,203),(274,'1995','CN','ALL','DYS',130415,3,203),(275,'1995','CN','ALL','DWT',9193,3,203),(276,'1995','CN','ALL','COST',623650907,0,81),(277,'1995','CN','CNNL','D',884088,3,203),(278,'1995','CN','CNNL','DF',815222,3,203),(279,'1995','CN','CNNL','DP',0,3,203),(280,'1995','CN','CNNL','DYS',65907,3,203),(281,'1995','CN','CNNL','DWT',2960,3,203),(282,'1995','CN','CNNL','COST',301603302,0,81),(283,'1995','CN','CNPC','D',889738,3,203),(284,'1995','CN','CNPC','DF',836672,3,203),(285,'1995','CN','CNPC','DP',0,3,203),(286,'1995','CN','CNPC','DYS',50845,3,203),(287,'1995','CN','CNPC','DWT',2222,3,203),(288,'1995','CN','CNPC','COST',259554505,0,81),(289,'1995','CN','VIAR','D',49309,3,203),(290,'1995','CN','VIAR','DF',0,3,203),(291,'1995','CN','VIAR','DP',49309,3,203),(292,'1995','CN','VIAR','DYS',0,3,203),(293,'1995','CN','VIAR','DWT',0,3,203),(294,'1995','CN','VIAR','COST',15929133,0,81),(295,'1995','CN','RGRL','D',174918,3,203),(296,'1995','CN','RGRL','DF',152879,3,203),(297,'1995','CN','RGRL','DP',4364,3,203),(298,'1995','CN','RGRL','DYS',13663,3,203),(299,'1995','CN','RGRL','DWT',4012,3,203),(300,'1995','CN','RGRL','COST',46563967,0,81),(301,'1996','CN','ALL','D',1994354,3,203),(302,'1996','CN','ALL','DF',1792495,3,203),(303,'1996','CN','ALL','DP',66285,3,203),(304,'1996','CN','ALL','DYS',129372,3,203),(305,'1996','CN','ALL','DWT',6203,3,203),(306,'1996','CN','ALL','COST',652615580,0,81),(307,'1996','CN','CNNL','D',944376,3,203),(308,'1996','CN','CNNL','DF',873314,3,203),(309,'1996','CN','CNNL','DP',0,3,203),(310,'1996','CN','CNNL','DYS',67590,3,203),(311,'1996','CN','CNNL','DWT',3472,3,203),(312,'1996','CN','CNNL','COST',332845996,0,81),(313,'1996','CN','CNPC','D',814172,3,203),(314,'1996','CN','CNPC','DF',764952,3,203),(315,'1996','CN','CNPC','DP',0,3,203),(316,'1996','CN','CNPC','DYS',48868,3,203),(317,'1996','CN','CNPC','DWT',352,3,203),(318,'1996','CN','CNPC','COST',251828234,0,81),(319,'1996','CN','VIAR','D',61391,3,203),(320,'1996','CN','VIAR','DF',0,3,203),(321,'1996','CN','VIAR','DP',61391,3,203),(322,'1996','CN','VIAR','DYS',0,3,203),(323,'1996','CN','VIAR','DWT',0,3,203),(324,'1996','CN','VIAR','COST',18887945,0,81),(325,'1996','CN','RGRL','D',174415,3,203),(326,'1996','CN','RGRL','DF',154229,3,203),(327,'1996','CN','RGRL','DP',4893,3,203),(328,'1996','CN','RGRL','DYS',12914,3,203),(329,'1996','CN','RGRL','DWT',2378,3,203),(330,'1996','CN','RGRL','COST',49053405,0,81),(331,'1997','CN','ALL','D',2204130,3,203),(332,'1997','CN','ALL','DF',2011506,3,203),(333,'1997','CN','ALL','DP',64807,3,203),(334,'1997','CN','ALL','DYS',115425,3,203),(335,'1997','CN','ALL','DWT',12390,3,203),(336,'1997','CN','ALL','COST',720134384,0,81),(337,'1997','CN','CNNL','D',1072255,3,203),(338,'1997','CN','CNNL','DF',1018197,3,203),(339,'1997','CN','CNNL','DP',0,3,203),(340,'1997','CN','CNNL','DYS',51003,3,203),(341,'1997','CN','CNNL','DWT',3056,3,203),(342,'1997','CN','CNNL','COST',356912660,0,81),(343,'1997','CN','CNPC','D',870381,3,203),(344,'1997','CN','CNPC','DF',818037,3,203),(345,'1997','CN','CNPC','DP',0,3,203),(346,'1997','CN','CNPC','DYS',50538,3,203),(347,'1997','CN','CNPC','DWT',1805,3,203),(348,'1997','CN','CNPC','COST',280382550,0,81),(349,'1997','CN','VIAR','D',60725,3,203),(350,'1997','CN','VIAR','DF',0,3,203),(351,'1997','CN','VIAR','DP',60725,3,203),(352,'1997','CN','VIAR','DYS',0,3,203),(353,'1997','CN','VIAR','DWT',0,3,203),(354,'1997','CN','VIAR','COST',19821813,0,81),(355,'1997','CN','RGRL','D',200768,3,203),(356,'1997','CN','RGRL','DF',175273,3,203),(357,'1997','CN','RGRL','DP',4083,3,203),(358,'1997','CN','RGRL','DYS',13884,3,203),(359,'1997','CN','RGRL','DWT',7529,3,203),(360,'1997','CN','RGRL','COST',63017361,0,81),(361,'1998','CN','ALL','D',2077113,3,203),(362,'1998','CN','ALL','DF',1887488,3,203),(363,'1998','CN','ALL','DP',62823,3,203),(364,'1998','CN','ALL','DYS',116080,3,203),(365,'1998','CN','ALL','DWT',10722,3,203),(366,'1998','CN','ALL','COST',582158704,0,81),(367,'1998','CN','CNNL','D',1002939,3,203),(368,'1998','CN','CNNL','DF',944588,3,203),(369,'1998','CN','CNNL','DP',0,3,203),(370,'1998','CN','CNNL','DYS',54215,3,203),(371,'1998','CN','CNNL','DWT',4136,3,203),(372,'1998','CN','CNNL','COST',274829019,0,81),(373,'1998','CN','CNPC','D',815556,3,203),(374,'1998','CN','CNPC','DF',765316,3,203),(375,'1998','CN','CNPC','DP',0,3,203),(376,'1998','CN','CNPC','DYS',48111,3,203),(377,'1998','CN','CNPC','DWT',2128,3,203),(378,'1998','CN','CNPC','COST',235867167,0,81),(379,'1998','CN','VIAR','D',58588,3,203),(380,'1998','CN','VIAR','DF',0,3,203),(381,'1998','CN','VIAR','DP',58403,3,203),(382,'1998','CN','VIAR','DYS',185,3,203),(383,'1998','CN','VIAR','DWT',0,3,203),(384,'1998','CN','VIAR','COST',17435799,0,81),(385,'1998','CN','RGRL','D',200030,3,203),(386,'1998','CN','RGRL','DF',177583,3,203),(387,'1998','CN','RGRL','DP',4420,3,203),(388,'1998','CN','RGRL','DYS',13569,3,203),(389,'1998','CN','RGRL','DWT',4458,3,203),(390,'1998','CN','RGRL','COST',54026719,0,81),(391,'1999','CN','ALL','D',1950034,3,203),(392,'1999','CN','ALL','DF',1784841,3,203),(393,'1999','CN','ALL','DP',62921,3,203),(394,'1999','CN','ALL','DYS',94782,3,203),(395,'1999','CN','ALL','DWT',7491,3,203),(396,'1999','CN','ALL','COST',551887072,0,81),(397,'1999','CN','CNNL','D',882300,3,203),(398,'1999','CN','CNNL','DF',833304,3,203),(399,'1999','CN','CNNL','DP',0,3,203),(400,'1999','CN','CNNL','DYS',47904,3,203),(401,'1999','CN','CNNL','DWT',1092,3,203),(402,'1999','CN','CNNL','COST',240069607,0,81),(403,'1999','CN','CNPC','D',798652,3,203),(404,'1999','CN','CNPC','DF',762354,3,203),(405,'1999','CN','CNPC','DP',0,3,203),(406,'1999','CN','CNPC','DYS',32868,3,203),(407,'1999','CN','CNPC','DWT',3430,3,203),(408,'1999','CN','CNPC','COST',228045217,0,81),(409,'1999','CN','VIAR','D',58371,3,203),(410,'1999','CN','VIAR','DF',0,3,203),(411,'1999','CN','VIAR','DP',58195,3,203),(412,'1999','CN','VIAR','DYS',175,3,203),(413,'1999','CN','VIAR','DWT',0,3,203),(414,'1999','CN','VIAR','COST',17454192,0,81),(415,'1999','CN','RGRL','D',210713,3,203),(416,'1999','CN','RGRL','DF',189183,3,203),(417,'1999','CN','RGRL','DP',4726,3,203),(418,'1999','CN','RGRL','DYS',13835,3,203),(419,'1999','CN','RGRL','DWT',2969,3,203),(420,'1999','CN','RGRL','COST',66318056,0,81),(421,'2000','CN','ALL','D',1977051,3,203),(422,'2000','CN','ALL','DF',1817271,3,203),(423,'2000','CN','ALL','DP',66306,3,203),(424,'2000','CN','ALL','DYS',87064,3,203),(425,'2000','CN','ALL','DWT',6409,3,203),(426,'2000','CN','ALL','COST',769755416,0,81),(427,'2000','CN','CNNL','D',866120,3,203),(428,'2000','CN','CNNL','DF',819369,3,203),(429,'2000','CN','CNNL','DP',0,3,203),(430,'2000','CN','CNNL','DYS',45709,3,203),(431,'2000','CN','CNNL','DWT',1042,3,203),(432,'2000','CN','CNNL','COST',323300204,0,81),(433,'2000','CN','CNPC','D',819023,3,203),(434,'2000','CN','CNPC','DF',791698,3,203),(435,'2000','CN','CNPC','DP',0,3,203),(436,'2000','CN','CNPC','DYS',25183,3,203),(437,'2000','CN','CNPC','DWT',2143,3,203),(438,'2000','CN','CNPC','COST',337645187,0,81),(439,'2000','CN','VIAR','D',60955,3,203),(440,'2000','CN','VIAR','DF',0,3,203),(441,'2000','CN','VIAR','DP',60756,3,203),(442,'2000','CN','VIAR','DYS',199,3,203),(443,'2000','CN','VIAR','DWT',0,3,203),(444,'2000','CN','VIAR','COST',21110011,0,81),(445,'2000','CN','RGRL','D',230953,3,203),(446,'2000','CN','RGRL','DF',206205,3,203),(447,'2000','CN','RGRL','DP',5550,3,203),(448,'2000','CN','RGRL','DYS',15973,3,203),(449,'2000','CN','RGRL','DWT',3225,3,203),(450,'2000','CN','RGRL','COST',87700014,0,81),(451,'2001','CN','ALL','D',1982053,3,203),(452,'2001','CN','ALL','DF',1821474,3,203),(453,'2001','CN','ALL','DP',66789,3,203),(454,'2001','CN','ALL','DYS',86397,3,203),(455,'2001','CN','ALL','DWT',7393,3,203),(456,'2001','CN','ALL','COST',798357529,0,81),(457,'2001','CN','CNNL','D',904984,3,203),(458,'2001','CN','CNNL','DF',856010,3,203),(459,'2001','CN','CNNL','DP',0,3,203),(460,'2001','CN','CNNL','DYS',47883,3,203),(461,'2001','CN','CNNL','DWT',1091,3,203),(462,'2001','CN','CNNL','COST',361620149,0,81),(463,'2001','CN','CNPC','D',784208,3,203),(464,'2001','CN','CNPC','DF',758391,3,203),(465,'2001','CN','CNPC','DP',0,3,203),(466,'2001','CN','CNPC','DYS',22744,3,203),(467,'2001','CN','CNPC','DWT',3072,3,203),(468,'2001','CN','CNPC','COST',320106500,0,81),(469,'2001','CN','VIAR','D',61391,3,203),(470,'2001','CN','VIAR','DF',0,3,203),(471,'2001','CN','VIAR','DP',61197,3,203),(472,'2001','CN','VIAR','DYS',195,3,203),(473,'2001','CN','VIAR','DWT',0,3,203),(474,'2001','CN','VIAR','COST',26457234,0,81),(475,'2001','CN','RGRL','D',231471,3,203),(476,'2001','CN','RGRL','DF',207073,3,203),(477,'2001','CN','RGRL','DP',5593,3,203),(478,'2001','CN','RGRL','DYS',15576,3,203),(479,'2001','CN','RGRL','DWT',3230,3,203),(480,'2001','CN','RGRL','COST',90173646,0,81),(481,'2002','CN','ALL','D',1969741,3,203),(482,'2002','CN','ALL','DF',1819361,3,203),(483,'2002','CN','ALL','DP',68128,3,203),(484,'2002','CN','ALL','DYS',74764,3,203),(485,'2002','CN','ALL','DWT',7487,3,203),(486,'2002','CN','ALL','COST',712742623,0,81),(487,'2002','CN','CNNL','D',910726,3,203),(488,'2002','CN','CNNL','DF',868589,3,203),(489,'2002','CN','CNNL','DP',0,3,203),(490,'2002','CN','CNNL','DYS',39797,3,203),(491,'2002','CN','CNNL','DWT',2340,3,203),(492,'2002','CN','CNNL','COST',321268267,0,81),(493,'2002','CN','CNPC','D',786132,3,203),(494,'2002','CN','CNPC','DF',763953,3,203),(495,'2002','CN','CNPC','DP',0,3,203),(496,'2002','CN','CNPC','DYS',19540,3,203),(497,'2002','CN','CNPC','DWT',2639,3,203),(498,'2002','CN','CNPC','COST',288691605,0,81),(499,'2002','CN','VIAR','D',60824,3,203),(500,'2002','CN','VIAR','DF',0,3,203),(501,'2002','CN','VIAR','DP',60550,3,203),(502,'2002','CN','VIAR','DYS',274,3,203),(503,'2002','CN','VIAR','DWT',0,3,203),(504,'2002','CN','VIAR','COST',24159832,0,81),(505,'2002','CN','RGRL','D',212059,3,203),(506,'2002','CN','RGRL','DF',186819,3,203),(507,'2002','CN','RGRL','DP',7578,3,203),(508,'2002','CN','RGRL','DYS',15153,3,203),(509,'2002','CN','RGRL','DWT',2509,3,203),(510,'2002','CN','RGRL','COST',78622919,0,81),(511,'2003','CN','ALL','D',2007813,3,203),(512,'2003','CN','ALL','DF',1865509,3,203),(513,'2003','CN','ALL','DP',65428,3,203),(514,'2003','CN','ALL','DYS',70136,3,203),(515,'2003','CN','ALL','DWT',6741,3,203),(516,'2003','CN','ALL','COST',761278286,0,81),(517,'2003','CN','CNNL','D',912280,3,203),(518,'2003','CN','CNNL','DF',872848,3,203),(519,'2003','CN','CNNL','DP',462,3,203),(520,'2003','CN','CNNL','DYS',37101,3,203),(521,'2003','CN','CNNL','DWT',1870,3,203),(522,'2003','CN','CNNL','COST',332653051,0,81),(523,'2003','CN','CNPC','D',828027,3,203),(524,'2003','CN','CNPC','DF',807845,3,203),(525,'2003','CN','CNPC','DP',0,3,203),(526,'2003','CN','CNPC','DYS',17786,3,203),(527,'2003','CN','CNPC','DWT',2396,3,203),(528,'2003','CN','CNPC','COST',319635513,0,81),(529,'2003','CN','VIAR','D',61170,3,203),(530,'2003','CN','VIAR','DF',0,3,203),(531,'2003','CN','VIAR','DP',60873,3,203),(532,'2003','CN','VIAR','DYS',297,3,203),(533,'2003','CN','VIAR','DWT',0,3,203),(534,'2003','CN','VIAR','COST',23715977,0,81),(535,'2003','CN','RGRL','D',206336,3,203),(536,'2003','CN','RGRL','DF',184816,3,203),(537,'2003','CN','RGRL','DP',4094,3,203),(538,'2003','CN','RGRL','DYS',14951,3,203),(539,'2003','CN','RGRL','DWT',2475,3,203),(540,'2003','CN','RGRL','COST',85273745,0,81),(541,'2004','CN','ALL','D',2097070,3,203),(542,'2004','CN','ALL','DF',1953907,3,203),(543,'2004','CN','ALL','DP',64848,3,203),(544,'2004','CN','ALL','DYS',72421,3,203),(545,'2004','CN','ALL','DWT',5894,3,203),(546,'2004','CN','ALL','COST',846488822,0,81),(547,'2004','CN','CNNL','D',973265,3,203),(548,'2004','CN','CNNL','DF',932652,3,203),(549,'2004','CN','CNNL','DP',492,3,203),(550,'2004','CN','CNNL','DYS',38378,3,203),(551,'2004','CN','CNNL','DWT',1743,3,203),(552,'2004','CN','CNNL','COST',372890511,0,81),(553,'2004','CN','CNPC','D',861153,3,203),(554,'2004','CN','CNPC','DF',841623,3,203),(555,'2004','CN','CNPC','DP',0,3,203),(556,'2004','CN','CNPC','DYS',17947,3,203),(557,'2004','CN','CNPC','DWT',1584,3,203),(558,'2004','CN','CNPC','COST',355249447,0,81),(559,'2004','CN','VIAR','D',60638,3,203),(560,'2004','CN','VIAR','DF',0,3,203),(561,'2004','CN','VIAR','DP',60365,3,203),(562,'2004','CN','VIAR','DYS',273,3,203),(563,'2004','CN','VIAR','DWT',0,3,203),(564,'2004','CN','VIAR','COST',23977018,0,81),(565,'2004','CN','RGRL','D',202014,3,203),(566,'2004','CN','RGRL','DF',179632,3,203),(567,'2004','CN','RGRL','DP',3991,3,203),(568,'2004','CN','RGRL','DYS',15823,3,203),(569,'2004','CN','RGRL','DWT',2567,3,203),(570,'2004','CN','RGRL','COST',94371846,0,81),(571,'2005','CN','ALL','D',2130224,3,203),(572,'2005','CN','ALL','DF',1987726,3,203),(573,'2005','CN','ALL','DP',64986,3,203),(574,'2005','CN','ALL','DYS',67909,3,203),(575,'2005','CN','ALL','DWT',9603,3,203),(576,'2005','CN','ALL','COST',1153590667,0,81),(577,'2005','CN','CNNL','D',1028785,3,203),(578,'2005','CN','CNNL','DF',985880,3,203),(579,'2005','CN','CNNL','DP',424,3,203),(580,'2005','CN','CNNL','DYS',40106,3,203),(581,'2005','CN','CNNL','DWT',2375,3,203),(582,'2005','CN','CNNL','COST',552605898,0,81),(583,'2005','CN','CNPC','D',875823,3,203),(584,'2005','CN','CNPC','DF',854644,3,203),(585,'2005','CN','CNPC','DP',0,3,203),(586,'2005','CN','CNPC','DYS',16902,3,203),(587,'2005','CN','CNPC','DWT',4276,3,203),(588,'2005','CN','CNPC','COST',472080734,0,81),(589,'2005','CN','VIAR','D',60088,3,203),(590,'2005','CN','VIAR','DF',0,3,203),(591,'2005','CN','VIAR','DP',59838,3,203),(592,'2005','CN','VIAR','DYS',249,3,203),(593,'2005','CN','VIAR','DWT',0,3,203),(594,'2005','CN','VIAR','COST',30196526,0,81),(595,'2005','CN','RGRL','D',165529,3,203),(596,'2005','CN','RGRL','DF',147202,3,203),(597,'2005','CN','RGRL','DP',4724,3,203),(598,'2005','CN','RGRL','DYS',10651,3,203),(599,'2005','CN','RGRL','DWT',2953,3,203),(600,'2005','CN','RGRL','COST',98707509,0,81),(601,'2006','CN','ALL','D',2119082,3,203),(602,'2006','CN','ALL','DF',1979536,3,203),(603,'2006','CN','ALL','DP',62441,3,203),(604,'2006','CN','ALL','DYS',66694,3,203),(605,'2006','CN','ALL','DWT',10411,3,203),(606,'2006','CN','ALL','COST',1299571658,0,81),(607,'2006','CN','CNNL','D',1051395,3,203),(608,'2006','CN','CNNL','DF',1008573,3,203),(609,'2006','CN','CNNL','DP',344,3,203),(610,'2006','CN','CNNL','DYS',39052,3,203),(611,'2006','CN','CNNL','DWT',3426,3,203),(612,'2006','CN','CNNL','COST',633198093,0,81),(613,'2006','CN','CNPC','D',868931,3,203),(614,'2006','CN','CNPC','DF',848711,3,203),(615,'2006','CN','CNPC','DP',0,3,203),(616,'2006','CN','CNPC','DYS',16216,3,203),(617,'2006','CN','CNPC','DWT',4004,3,203),(618,'2006','CN','CNPC','COST',536126560,0,81),(619,'2006','CN','VIAR','D',58361,3,203),(620,'2006','CN','VIAR','DF',0,3,203),(621,'2006','CN','VIAR','DP',58148,3,203),(622,'2006','CN','VIAR','DYS',213,3,203),(623,'2006','CN','VIAR','DWT',0,3,203),(624,'2006','CN','VIAR','COST',37186421,0,81),(625,'2006','CN','RGRL','D',140396,3,203),(626,'2006','CN','RGRL','DF',122251,3,203),(627,'2006','CN','RGRL','DP',3949,3,203),(628,'2006','CN','RGRL','DYS',11214,3,203),(629,'2006','CN','RGRL','DWT',2981,3,203),(630,'2006','CN','RGRL','COST',93060584,0,81),(631,'2007','CN','ALL','D',2193684,3,203),(632,'2007','CN','ALL','DF',2058345,3,203),(633,'2007','CN','ALL','DP',62962,3,203),(634,'2007','CN','ALL','DYS',63425,3,203),(635,'2007','CN','ALL','DWT',8952,3,203),(636,'2007','CN','ALL','COST',1486001147,0,81),(637,'2007','CN','CNNL','D',1044591,3,203),(638,'2007','CN','CNNL','DF',1004256,3,203),(639,'2007','CN','CNNL','DP',427,3,203),(640,'2007','CN','CNNL','DYS',37787,3,203),(641,'2007','CN','CNNL','DWT',2121,3,203),(642,'2007','CN','CNNL','COST',731933193,0,81),(643,'2007','CN','CNPC','D',931407,3,203),(644,'2007','CN','CNPC','DF',912167,3,203),(645,'2007','CN','CNPC','DP',0,3,203),(646,'2007','CN','CNPC','DYS',15521,3,203),(647,'2007','CN','CNPC','DWT',3720,3,203),(648,'2007','CN','CNPC','COST',620873183,0,81),(649,'2007','CN','VIAR','D',58739,3,203),(650,'2007','CN','VIAR','DF',0,3,203),(651,'2007','CN','VIAR','DP',58518,3,203),(652,'2007','CN','VIAR','DYS',220,3,203),(653,'2007','CN','VIAR','DWT',0,3,203),(654,'2007','CN','VIAR','COST',37131069,0,81),(655,'2007','CN','RGRL','D',158947,3,203),(656,'2007','CN','RGRL','DF',141922,3,203),(657,'2007','CN','RGRL','DP',4017,3,203),(658,'2007','CN','RGRL','DYS',9897,3,203),(659,'2007','CN','RGRL','DWT',3111,3,203),(660,'2007','CN','RGRL','COST',96063702,0,81),(661,'2008','CN','ALL','D',2078060,3,203),(662,'2008','CN','ALL','DF',1950585,3,203),(663,'2008','CN','ALL','DP',63666,3,203),(664,'2008','CN','ALL','DYS',55633,3,203),(665,'2008','CN','ALL','DWT',8176,3,203),(666,'2008','CN','ALL','COST',1973051889,0,81),(667,'2008','CN','CNNL','D',1018213,3,203),(668,'2008','CN','CNNL','DF',980195,3,203),(669,'2008','CN','CNNL','DP',359,3,203),(670,'2008','CN','CNNL','DYS',34383,3,203),(671,'2008','CN','CNNL','DWT',3276,3,203),(672,'2008','CN','CNNL','COST',1002692222,0,81),(673,'2008','CN','CNPC','D',898023,3,203),(674,'2008','CN','CNPC','DF',881035,3,203),(675,'2008','CN','CNPC','DP',0,3,203),(676,'2008','CN','CNPC','DYS',12933,3,203),(677,'2008','CN','CNPC','DWT',4055,3,203),(678,'2008','CN','CNPC','COST',833983799,0,81),(679,'2008','CN','VIAR','D',59941,3,203),(680,'2008','CN','VIAR','DF',0,3,203),(681,'2008','CN','VIAR','DP',59718,3,203),(682,'2008','CN','VIAR','DYS',223,3,203),(683,'2008','CN','VIAR','DWT',0,3,203),(684,'2008','CN','VIAR','COST',47418556,0,81),(685,'2008','CN','RGRL','D',101883,3,203),(686,'2008','CN','RGRL','DF',89355,3,203),(687,'2008','CN','RGRL','DP',3589,3,203),(688,'2008','CN','RGRL','DYS',8094,3,203),(689,'2008','CN','RGRL','DWT',845,3,203),(690,'2008','CN','RGRL','COST',88957312,0,81),(691,'2009','CN','ALL','D',1769604,3,203),(692,'2009','CN','ALL','DF',1663312,3,203),(693,'2009','CN','ALL','DP',60542,3,203),(694,'2009','CN','ALL','DYS',39123,3,203),(695,'2009','CN','ALL','DWT',6627,3,203),(696,'2009','CN','ALL','COST',1125937702,0,81),(697,'2009','CN','CNNL','D',911825,3,203),(698,'2009','CN','CNNL','DF',883745,3,203),(699,'2009','CN','CNNL','DP',486,3,203),(700,'2009','CN','CNNL','DYS',24575,3,203),(701,'2009','CN','CNNL','DWT',3019,3,203),(702,'2009','CN','CNNL','COST',560297775,0,81),(703,'2009','CN','CNPC','D',722448,3,203),(704,'2009','CN','CNPC','DF',710771,3,203),(705,'2009','CN','CNPC','DP',0,3,203),(706,'2009','CN','CNPC','DYS',8741,3,203),(707,'2009','CN','CNPC','DWT',2936,3,203),(708,'2009','CN','CNPC','COST',461678454,0,81),(709,'2009','CN','VIAR','D',57000,3,203),(710,'2009','CN','VIAR','DF',0,3,203),(711,'2009','CN','VIAR','DP',56872,3,203),(712,'2009','CN','VIAR','DYS',128,3,203),(713,'2009','CN','VIAR','DWT',0,3,203),(714,'2009','CN','VIAR','COST',53968213,0,81),(715,'2009','CN','RGRL','D',78331,3,203),(716,'2009','CN','RGRL','DF',68796,3,203),(717,'2009','CN','RGRL','DP',3184,3,203),(718,'2009','CN','RGRL','DYS',5678,3,203),(719,'2009','CN','RGRL','DWT',673,3,203),(720,'2009','CN','RGRL','COST',49993260,0,81),(721,'2010','CN','ALL','D',1932685,3,203),(722,'2010','CN','ALL','DF',1832353,3,203),(723,'2010','CN','ALL','DP',55815,3,203),(724,'2010','CN','ALL','DYS',37297,3,203),(725,'2010','CN','ALL','DWT',7220,3,203),(726,'2010','CN','ALL','COST',1377926583,0,81),(727,'2010','CN','CNNL','D',NULL,3,203),(728,'2010','CN','CNNL','DF',NULL,3,203),(729,'2010','CN','CNNL','DP',NULL,3,203),(730,'2010','CN','CNNL','DYS',NULL,3,203),(731,'2010','CN','CNNL','DWT',NULL,3,203),(732,'2010','CN','CNNL','COST',NULL,0,81),(733,'2010','CN','CNPC','D',NULL,3,203),(734,'2010','CN','CNPC','DF',NULL,3,203),(735,'2010','CN','CNPC','DP',NULL,3,203),(736,'2010','CN','CNPC','DYS',NULL,3,203),(737,'2010','CN','CNPC','DWT',NULL,3,203),(738,'2010','CN','CNPC','COST',NULL,0,81),(739,'2010','CN','VIAR','D',NULL,3,203),(740,'2010','CN','VIAR','DF',NULL,3,203),(741,'2010','CN','VIAR','DP',NULL,3,203),(742,'2010','CN','VIAR','DYS',NULL,3,203),(743,'2010','CN','VIAR','DWT',NULL,3,203),(744,'2010','CN','VIAR','COST',NULL,0,81),(745,'2010','CN','RGRL','D',83949,3,203),(746,'2010','CN','RGRL','DF',74828,3,203),(747,'2010','CN','RGRL','DP',2781,3,203),(748,'2010','CN','RGRL','DYS',5584,3,203),(749,'2010','CN','RGRL','DWT',756,3,203),(750,'2010','CN','RGRL','COST',61533132,0,81),(751,'2011','CN','ALL','D',1898331,3,203),(752,'2011','CN','ALL','DF',1792045,3,203),(753,'2011','CN','ALL','DP',54129,3,203),(754,'2011','CN','ALL','DYS',44228,3,203),(755,'2011','CN','ALL','DWT',7929,3,203),(756,'2011','CN','ALL','COST',1736437746,0,81),(757,'2011','CN','CNNL','D',NULL,3,203),(758,'2011','CN','CNNL','DF',NULL,3,203),(759,'2011','CN','CNNL','DP',NULL,3,203),(760,'2011','CN','CNNL','DYS',NULL,3,203),(761,'2011','CN','CNNL','DWT',NULL,3,203),(762,'2011','CN','CNNL','COST',NULL,0,81),(763,'2011','CN','CNPC','D',NULL,3,203),(764,'2011','CN','CNPC','DF',NULL,3,203),(765,'2011','CN','CNPC','DP',NULL,3,203),(766,'2011','CN','CNPC','DYS',NULL,3,203),(767,'2011','CN','CNPC','DWT',NULL,3,203),(768,'2011','CN','CNPC','COST',NULL,0,81),(769,'2011','CN','VIAR','D',NULL,3,203),(770,'2011','CN','VIAR','DF',NULL,3,203),(771,'2011','CN','VIAR','DP',NULL,3,203),(772,'2011','CN','VIAR','DYS',NULL,3,203),(773,'2011','CN','VIAR','DWT',NULL,3,203),(774,'2011','CN','VIAR','COST',NULL,0,81),(775,'2011','CN','RGRL','D',89505,3,203),(776,'2011','CN','RGRL','DF',79579,3,203),(777,'2011','CN','RGRL','DP',3542,3,203),(778,'2011','CN','RGRL','DYS',5122,3,203),(779,'2011','CN','RGRL','DWT',1262,3,203),(780,'2011','CN','RGRL','COST',83121898,0,81),(781,'2012','CN','ALL','D',2060281,3,203),(782,'2012','CN','ALL','DF',1954550,3,203),(783,'2012','CN','ALL','DP',49416,3,203),(784,'2012','CN','ALL','DYS',48149,3,203),(785,'2012','CN','ALL','DWT',8167,3,203),(786,'2012','CN','ALL','COST',1899666193,0,81),(787,'2012','CN','CNNL','D',NULL,3,203),(788,'2012','CN','CNNL','DF',NULL,3,203),(789,'2012','CN','CNNL','DP',NULL,3,203),(790,'2012','CN','CNNL','DYS',NULL,3,203),(791,'2012','CN','CNNL','DWT',NULL,3,203),(792,'2012','CN','CNNL','COST',NULL,0,81),(793,'2012','CN','CNPC','D',NULL,3,203),(794,'2012','CN','CNPC','DF',NULL,3,203),(795,'2012','CN','CNPC','DP',NULL,3,203),(796,'2012','CN','CNPC','DYS',NULL,3,203),(797,'2012','CN','CNPC','DWT',NULL,3,203),(798,'2012','CN','CNPC','COST',NULL,0,81),(799,'2012','CN','VIAR','D',NULL,3,203),(800,'2012','CN','VIAR','DF',NULL,3,203),(801,'2012','CN','VIAR','DP',NULL,3,203),(802,'2012','CN','VIAR','DYS',NULL,3,203),(803,'2012','CN','VIAR','DWT',NULL,3,203),(804,'2012','CN','VIAR','COST',NULL,0,81),(805,'2012','CN','RGRL','D',87745,3,203),(806,'2012','CN','RGRL','DF',78705,3,203),(807,'2012','CN','RGRL','DP',3360,3,203),(808,'2012','CN','RGRL','DYS',4710,3,203),(809,'2012','CN','RGRL','DWT',970,3,203),(810,'2012','CN','RGRL','COST',83738335,0,81),(811,'2013','CN','ALL','D',2018468,3,203),(812,'2013','CN','ALL','DF',1922153,3,203),(813,'2013','CN','ALL','DP',44437,3,203),(814,'2013','CN','ALL','DYS',42062,3,203),(815,'2013','CN','ALL','DWT',9816,3,203),(816,'2013','CN','ALL','COST',1933565025,0,81),(817,'2013','CN','CNNL','D',NULL,3,203),(818,'2013','CN','CNNL','DF',NULL,3,203),(819,'2013','CN','CNNL','DP',NULL,3,203),(820,'2013','CN','CNNL','DYS',NULL,3,203),(821,'2013','CN','CNNL','DWT',NULL,3,203),(822,'2013','CN','CNNL','COST',NULL,0,81),(823,'2013','CN','CNPC','D',NULL,3,203),(824,'2013','CN','CNPC','DF',NULL,3,203),(825,'2013','CN','CNPC','DP',NULL,3,203),(826,'2013','CN','CNPC','DYS',NULL,3,203),(827,'2013','CN','CNPC','DWT',NULL,3,203),(828,'2013','CN','CNPC','COST',NULL,0,81),(829,'2013','CN','VIAR','D',NULL,3,203),(830,'2013','CN','VIAR','DF',NULL,3,203),(831,'2013','CN','VIAR','DP',NULL,3,203),(832,'2013','CN','VIAR','DYS',NULL,3,203),(833,'2013','CN','VIAR','DWT',NULL,3,203),(834,'2013','CN','VIAR','COST',NULL,0,81),(835,'2013','CN','RGRL','D',80711,3,203),(836,'2013','CN','RGRL','DF',72590,3,203),(837,'2013','CN','RGRL','DP',1972,3,203),(838,'2013','CN','RGRL','DYS',4631,3,203),(839,'2013','CN','RGRL','DWT',1518,3,203),(840,'2013','CN','RGRL','COST',79146100,0,81),(841,'2014','CN','ALL','D',2106723,3,203),(842,'2014','CN','ALL','DF',1992089,3,203),(843,'2014','CN','ALL','DP',42395,3,203),(844,'2014','CN','ALL','DYS',61898,3,203),(845,'2014','CN','ALL','DWT',10340,3,203),(846,'2014','CN','ALL','COST',2139416858,0,81),(847,'2014','CN','CNNL','D',NULL,3,203),(848,'2014','CN','CNNL','DF',NULL,3,203),(849,'2014','CN','CNNL','DP',NULL,3,203),(850,'2014','CN','CNNL','DYS',NULL,3,203),(851,'2014','CN','CNNL','DWT',NULL,3,203),(852,'2014','CN','CNNL','COST',NULL,0,81),(853,'2014','CN','CNPC','D',NULL,3,203),(854,'2014','CN','CNPC','DF',NULL,3,203),(855,'2014','CN','CNPC','DP',NULL,3,203),(856,'2014','CN','CNPC','DYS',NULL,3,203),(857,'2014','CN','CNPC','DWT',NULL,3,203),(858,'2014','CN','CNPC','COST',NULL,0,81),(859,'2014','CN','VIAR','D',NULL,3,203),(860,'2014','CN','VIAR','DF',NULL,3,203),(861,'2014','CN','VIAR','DP',NULL,3,203),(862,'2014','CN','VIAR','DYS',NULL,3,203),(863,'2014','CN','VIAR','DWT',NULL,3,203),(864,'2014','CN','VIAR','COST',NULL,0,81),(865,'2014','CN','RGRL','D',82059,3,203),(866,'2014','CN','RGRL','DF',73822,3,203),(867,'2014','CN','RGRL','DP',1930,3,203),(868,'2014','CN','RGRL','DYS',4869,3,203),(869,'2014','CN','RGRL','DWT',1437,3,203),(870,'2014','CN','RGRL','COST',80867389,0,81),(871,'2015','CN','ALL','D',2034853,3,203),(872,'2015','CN','ALL','DF',1926893,3,203),(873,'2015','CN','ALL','DP',43458,3,203),(874,'2015','CN','ALL','DYS',53951,3,203),(875,'2015','CN','ALL','DWT',10551,3,203),(876,'2015','CN','ALL','COST',1528438949,0,81),(877,'2015','CN','CNNL','D',NULL,3,203),(878,'2015','CN','CNNL','DF',NULL,3,203),(879,'2015','CN','CNNL','DP',NULL,3,203),(880,'2015','CN','CNNL','DYS',NULL,3,203),(881,'2015','CN','CNNL','DWT',NULL,3,203),(882,'2015','CN','CNNL','COST',NULL,0,81),(883,'2015','CN','CNPC','D',NULL,3,203),(884,'2015','CN','CNPC','DF',NULL,3,203),(885,'2015','CN','CNPC','DP',NULL,3,203),(886,'2015','CN','CNPC','DYS',NULL,3,203),(887,'2015','CN','CNPC','DWT',NULL,3,203),(888,'2015','CN','CNPC','COST',NULL,0,81),(889,'2015','CN','VIAR','D',NULL,3,203),(890,'2015','CN','VIAR','DF',NULL,3,203),(891,'2015','CN','VIAR','DP',NULL,3,203),(892,'2015','CN','VIAR','DYS',NULL,3,203),(893,'2015','CN','VIAR','DWT',NULL,3,203),(894,'2015','CN','VIAR','COST',NULL,0,81),(895,'2015','CN','RGRL','D',82088,3,203),(896,'2015','CN','RGRL','DF',73919,3,203),(897,'2015','CN','RGRL','DP',1717,3,203),(898,'2015','CN','RGRL','DYS',5025,3,203),(899,'2015','CN','RGRL','DWT',1427,3,203),(900,'2015','CN','RGRL','COST',63667115,0,81),(901,'2016','CN','ALL','D',1907374,3,203),(902,'2016','CN','ALL','DF',1803872,3,203),(903,'2016','CN','ALL','DP',44851,3,203),(904,'2016','CN','ALL','DYS',48615,3,203),(905,'2016','CN','ALL','DWT',10037,3,203),(906,'2016','CN','ALL','COST',1261598794,0,81),(907,'2016','CN','CNNL','D',NULL,3,203),(908,'2016','CN','CNNL','DF',NULL,3,203),(909,'2016','CN','CNNL','DP',NULL,3,203),(910,'2016','CN','CNNL','DYS',NULL,3,203),(911,'2016','CN','CNNL','DWT',NULL,3,203),(912,'2016','CN','CNNL','COST',NULL,0,81),(913,'2016','CN','CNPC','D',NULL,3,203),(914,'2016','CN','CNPC','DF',NULL,3,203),(915,'2016','CN','CNPC','DP',NULL,3,203),(916,'2016','CN','CNPC','DYS',NULL,3,203),(917,'2016','CN','CNPC','DWT',NULL,3,203),(918,'2016','CN','CNPC','COST',NULL,0,81),(919,'2016','CN','VIAR','D',NULL,3,203),(920,'2016','CN','VIAR','DF',NULL,3,203),(921,'2016','CN','VIAR','DP',NULL,3,203),(922,'2016','CN','VIAR','DYS',NULL,3,203),(923,'2016','CN','VIAR','DWT',NULL,3,203),(924,'2016','CN','VIAR','COST',NULL,0,81),(925,'2016','CN','RGRL','D',79636,3,203),(926,'2016','CN','RGRL','DF',71670,3,203),(927,'2016','CN','RGRL','DP',2004,3,203),(928,'2016','CN','RGRL','DYS',4895,3,203),(929,'2016','CN','RGRL','DWT',1067,3,203),(930,'2016','CN','RGRL','COST',50254311,0,81),(931,'2017','CN','ALL','D',2040497,3,203),(932,'2017','CN','ALL','DF',1933822,3,203),(933,'2017','CN','ALL','DP',47492,3,203),(934,'2017','CN','ALL','DYS',49982,3,203),(935,'2017','CN','ALL','DWT',9201,3,203),(936,'2017','CN','ALL','COST',1564486422,0,81),(937,'2017','CN','RGRL','D',76642,3,203),(938,'2017','CN','RGRL','DF',68997,3,203),(939,'2017','CN','RGRL','DP',2119,3,203),(940,'2017','CN','RGRL','DYS',4439,3,203),(941,'2017','CN','RGRL','DWT',1087,3,203),(942,'2017','CN','RGRL','COST',57713422,0,81);
/*!40000 ALTER TABLE `fuel_consumption` ENABLE KEYS */;
UNLOCK TABLES;

--
-- Table structure for table `indicators`
--

DROP TABLE IF EXISTS `indicators`;
/*!40101 SET @saved_cs_client     = @@character_set_client */;
 SET character_set_client = utf8mb4 ;
CREATE TABLE `indicators` (
  `Indicator_ID` varchar(11) NOT NULL,
  `Indicator_name` varchar(45) DEFAULT NULL,
  PRIMARY KEY (`Indicator_ID`)
) ENGINE=InnoDB DEFAULT CHARSET=utf8mb4 COLLATE=utf8mb4_0900_ai_ci;
/*!40101 SET character_set_client = @saved_cs_client */;

--
-- Dumping data for table `indicators`
--

LOCK TABLES `indicators` WRITE;
/*!40000 ALTER TABLE `indicators` DISABLE KEYS */;
INSERT INTO `indicators` VALUES ('DM','Dealer margin'),('DMP','Domestic market production'),('DOP','Domestic own-use production'),('DP','Domestic production'),('GDP','Gross domestic product (GDP)'),('GV','Gross value added'),('HCE','Household final consumption expenditures'),('IN','Inventories'),('INTCN','Intermediate consumption'),('IPA','Illegal purchases from abroad'),('ISA','Illegal sales abroad'),('TS','Total supply'),('TU','Total use');
/*!40000 ALTER TABLE `indicators` ENABLE KEYS */;
UNLOCK TABLES;

--
-- Table structure for table `industries`
--

DROP TABLE IF EXISTS `industries`;
/*!40101 SET @saved_cs_client     = @@character_set_client */;
 SET character_set_client = utf8mb4 ;
CREATE TABLE `industries` (
  `Industry_ID` varchar(11) NOT NULL,
  `Industry_name` varchar(45) DEFAULT NULL,
  PRIMARY KEY (`Industry_ID`)
) ENGINE=InnoDB DEFAULT CHARSET=utf8mb4 COLLATE=utf8mb4_0900_ai_ci;
/*!40101 SET character_set_client = @saved_cs_client */;

--
-- Dumping data for table `industries`
--

LOCK TABLES `industries` WRITE;
/*!40000 ALTER TABLE `industries` DISABLE KEYS */;
INSERT INTO `industries` VALUES ('CULT','Cannabis cultivation industry'),('MED','Medical cannabis industry'),('NMED','Non-medical cannabis industry'),('RTL','Cannabis retail stores');
/*!40000 ALTER TABLE `industries` ENABLE KEYS */;
UNLOCK TABLES;

--
-- Table structure for table `locations`
--

DROP TABLE IF EXISTS `locations`;
/*!40101 SET @saved_cs_client     = @@character_set_client */;
 SET character_set_client = utf8mb4 ;
CREATE TABLE `locations` (
  `Location_ID` varchar(45) NOT NULL,
  `Location_name` varchar(45) DEFAULT NULL,
  `Location_code` varchar(45) DEFAULT NULL,
  PRIMARY KEY (`Location_ID`)
) ENGINE=InnoDB DEFAULT CHARSET=utf8mb4 COLLATE=utf8mb4_0900_ai_ci;
/*!40101 SET character_set_client = @saved_cs_client */;

--
-- Dumping data for table `locations`
--

LOCK TABLES `locations` WRITE;
/*!40000 ALTER TABLE `locations` DISABLE KEYS */;
INSERT INTO `locations` VALUES ('AL','Alberta','2016A000248'),('AT','Atlantic','2016A00011'),('BC','British Columbia','2016A000259'),('CN','Canada','2016A000011124'),('MB','Manitoba','2016A000246'),('NB','New Brunswick','2016A000213'),('NL','Newfoundland and Labrador','2016A000210'),('NS','Nova Scotia','2016A000212'),('NT','Northwest Territories','2016A000261'),('NTN','Northwest Territories including Nunavut','2016A000261'),('NU','Nunavut','2016A000262'),('ON','Ontario','2016A000235'),('PE','Prince Edward Island','2016A000211'),('PR','Prairies','2016A00014'),('QC','Quebec','2016A000224'),('SK','Saskatchewan','2016A000247'),('T','Territories','2016A00016'),('YT','Yukon','2016A000260');
/*!40000 ALTER TABLE `locations` ENABLE KEYS */;
UNLOCK TABLES;

--
-- Table structure for table `measures`
--

DROP TABLE IF EXISTS `measures`;
/*!40101 SET @saved_cs_client     = @@character_set_client */;
 SET character_set_client = utf8mb4 ;
CREATE TABLE `measures` (
  `Unit_of_measure_ID` int(11) NOT NULL,
  `Unit_of_measure` varchar(45) DEFAULT NULL,
  PRIMARY KEY (`Unit_of_measure_ID`)
) ENGINE=InnoDB DEFAULT CHARSET=utf8mb4 COLLATE=utf8mb4_0900_ai_ci;
/*!40101 SET character_set_client = @saved_cs_client */;

--
-- Dumping data for table `measures`
--

LOCK TABLES `measures` WRITE;
/*!40000 ALTER TABLE `measures` DISABLE KEYS */;
INSERT INTO `measures` VALUES (81,'Dollars'),(160,'Index'),(196,'Kilometres'),(203,'Litres'),(239,'Percent');
/*!40000 ALTER TABLE `measures` ENABLE KEYS */;
UNLOCK TABLES;

--
-- Table structure for table `scalars`
--

DROP TABLE IF EXISTS `scalars`;
/*!40101 SET @saved_cs_client     = @@character_set_client */;
 SET character_set_client = utf8mb4 ;
CREATE TABLE `scalars` (
  `Scalar_ID` int(11) NOT NULL,
  `Scalar_Name` varchar(45) DEFAULT NULL,
  PRIMARY KEY (`Scalar_ID`)
) ENGINE=InnoDB DEFAULT CHARSET=utf8mb4 COLLATE=utf8mb4_0900_ai_ci;
/*!40101 SET character_set_client = @saved_cs_client */;

--
-- Dumping data for table `scalars`
--

LOCK TABLES `scalars` WRITE;
/*!40000 ALTER TABLE `scalars` DISABLE KEYS */;
INSERT INTO `scalars` VALUES (0,'units'),(3,'thousands'),(6,'millions');
/*!40000 ALTER TABLE `scalars` ENABLE KEYS */;
UNLOCK TABLES;

--
-- Table structure for table `tracklengthoperated`
--

DROP TABLE IF EXISTS `track_lengths_operated`;
/*!40101 SET @saved_cs_client     = @@character_set_client */;
 SET character_set_client = utf8mb4 ;
CREATE TABLE `track_lengths_operated` (
  `TrackLength_ID` int(11) NOT NULL AUTO_INCREMENT,
  `Year` varchar(45) DEFAULT NULL,
  `Location_ID` varchar(45) DEFAULT NULL,
  `Company_ID` varchar(11) DEFAULT NULL,
  `Track_type_ID` int(11) DEFAULT NULL,
  `Value` double DEFAULT NULL,
  `Scalar_ID` int(11) DEFAULT NULL,
  `UOM_ID` int(11) DEFAULT NULL,
  PRIMARY KEY (`TrackLength_ID`),
  KEY `Location_idx` (`Location_ID`),
  KEY `Company_idx` (`Company_ID`),
  KEY `tracktype_idx` (`Track_type_ID`),
  KEY `Unit_idx` (`UOM_ID`),
  KEY `Scalar_idx` (`Scalar_ID`),
  CONSTRAINT `track_lengths_operated_ibfk_1` FOREIGN KEY (`Location_ID`) REFERENCES `locations` (`Location_ID`),
  CONSTRAINT `track_lengths_operated_ibfk_2` FOREIGN KEY (`Company_ID`) REFERENCES `companies` (`Company_ID`),
  CONSTRAINT `track_lengths_operated_ibfk_3` FOREIGN KEY (`Track_type_ID`) REFERENCES `track_type` (`Track_type_ID`),
  CONSTRAINT `track_lengths_operated_ibfk_4` FOREIGN KEY (`Scalar_ID`) REFERENCES `scalars` (`Scalar_ID`),
  CONSTRAINT `track_lengths_operated_ibfk_5` FOREIGN KEY (`UOM_ID`) REFERENCES `measures` (`Unit_of_measure_ID`)
) ENGINE=InnoDB AUTO_INCREMENT=1414 DEFAULT CHARSET=utf8mb4 COLLATE=utf8mb4_0900_ai_ci;
/*!40101 SET character_set_client = @saved_cs_client */;

--
-- Dumping data for table `track_lengths_operated`
--

LOCK TABLES `track_lengths_operated` WRITE;
/*!40000 ALTER TABLE `track_lengths_operated` DISABLE KEYS */;
INSERT INTO `track_lengths_operated` VALUES (1,'1986','CN','ALL',1,91935,0,196),(2,'1986','CN','ALL',11,75720,0,196),(3,'1986','CN','ALL',21,32446,0,196),(4,'1986','CN','ALL',22,24657,0,196),(5,'1986','CN','ALL',23,18617,0,196),(6,'1986','CN','ALL',12,16215,0,196),(7,'1986','CN','ALL',31,4889,0,196),(8,'1986','CN','ALL',32,5206,0,196),(9,'1986','CN','ALL',33,6120,0,196),(10,'1986','CN','CNNL',1,50708,0,196),(11,'1986','CN','CNNL',11,46293,0,196),(12,'1986','CN','CNNL',21,19285,0,196),(13,'1986','CN','CNNL',22,15493,0,196),(14,'1986','CN','CNNL',23,11515,0,196),(15,'1986','CN','CNNL',12,4415,0,196),(16,'1986','CN','CNNL',31,592,0,196),(17,'1986','CN','CNNL',32,687,0,196),(18,'1986','CN','CNNL',33,3137,0,196),(19,'1986','CN','CNPC',1,33458,0,196),(20,'1986','CN','CNPC',11,23678,0,196),(21,'1986','CN','CNPC',21,9041,0,196),(22,'1986','CN','CNPC',22,8900,0,196),(23,'1986','CN','CNPC',23,5737,0,196),(24,'1986','CN','CNPC',12,9780,0,196),(25,'1986','CN','CNPC',31,3123,0,196),(26,'1986','CN','CNPC',32,4207,0,196),(27,'1986','CN','CNPC',33,2450,0,196),(28,'1986','CN','VIAR',1,0,0,196),(29,'1986','CN','VIAR',11,0,0,196),(30,'1986','CN','VIAR',21,0,0,196),(31,'1986','CN','VIAR',22,0,0,196),(32,'1986','CN','VIAR',23,0,0,196),(33,'1986','CN','VIAR',12,0,0,196),(34,'1986','CN','VIAR',31,0,0,196),(35,'1986','CN','VIAR',32,0,0,196),(36,'1986','CN','VIAR',33,0,0,196),(37,'1986','CN','RGRL',1,7769,0,196),(38,'1986','CN','RGRL',11,5749,0,196),(39,'1986','CN','RGRL',21,4120,0,196),(40,'1986','CN','RGRL',22,264,0,196),(41,'1986','CN','RGRL',23,1365,0,196),(42,'1986','CN','RGRL',12,2020,0,196),(43,'1986','CN','RGRL',31,1175,0,196),(44,'1986','CN','RGRL',32,312,0,196),(45,'1986','CN','RGRL',33,533,0,196),(46,'1987','CN','ALL',1,93369,0,196),(47,'1987','CN','ALL',11,75786,0,196),(48,'1987','CN','ALL',21,32590,0,196),(49,'1987','CN','ALL',22,24402,0,196),(50,'1987','CN','ALL',23,18794,0,196),(51,'1987','CN','ALL',12,17583,0,196),(52,'1987','CN','ALL',31,5461,0,196),(53,'1987','CN','ALL',32,5365,0,196),(54,'1987','CN','ALL',33,6757,0,196),(55,'1987','CN','CNNL',1,51364,0,196),(56,'1987','CN','CNNL',11,46721,0,196),(57,'1987','CN','CNNL',21,19426,0,196),(58,'1987','CN','CNNL',22,15467,0,196),(59,'1987','CN','CNNL',23,11828,0,196),(60,'1987','CN','CNNL',12,4643,0,196),(61,'1987','CN','CNNL',31,636,0,196),(62,'1987','CN','CNNL',32,637,0,196),(63,'1987','CN','CNNL',33,3370,0,196),(64,'1987','CN','CNPC',1,33370,0,196),(65,'1987','CN','CNPC',11,23316,0,196),(66,'1987','CN','CNPC',21,9044,0,196),(67,'1987','CN','CNPC',22,8671,0,196),(68,'1987','CN','CNPC',23,5600,0,196),(69,'1987','CN','CNPC',12,10054,0,196),(70,'1987','CN','CNPC',31,3256,0,196),(71,'1987','CN','CNPC',32,4261,0,196),(72,'1987','CN','CNPC',33,2537,0,196),(73,'1987','CN','VIAR',1,0,0,196),(74,'1987','CN','VIAR',11,0,0,196),(75,'1987','CN','VIAR',21,0,0,196),(76,'1987','CN','VIAR',22,0,0,196),(77,'1987','CN','VIAR',23,0,0,196),(78,'1987','CN','VIAR',12,0,0,196),(79,'1987','CN','VIAR',31,0,0,196),(80,'1987','CN','VIAR',32,0,0,196),(81,'1987','CN','VIAR',33,0,0,196),(82,'1987','CN','RGRL',1,8636,0,196),(83,'1987','CN','RGRL',11,5750,0,196),(84,'1987','CN','RGRL',21,4120,0,196),(85,'1987','CN','RGRL',22,264,0,196),(86,'1987','CN','RGRL',23,1366,0,196),(87,'1987','CN','RGRL',12,2887,0,196),(88,'1987','CN','RGRL',31,1569,0,196),(89,'1987','CN','RGRL',32,468,0,196),(90,'1987','CN','RGRL',33,849,0,196),(91,'1988','CN','ALL',1,90372,0,196),(92,'1988','CN','ALL',11,73786,0,196),(93,'1988','CN','ALL',21,32773,0,196),(94,'1988','CN','ALL',22,22775,0,196),(95,'1988','CN','ALL',23,18238,0,196),(96,'1988','CN','ALL',12,16586,0,196),(97,'1988','CN','ALL',31,5452,0,196),(98,'1988','CN','ALL',32,4536,0,196),(99,'1988','CN','ALL',33,6599,0,196),(100,'1988','CN','CNNL',1,48753,0,196),(101,'1988','CN','CNNL',11,44655,0,196),(102,'1988','CN','CNNL',21,19495,0,196),(103,'1988','CN','CNNL',22,13921,0,196),(104,'1988','CN','CNNL',23,11239,0,196),(105,'1988','CN','CNNL',12,4098,0,196),(106,'1988','CN','CNNL',31,636,0,196),(107,'1988','CN','CNNL',32,288,0,196),(108,'1988','CN','CNNL',33,3173,0,196),(109,'1988','CN','CNPC',1,32638,0,196),(110,'1988','CN','CNPC',11,22988,0,196),(111,'1988','CN','CNPC',21,9056,0,196),(112,'1988','CN','CNPC',22,8425,0,196),(113,'1988','CN','CNPC',23,5507,0,196),(114,'1988','CN','CNPC',12,9650,0,196),(115,'1988','CN','CNPC',31,3249,0,196),(116,'1988','CN','CNPC',32,3935,0,196),(117,'1988','CN','CNPC',33,2466,0,196),(118,'1988','CN','VIAR',1,0,0,196),(119,'1988','CN','VIAR',11,0,0,196),(120,'1988','CN','VIAR',21,0,0,196),(121,'1988','CN','VIAR',22,0,0,196),(122,'1988','CN','VIAR',23,0,0,196),(123,'1988','CN','VIAR',12,0,0,196),(124,'1988','CN','VIAR',31,0,0,196),(125,'1988','CN','VIAR',32,0,0,196),(126,'1988','CN','VIAR',33,0,0,196),(127,'1988','CN','RGRL',1,8981,0,196),(128,'1988','CN','RGRL',11,6143,0,196),(129,'1988','CN','RGRL',21,4222,0,196),(130,'1988','CN','RGRL',22,429,0,196),(131,'1988','CN','RGRL',23,1491,0,196),(132,'1988','CN','RGRL',12,2838,0,196),(133,'1988','CN','RGRL',31,1567,0,196),(134,'1988','CN','RGRL',32,312,0,196),(135,'1988','CN','RGRL',33,959,0,196),(136,'1989','CN','ALL',1,88165,0,196),(137,'1989','CN','ALL',11,71615,0,196),(138,'1989','CN','ALL',21,32524,0,196),(139,'1989','CN','ALL',22,21142,0,196),(140,'1989','CN','ALL',23,17948,0,196),(141,'1989','CN','ALL',12,16551,0,196),(142,'1989','CN','ALL',31,5833,0,196),(143,'1989','CN','ALL',32,4207,0,196),(144,'1989','CN','ALL',33,6511,0,196),(145,'1989','CN','CNNL',1,47243,0,196),(146,'1989','CN','CNNL',11,42798,0,196),(147,'1989','CN','CNNL',21,19156,0,196),(148,'1989','CN','CNNL',22,12721,0,196),(149,'1989','CN','CNNL',23,10922,0,196),(150,'1989','CN','CNNL',12,4445,0,196),(151,'1989','CN','CNNL',31,961,0,196),(152,'1989','CN','CNNL',32,288,0,196),(153,'1989','CN','CNNL',33,3195,0,196),(154,'1989','CN','CNPC',1,31720,0,196),(155,'1989','CN','CNPC',11,22442,0,196),(156,'1989','CN','CNPC',21,9054,0,196),(157,'1989','CN','CNPC',22,7960,0,196),(158,'1989','CN','CNPC',23,5427,0,196),(159,'1989','CN','CNPC',12,9278,0,196),(160,'1989','CN','CNPC',31,3289,0,196),(161,'1989','CN','CNPC',32,3634,0,196),(162,'1989','CN','CNPC',33,2356,0,196),(163,'1989','CN','VIAR',1,0,0,196),(164,'1989','CN','VIAR',11,0,0,196),(165,'1989','CN','VIAR',21,0,0,196),(166,'1989','CN','VIAR',22,0,0,196),(167,'1989','CN','VIAR',23,0,0,196),(168,'1989','CN','VIAR',12,0,0,196),(169,'1989','CN','VIAR',31,0,0,196),(170,'1989','CN','VIAR',32,0,0,196),(171,'1989','CN','VIAR',33,0,0,196),(172,'1989','CN','RGRL',1,9202,0,196),(173,'1989','CN','RGRL',11,6374,0,196),(174,'1989','CN','RGRL',21,4315,0,196),(175,'1989','CN','RGRL',22,461,0,196),(176,'1989','CN','RGRL',23,1599,0,196),(177,'1989','CN','RGRL',12,2828,0,196),(178,'1989','CN','RGRL',31,1583,0,196),(179,'1989','CN','RGRL',32,285,0,196),(180,'1989','CN','RGRL',33,960,0,196),(181,'1990','CN','ALL',1,86010,0,196),(182,'1990','CN','ALL',11,70350,0,196),(183,'1990','CN','ALL',21,32459,0,196),(184,'1990','CN','ALL',22,20244,0,196),(185,'1990','CN','ALL',23,17647,0,196),(186,'1990','CN','ALL',12,15660,0,196),(187,'1990','CN','ALL',31,5517,0,196),(188,'1990','CN','ALL',32,3754,0,196),(189,'1990','CN','ALL',33,6390,0,196),(190,'1990','CN','CNNL',1,46205,0,196),(191,'1990','CN','CNNL',11,42103,0,196),(192,'1990','CN','CNNL',21,18854,0,196),(193,'1990','CN','CNNL',22,12495,0,196),(194,'1990','CN','CNNL',23,10754,0,196),(195,'1990','CN','CNNL',12,4102,0,196),(196,'1990','CN','CNNL',31,699,0,196),(197,'1990','CN','CNNL',32,288,0,196),(198,'1990','CN','CNNL',33,3115,0,196),(199,'1990','CN','CNPC',1,30367,0,196),(200,'1990','CN','CNPC',11,21691,0,196),(201,'1990','CN','CNPC',21,9049,0,196),(202,'1990','CN','CNPC',22,7295,0,196),(203,'1990','CN','CNPC',23,5347,0,196),(204,'1990','CN','CNPC',12,8676,0,196),(205,'1990','CN','CNPC',31,3235,0,196),(206,'1990','CN','CNPC',32,3180,0,196),(207,'1990','CN','CNPC',33,2261,0,196),(208,'1990','CN','VIAR',1,0,0,196),(209,'1990','CN','VIAR',11,0,0,196),(210,'1990','CN','VIAR',21,0,0,196),(211,'1990','CN','VIAR',22,0,0,196),(212,'1990','CN','VIAR',23,0,0,196),(213,'1990','CN','VIAR',12,0,0,196),(214,'1990','CN','VIAR',31,0,0,196),(215,'1990','CN','VIAR',32,0,0,196),(216,'1990','CN','VIAR',33,0,0,196),(217,'1990','CN','RGRL',1,9438,0,196),(218,'1990','CN','RGRL',11,6556,0,196),(219,'1990','CN','RGRL',21,4555,0,196),(220,'1990','CN','RGRL',22,454,0,196),(221,'1990','CN','RGRL',23,1546,0,196),(222,'1990','CN','RGRL',12,2882,0,196),(223,'1990','CN','RGRL',31,1583,0,196),(224,'1990','CN','RGRL',32,285,0,196),(225,'1990','CN','RGRL',33,1014,0,196),(226,'1991','CN','ALL',1,85324,0,196),(227,'1991','CN','ALL',11,69916,0,196),(228,'1991','CN','ALL',21,32543,0,196),(229,'1991','CN','ALL',22,19851,0,196),(230,'1991','CN','ALL',23,17523,0,196),(231,'1991','CN','ALL',12,15408,0,196),(232,'1991','CN','ALL',31,5727,0,196),(233,'1991','CN','ALL',32,3362,0,196),(234,'1991','CN','ALL',33,6320,0,196),(235,'1991','CN','CNNL',1,45822,0,196),(236,'1991','CN','CNNL',11,41772,0,196),(237,'1991','CN','CNNL',21,18824,0,196),(238,'1991','CN','CNNL',22,12289,0,196),(239,'1991','CN','CNNL',23,10660,0,196),(240,'1991','CN','CNNL',12,4050,0,196),(241,'1991','CN','CNNL',31,903,0,196),(242,'1991','CN','CNNL',32,35,0,196),(243,'1991','CN','CNNL',33,3112,0,196),(244,'1991','CN','CNPC',1,29939,0,196),(245,'1991','CN','CNPC',11,21490,0,196),(246,'1991','CN','CNPC',21,9051,0,196),(247,'1991','CN','CNPC',22,7127,0,196),(248,'1991','CN','CNPC',23,5312,0,196),(249,'1991','CN','CNPC',12,8450,0,196),(250,'1991','CN','CNPC',31,3230,0,196),(251,'1991','CN','CNPC',32,3041,0,196),(252,'1991','CN','CNPC',33,2179,0,196),(253,'1991','CN','VIAR',1,0,0,196),(254,'1991','CN','VIAR',11,0,0,196),(255,'1991','CN','VIAR',21,0,0,196),(256,'1991','CN','VIAR',22,0,0,196),(257,'1991','CN','VIAR',23,0,0,196),(258,'1991','CN','VIAR',12,0,0,196),(259,'1991','CN','VIAR',31,0,0,196),(260,'1991','CN','VIAR',32,0,0,196),(261,'1991','CN','VIAR',33,0,0,196),(262,'1991','CN','RGRL',1,9562,0,196),(263,'1991','CN','RGRL',11,6654,0,196),(264,'1991','CN','RGRL',21,4668,0,196),(265,'1991','CN','RGRL',22,435,0,196),(266,'1991','CN','RGRL',23,1551,0,196),(267,'1991','CN','RGRL',12,2908,0,196),(268,'1991','CN','RGRL',31,1594,0,196),(269,'1991','CN','RGRL',32,285,0,196),(270,'1991','CN','RGRL',33,1029,0,196),(271,'1992','CN','ALL',1,84951,0,196),(272,'1992','CN','ALL',11,69929,0,196),(273,'1992','CN','ALL',21,33143,0,196),(274,'1992','CN','ALL',22,19459,0,196),(275,'1992','CN','ALL',23,17327,0,196),(276,'1992','CN','ALL',12,15022,0,196),(277,'1992','CN','ALL',31,5770,0,196),(278,'1992','CN','ALL',32,2982,0,196),(279,'1992','CN','ALL',33,6269,0,196),(280,'1992','CN','CNNL',1,45685,0,196),(281,'1992','CN','CNNL',11,41642,0,196),(282,'1992','CN','CNNL',21,19016,0,196),(283,'1992','CN','CNNL',22,12000,0,196),(284,'1992','CN','CNNL',23,10626,0,196),(285,'1992','CN','CNNL',12,4042,0,196),(286,'1992','CN','CNNL',31,903,0,196),(287,'1992','CN','CNNL',32,35,0,196),(288,'1992','CN','CNNL',33,3104,0,196),(289,'1992','CN','CNPC',1,29284,0,196),(290,'1992','CN','CNPC',11,21212,0,196),(291,'1992','CN','CNPC',21,9051,0,196),(292,'1992','CN','CNPC',22,7024,0,196),(293,'1992','CN','CNPC',23,5137,0,196),(294,'1992','CN','CNPC',12,8072,0,196),(295,'1992','CN','CNPC',31,3273,0,196),(296,'1992','CN','CNPC',32,2662,0,196),(297,'1992','CN','CNPC',33,2137,0,196),(298,'1992','CN','VIAR',1,0,0,196),(299,'1992','CN','VIAR',11,0,0,196),(300,'1992','CN','VIAR',21,0,0,196),(301,'1992','CN','VIAR',22,0,0,196),(302,'1992','CN','VIAR',23,0,0,196),(303,'1992','CN','VIAR',12,0,0,196),(304,'1992','CN','VIAR',31,0,0,196),(305,'1992','CN','VIAR',32,0,0,196),(306,'1992','CN','VIAR',33,0,0,196),(307,'1992','CN','RGRL',1,9982,0,196),(308,'1992','CN','RGRL',11,7074,0,196),(309,'1992','CN','RGRL',21,5076,0,196),(310,'1992','CN','RGRL',22,435,0,196),(311,'1992','CN','RGRL',23,1563,0,196),(312,'1992','CN','RGRL',12,2908,0,196),(313,'1992','CN','RGRL',31,1594,0,196),(314,'1992','CN','RGRL',32,285,0,196),(315,'1992','CN','RGRL',33,1029,0,196),(316,'1993','CN','ALL',1,84408,0,196),(317,'1993','CN','ALL',11,69642,0,196),(318,'1993','CN','ALL',21,33071,0,196),(319,'1993','CN','ALL',22,19350,0,196),(320,'1993','CN','ALL',23,17221,0,196),(321,'1993','CN','ALL',12,14766,0,196),(322,'1993','CN','ALL',31,4973,0,196),(323,'1993','CN','ALL',32,3622,0,196),(324,'1993','CN','ALL',33,6171,0,196),(325,'1993','CN','CNNL',1,45203,0,196),(326,'1993','CN','CNNL',11,41190,0,196),(327,'1993','CN','CNNL',21,18829,0,196),(328,'1993','CN','CNNL',22,11806,0,196),(329,'1993','CN','CNNL',23,10555,0,196),(330,'1993','CN','CNNL',12,4013,0,196),(331,'1993','CN','CNNL',31,909,0,196),(332,'1993','CN','CNNL',32,35,0,196),(333,'1993','CN','CNNL',33,3069,0,196),(334,'1993','CN','CNPC',1,28948,0,196),(335,'1993','CN','CNPC',11,21106,0,196),(336,'1993','CN','CNPC',21,8959,0,196),(337,'1993','CN','CNPC',22,7118,0,196),(338,'1993','CN','CNPC',23,5029,0,196),(339,'1993','CN','CNPC',12,7842,0,196),(340,'1993','CN','CNPC',31,2470,0,196),(341,'1993','CN','CNPC',32,3301,0,196),(342,'1993','CN','CNPC',33,2071,0,196),(343,'1993','CN','VIAR',1,0,0,196),(344,'1993','CN','VIAR',11,0,0,196),(345,'1993','CN','VIAR',21,0,0,196),(346,'1993','CN','VIAR',22,0,0,196),(347,'1993','CN','VIAR',23,0,0,196),(348,'1993','CN','VIAR',12,0,0,196),(349,'1993','CN','VIAR',31,0,0,196),(350,'1993','CN','VIAR',32,0,0,196),(351,'1993','CN','VIAR',33,0,0,196),(352,'1993','CN','RGRL',1,10257,0,196),(353,'1993','CN','RGRL',11,7346,0,196),(354,'1993','CN','RGRL',21,5283,0,196),(355,'1993','CN','RGRL',22,425,0,196),(356,'1993','CN','RGRL',23,1638,0,196),(357,'1993','CN','RGRL',12,2911,0,196),(358,'1993','CN','RGRL',31,1594,0,196),(359,'1993','CN','RGRL',32,286,0,196),(360,'1993','CN','RGRL',33,1031,0,196),(361,'1994','CN','ALL',1,83506,0,196),(362,'1994','CN','ALL',11,69362,0,196),(363,'1994','CN','ALL',21,33462,0,196),(364,'1994','CN','ALL',22,18777,0,196),(365,'1994','CN','ALL',23,17124,0,196),(366,'1994','CN','ALL',12,14144,0,196),(367,'1994','CN','ALL',31,4973,0,196),(368,'1994','CN','ALL',32,3061,0,196),(369,'1994','CN','ALL',33,6111,0,196),(370,'1994','CN','CNNL',1,44796,0,196),(371,'1994','CN','CNNL',11,40796,0,196),(372,'1994','CN','CNNL',21,18827,0,196),(373,'1994','CN','CNNL',22,11457,0,196),(374,'1994','CN','CNNL',23,10511,0,196),(375,'1994','CN','CNNL',12,4000,0,196),(376,'1994','CN','CNNL',31,907,0,196),(377,'1994','CN','CNNL',32,35,0,196),(378,'1994','CN','CNNL',33,3057,0,196),(379,'1994','CN','CNPC',1,28152,0,196),(380,'1994','CN','CNPC',11,20937,0,196),(381,'1994','CN','CNPC',21,8959,0,196),(382,'1994','CN','CNPC',22,6977,0,196),(383,'1994','CN','CNPC',23,5000,0,196),(384,'1994','CN','CNPC',12,7215,0,196),(385,'1994','CN','CNPC',31,2470,0,196),(386,'1994','CN','CNPC',32,2737,0,196),(387,'1994','CN','CNPC',33,2008,0,196),(388,'1994','CN','VIAR',1,0,0,196),(389,'1994','CN','VIAR',11,0,0,196),(390,'1994','CN','VIAR',21,0,0,196),(391,'1994','CN','VIAR',22,0,0,196),(392,'1994','CN','VIAR',23,0,0,196),(393,'1994','CN','VIAR',12,0,0,196),(394,'1994','CN','VIAR',31,0,0,196),(395,'1994','CN','VIAR',32,0,0,196),(396,'1994','CN','VIAR',33,0,0,196),(397,'1994','CN','RGRL',1,10558,0,196),(398,'1994','CN','RGRL',11,7629,0,196),(399,'1994','CN','RGRL',21,5675,0,196),(400,'1994','CN','RGRL',22,342,0,196),(401,'1994','CN','RGRL',23,1612,0,196),(402,'1994','CN','RGRL',12,2929,0,196),(403,'1994','CN','RGRL',31,1596,0,196),(404,'1994','CN','RGRL',32,288,0,196),(405,'1994','CN','RGRL',33,1045,0,196),(406,'1995','CN','ALL',1,80267,0,196),(407,'1995','CN','ALL',11,67653,0,196),(408,'1995','CN','ALL',21,33396,0,196),(409,'1995','CN','ALL',22,17668,0,196),(410,'1995','CN','ALL',23,16588,0,196),(411,'1995','CN','ALL',12,12615,0,196),(412,'1995','CN','ALL',31,4615,0,196),(413,'1995','CN','ALL',32,2309,0,196),(414,'1995','CN','ALL',33,5690,0,196),(415,'1995','CN','CNNL',1,42597,0,196),(416,'1995','CN','CNNL',11,39189,0,196),(417,'1995','CN','CNNL',21,18550,0,196),(418,'1995','CN','CNNL',22,10634,0,196),(419,'1995','CN','CNNL',23,10005,0,196),(420,'1995','CN','CNNL',12,3408,0,196),(421,'1995','CN','CNNL',31,497,0,196),(422,'1995','CN','CNNL',32,35,0,196),(423,'1995','CN','CNNL',33,2876,0,196),(424,'1995','CN','CNPC',1,26868,0,196),(425,'1995','CN','CNPC',11,20612,0,196),(426,'1995','CN','CNPC',21,8962,0,196),(427,'1995','CN','CNPC',22,6694,0,196),(428,'1995','CN','CNPC',23,4956,0,196),(429,'1995','CN','CNPC',12,6256,0,196),(430,'1995','CN','CNPC',31,2470,0,196),(431,'1995','CN','CNPC',32,1994,0,196),(432,'1995','CN','CNPC',33,1791,0,196),(433,'1995','CN','VIAR',1,0,0,196),(434,'1995','CN','VIAR',11,0,0,196),(435,'1995','CN','VIAR',21,0,0,196),(436,'1995','CN','VIAR',22,0,0,196),(437,'1995','CN','VIAR',23,0,0,196),(438,'1995','CN','VIAR',12,0,0,196),(439,'1995','CN','VIAR',31,0,0,196),(440,'1995','CN','VIAR',32,0,0,196),(441,'1995','CN','VIAR',33,0,0,196),(442,'1995','CN','RGRL',1,10803,0,196),(443,'1995','CN','RGRL',11,7852,0,196),(444,'1995','CN','RGRL',21,5883,0,196),(445,'1995','CN','RGRL',22,341,0,196),(446,'1995','CN','RGRL',23,1628,0,196),(447,'1995','CN','RGRL',12,2951,0,196),(448,'1995','CN','RGRL',31,1649,0,196),(449,'1995','CN','RGRL',32,280,0,196),(450,'1995','CN','RGRL',33,1023,0,196),(451,'1996','CN','ALL',1,77390,0,196),(452,'1996','CN','ALL',11,65576,0,196),(453,'1996','CN','ALL',21,45931,0,196),(454,'1996','CN','ALL',22,3321,0,196),(455,'1996','CN','ALL',23,16325,0,196),(456,'1996','CN','ALL',12,11814,0,196),(457,'1996','CN','ALL',31,5931,0,196),(458,'1996','CN','ALL',32,717,0,196),(459,'1996','CN','ALL',33,5166,0,196),(460,'1996','CN','CNNL',1,41086,0,196),(461,'1996','CN','CNNL',11,37704,0,196),(462,'1996','CN','CNNL',21,25841,0,196),(463,'1996','CN','CNNL',22,2062,0,196),(464,'1996','CN','CNNL',23,9801,0,196),(465,'1996','CN','CNNL',12,3382,0,196),(466,'1996','CN','CNNL',31,467,0,196),(467,'1996','CN','CNNL',32,64,0,196),(468,'1996','CN','CNNL',33,2850,0,196),(469,'1996','CN','CNPC',1,25757,0,196),(470,'1996','CN','CNPC',11,20086,0,196),(471,'1996','CN','CNPC',21,14099,0,196),(472,'1996','CN','CNPC',22,1096,0,196),(473,'1996','CN','CNPC',23,4891,0,196),(474,'1996','CN','CNPC',12,5671,0,196),(475,'1996','CN','CNPC',31,3566,0,196),(476,'1996','CN','CNPC',32,454,0,196),(477,'1996','CN','CNPC',33,1651,0,196),(478,'1996','CN','VIAR',1,100,0,196),(479,'1996','CN','VIAR',11,92,0,196),(480,'1996','CN','VIAR',21,92,0,196),(481,'1996','CN','VIAR',22,0,0,196),(482,'1996','CN','VIAR',23,0,0,196),(483,'1996','CN','VIAR',12,8,0,196),(484,'1996','CN','VIAR',31,8,0,196),(485,'1996','CN','VIAR',32,0,0,196),(486,'1996','CN','VIAR',33,0,0,196),(487,'1996','CN','RGRL',1,10448,0,196),(488,'1996','CN','RGRL',11,7694,0,196),(489,'1996','CN','RGRL',21,5899,0,196),(490,'1996','CN','RGRL',22,162,0,196),(491,'1996','CN','RGRL',23,1633,0,196),(492,'1996','CN','RGRL',12,2753,0,196),(493,'1996','CN','RGRL',31,1890,0,196),(494,'1996','CN','RGRL',32,198,0,196),(495,'1996','CN','RGRL',33,665,0,196),(496,'1997','CN','ALL',1,76063,0,196),(497,'1997','CN','ALL',11,64395,0,196),(498,'1997','CN','ALL',21,45030,0,196),(499,'1997','CN','ALL',22,3229,0,196),(500,'1997','CN','ALL',23,16136,0,196),(501,'1997','CN','ALL',12,11667,0,196),(502,'1997','CN','ALL',31,5847,0,196),(503,'1997','CN','ALL',32,684,0,196),(504,'1997','CN','ALL',33,5136,0,196),(505,'1997','CN','CNNL',1,37738,0,196),(506,'1997','CN','CNNL',11,34511,0,196),(507,'1997','CN','CNNL',21,23120,0,196),(508,'1997','CN','CNNL',22,2042,0,196),(509,'1997','CN','CNNL',23,9350,0,196),(510,'1997','CN','CNNL',12,3227,0,196),(511,'1997','CN','CNNL',31,468,0,196),(512,'1997','CN','CNNL',32,64,0,196),(513,'1997','CN','CNNL',33,2695,0,196),(514,'1997','CN','CNPC',1,25269,0,196),(515,'1997','CN','CNPC',11,19225,0,196),(516,'1997','CN','CNPC',21,13358,0,196),(517,'1997','CN','CNPC',22,988,0,196),(518,'1997','CN','CNPC',23,4878,0,196),(519,'1997','CN','CNPC',12,6044,0,196),(520,'1997','CN','CNPC',31,3832,0,196),(521,'1997','CN','CNPC',32,453,0,196),(522,'1997','CN','CNPC',33,1759,0,196),(523,'1997','CN','VIAR',1,100,0,196),(524,'1997','CN','VIAR',11,92,0,196),(525,'1997','CN','VIAR',21,92,0,196),(526,'1997','CN','VIAR',22,0,0,196),(527,'1997','CN','VIAR',23,0,0,196),(528,'1997','CN','VIAR',12,8,0,196),(529,'1997','CN','VIAR',31,8,0,196),(530,'1997','CN','VIAR',32,0,0,196),(531,'1997','CN','VIAR',33,0,0,196),(532,'1997','CN','RGRL',1,12956,0,196),(533,'1997','CN','RGRL',11,10567,0,196),(534,'1997','CN','RGRL',21,8460,0,196),(535,'1997','CN','RGRL',22,199,0,196),(536,'1997','CN','RGRL',23,1908,0,196),(537,'1997','CN','RGRL',12,2388,0,196),(538,'1997','CN','RGRL',31,1539,0,196),(539,'1997','CN','RGRL',32,167,0,196),(540,'1997','CN','RGRL',33,682,0,196),(541,'1998','CN','ALL',1,74530,0,196),(542,'1998','CN','ALL',11,63071,0,196),(543,'1998','CN','ALL',21,44054,0,196),(544,'1998','CN','ALL',22,3243,0,196),(545,'1998','CN','ALL',23,15774,0,196),(546,'1998','CN','ALL',12,11459,0,196),(547,'1998','CN','ALL',31,5856,0,196),(548,'1998','CN','ALL',32,686,0,196),(549,'1998','CN','ALL',33,4917,0,196),(550,'1998','CN','CNNL',1,34483,0,196),(551,'1998','CN','CNNL',11,31520,0,196),(552,'1998','CN','CNNL',21,20656,0,196),(553,'1998','CN','CNNL',22,2054,0,196),(554,'1998','CN','CNNL',23,8810,0,196),(555,'1998','CN','CNNL',12,2963,0,196),(556,'1998','CN','CNNL',31,457,0,196),(557,'1998','CN','CNNL',32,64,0,196),(558,'1998','CN','CNNL',33,2442,0,196),(559,'1998','CN','CNPC',1,24635,0,196),(560,'1998','CN','CNPC',11,19099,0,196),(561,'1998','CN','CNPC',21,13183,0,196),(562,'1998','CN','CNPC',22,988,0,196),(563,'1998','CN','CNPC',23,4928,0,196),(564,'1998','CN','CNPC',12,5535,0,196),(565,'1998','CN','CNPC',31,3411,0,196),(566,'1998','CN','CNPC',32,453,0,196),(567,'1998','CN','CNPC',33,1671,0,196),(568,'1998','CN','VIAR',1,216,0,196),(569,'1998','CN','VIAR',11,208,0,196),(570,'1998','CN','VIAR',21,208,0,196),(571,'1998','CN','VIAR',22,0,0,196),(572,'1998','CN','VIAR',23,0,0,196),(573,'1998','CN','VIAR',12,8,0,196),(574,'1998','CN','VIAR',31,8,0,196),(575,'1998','CN','VIAR',32,0,0,196),(576,'1998','CN','VIAR',33,0,0,196),(577,'1998','CN','RGRL',1,15196,0,196),(578,'1998','CN','RGRL',11,12244,0,196),(579,'1998','CN','RGRL',21,10007,0,196),(580,'1998','CN','RGRL',22,200,0,196),(581,'1998','CN','RGRL',23,2037,0,196),(582,'1998','CN','RGRL',12,2952,0,196),(583,'1998','CN','RGRL',31,1979,0,196),(584,'1998','CN','RGRL',32,169,0,196),(585,'1998','CN','RGRL',33,804,0,196),(586,'1999','CN','ALL',1,74052,0,196),(587,'1999','CN','ALL',11,62373,0,196),(588,'1999','CN','ALL',21,43368,0,196),(589,'1999','CN','ALL',22,3234,0,196),(590,'1999','CN','ALL',23,15772,0,196),(591,'1999','CN','ALL',12,11679,0,196),(592,'1999','CN','ALL',31,5888,0,196),(593,'1999','CN','ALL',32,938,0,196),(594,'1999','CN','ALL',33,4853,0,196),(595,'1999','CN','CNNL',1,32360,0,196),(596,'1999','CN','CNNL',11,29463,0,196),(597,'1999','CN','CNNL',21,18866,0,196),(598,'1999','CN','CNNL',22,2036,0,196),(599,'1999','CN','CNNL',23,8561,0,196),(600,'1999','CN','CNNL',12,2896,0,196),(601,'1999','CN','CNNL',31,457,0,196),(602,'1999','CN','CNNL',32,64,0,196),(603,'1999','CN','CNNL',33,2375,0,196),(604,'1999','CN','CNPC',1,23154,0,196),(605,'1999','CN','CNPC',11,18263,0,196),(606,'1999','CN','CNPC',21,12559,0,196),(607,'1999','CN','CNPC',22,906,0,196),(608,'1999','CN','CNPC',23,4797,0,196),(609,'1999','CN','CNPC',12,4891,0,196),(610,'1999','CN','CNPC',31,2890,0,196),(611,'1999','CN','CNPC',32,454,0,196),(612,'1999','CN','CNPC',33,1547,0,196),(613,'1999','CN','VIAR',1,216,0,196),(614,'1999','CN','VIAR',11,208,0,196),(615,'1999','CN','VIAR',21,208,0,196),(616,'1999','CN','VIAR',22,0,0,196),(617,'1999','CN','VIAR',23,0,0,196),(618,'1999','CN','VIAR',12,8,0,196),(619,'1999','CN','VIAR',31,8,0,196),(620,'1999','CN','VIAR',32,0,0,196),(621,'1999','CN','VIAR',33,0,0,196),(622,'1999','CN','RGRL',1,18323,0,196),(623,'1999','CN','RGRL',11,14440,0,196),(624,'1999','CN','RGRL',21,11734,0,196),(625,'1999','CN','RGRL',22,291,0,196),(626,'1999','CN','RGRL',23,2414,0,196),(627,'1999','CN','RGRL',12,3883,0,196),(628,'1999','CN','RGRL',31,2532,0,196),(629,'1999','CN','RGRL',32,420,0,196),(630,'1999','CN','RGRL',33,931,0,196),(631,'2000','CN','ALL',1,74412,0,196),(632,'2000','CN','ALL',11,62672,0,196),(633,'2000','CN','ALL',21,43390,0,196),(634,'2000','CN','ALL',22,3231,0,196),(635,'2000','CN','ALL',23,16051,0,196),(636,'2000','CN','ALL',12,11741,0,196),(637,'2000','CN','ALL',31,6132,0,196),(638,'2000','CN','ALL',32,932,0,196),(639,'2000','CN','ALL',33,4677,0,196),(640,'2000','CN','CNNL',1,31764,0,196),(641,'2000','CN','CNNL',11,29117,0,196),(642,'2000','CN','CNNL',21,18509,0,196),(643,'2000','CN','CNNL',22,2033,0,196),(644,'2000','CN','CNNL',23,8575,0,196),(645,'2000','CN','CNNL',12,2647,0,196),(646,'2000','CN','CNNL',31,457,0,196),(647,'2000','CN','CNNL',32,64,0,196),(648,'2000','CN','CNNL',33,2126,0,196),(649,'2000','CN','CNPC',1,22590,0,196),(650,'2000','CN','CNPC',11,17762,0,196),(651,'2000','CN','CNPC',21,12043,0,196),(652,'2000','CN','CNPC',22,906,0,196),(653,'2000','CN','CNPC',23,4814,0,196),(654,'2000','CN','CNPC',12,4828,0,196),(655,'2000','CN','CNPC',31,2839,0,196),(656,'2000','CN','CNPC',32,449,0,196),(657,'2000','CN','CNPC',33,1540,0,196),(658,'2000','CN','VIAR',1,216,0,196),(659,'2000','CN','VIAR',11,208,0,196),(660,'2000','CN','VIAR',21,208,0,196),(661,'2000','CN','VIAR',22,0,0,196),(662,'2000','CN','VIAR',23,0,0,196),(663,'2000','CN','VIAR',12,8,0,196),(664,'2000','CN','VIAR',31,8,0,196),(665,'2000','CN','VIAR',32,0,0,196),(666,'2000','CN','VIAR',33,0,0,196),(667,'2000','CN','RGRL',1,19842,0,196),(668,'2000','CN','RGRL',11,15585,0,196),(669,'2000','CN','RGRL',21,12630,0,196),(670,'2000','CN','RGRL',22,292,0,196),(671,'2000','CN','RGRL',23,2662,0,196),(672,'2000','CN','RGRL',12,4257,0,196),(673,'2000','CN','RGRL',31,2828,0,196),(674,'2000','CN','RGRL',32,418,0,196),(675,'2000','CN','RGRL',33,1011,0,196),(676,'2001','CN','ALL',1,73821,0,196),(677,'2001','CN','ALL',11,62004,0,196),(678,'2001','CN','ALL',21,43108,0,196),(679,'2001','CN','ALL',22,2967,0,196),(680,'2001','CN','ALL',23,15929,0,196),(681,'2001','CN','ALL',12,11816,0,196),(682,'2001','CN','ALL',31,6130,0,196),(683,'2001','CN','ALL',32,933,0,196),(684,'2001','CN','ALL',33,4755,0,196),(685,'2001','CN','CNNL',1,31333,0,196),(686,'2001','CN','CNNL',11,28696,0,196),(687,'2001','CN','CNNL',21,18394,0,196),(688,'2001','CN','CNNL',22,1932,0,196),(689,'2001','CN','CNNL',23,8370,0,196),(690,'2001','CN','CNNL',12,2637,0,196),(691,'2001','CN','CNNL',31,467,0,196),(692,'2001','CN','CNNL',32,64,0,196),(693,'2001','CN','CNNL',33,2106,0,196),(694,'2001','CN','CNPC',1,22383,0,196),(695,'2001','CN','CNPC',11,17554,0,196),(696,'2001','CN','CNPC',21,11946,0,196),(697,'2001','CN','CNPC',22,803,0,196),(698,'2001','CN','CNPC',23,4805,0,196),(699,'2001','CN','CNPC',12,4829,0,196),(700,'2001','CN','CNPC',31,2816,0,196),(701,'2001','CN','CNPC',32,450,0,196),(702,'2001','CN','CNPC',33,1563,0,196),(703,'2001','CN','VIAR',1,216,0,196),(704,'2001','CN','VIAR',11,208,0,196),(705,'2001','CN','VIAR',21,208,0,196),(706,'2001','CN','VIAR',22,0,0,196),(707,'2001','CN','VIAR',23,0,0,196),(708,'2001','CN','VIAR',12,8,0,196),(709,'2001','CN','VIAR',31,8,0,196),(710,'2001','CN','VIAR',32,0,0,196),(711,'2001','CN','VIAR',33,0,0,196),(712,'2001','CN','RGRL',1,19891,0,196),(713,'2001','CN','RGRL',11,15546,0,196),(714,'2001','CN','RGRL',21,12558,0,196),(715,'2001','CN','RGRL',22,234,0,196),(716,'2001','CN','RGRL',23,2753,0,196),(717,'2001','CN','RGRL',12,4345,0,196),(718,'2001','CN','RGRL',31,2840,0,196),(719,'2001','CN','RGRL',32,418,0,196),(720,'2001','CN','RGRL',33,1086,0,196),(721,'2002','CN','ALL',1,73186,0,196),(722,'2002','CN','ALL',11,61715,0,196),(723,'2002','CN','ALL',21,43063,0,196),(724,'2002','CN','ALL',22,3033,0,196),(725,'2002','CN','ALL',23,15619,0,196),(726,'2002','CN','ALL',12,11470,0,196),(727,'2002','CN','ALL',31,6095,0,196),(728,'2002','CN','ALL',32,906,0,196),(729,'2002','CN','ALL',33,4471,0,196),(730,'2002','CN','CNNL',1,30714,0,196),(731,'2002','CN','CNNL',11,28418,0,196),(732,'2002','CN','CNNL',21,18284,0,196),(733,'2002','CN','CNNL',22,1998,0,196),(734,'2002','CN','CNNL',23,8137,0,196),(735,'2002','CN','CNNL',12,2296,0,196),(736,'2002','CN','CNNL',31,330,0,196),(737,'2002','CN','CNNL',32,62,0,196),(738,'2002','CN','CNNL',33,1903,0,196),(739,'2002','CN','CNPC',1,22360,0,196),(740,'2002','CN','CNPC',11,17542,0,196),(741,'2002','CN','CNPC',21,11948,0,196),(742,'2002','CN','CNPC',22,801,0,196),(743,'2002','CN','CNPC',23,4793,0,196),(744,'2002','CN','CNPC',12,4818,0,196),(745,'2002','CN','CNPC',31,2807,0,196),(746,'2002','CN','CNPC',32,452,0,196),(747,'2002','CN','CNPC',33,1559,0,196),(748,'2002','CN','VIAR',1,216,0,196),(749,'2002','CN','VIAR',11,208,0,196),(750,'2002','CN','VIAR',21,208,0,196),(751,'2002','CN','VIAR',22,0,0,196),(752,'2002','CN','VIAR',23,0,0,196),(753,'2002','CN','VIAR',12,8,0,196),(754,'2002','CN','VIAR',31,8,0,196),(755,'2002','CN','VIAR',32,0,0,196),(756,'2002','CN','VIAR',33,0,0,196),(757,'2002','CN','RGRL',1,19896,0,196),(758,'2002','CN','RGRL',11,15548,0,196),(759,'2002','CN','RGRL',21,12624,0,196),(760,'2002','CN','RGRL',22,234,0,196),(761,'2002','CN','RGRL',23,2690,0,196),(762,'2002','CN','RGRL',12,4348,0,196),(763,'2002','CN','RGRL',31,2950,0,196),(764,'2002','CN','RGRL',32,391,0,196),(765,'2002','CN','RGRL',33,1008,0,196),(766,'2003','CN','ALL',1,71920,0,196),(767,'2003','CN','ALL',11,60431,0,196),(768,'2003','CN','ALL',21,42082,0,196),(769,'2003','CN','ALL',22,2889,0,196),(770,'2003','CN','ALL',23,15460,0,196),(771,'2003','CN','ALL',12,11488,0,196),(772,'2003','CN','ALL',31,6115,0,196),(773,'2003','CN','ALL',32,923,0,196),(774,'2003','CN','ALL',33,4450,0,196),(775,'2003','CN','CNNL',1,30822,0,196),(776,'2003','CN','CNNL',11,28535,0,196),(777,'2003','CN','CNNL',21,18420,0,196),(778,'2003','CN','CNNL',22,1966,0,196),(779,'2003','CN','CNNL',23,8149,0,196),(780,'2003','CN','CNNL',12,2287,0,196),(781,'2003','CN','CNNL',31,333,0,196),(782,'2003','CN','CNNL',32,59,0,196),(783,'2003','CN','CNNL',33,1894,0,196),(784,'2003','CN','CNPC',1,22222,0,196),(785,'2003','CN','CNPC',11,17405,0,196),(786,'2003','CN','CNPC',21,11866,0,196),(787,'2003','CN','CNPC',22,763,0,196),(788,'2003','CN','CNPC',23,4777,0,196),(789,'2003','CN','CNPC',12,4817,0,196),(790,'2003','CN','CNPC',31,2807,0,196),(791,'2003','CN','CNPC',32,452,0,196),(792,'2003','CN','CNPC',33,1558,0,196),(793,'2003','CN','VIAR',1,216,0,196),(794,'2003','CN','VIAR',11,208,0,196),(795,'2003','CN','VIAR',21,208,0,196),(796,'2003','CN','VIAR',22,0,0,196),(797,'2003','CN','VIAR',23,0,0,196),(798,'2003','CN','VIAR',12,8,0,196),(799,'2003','CN','VIAR',31,8,0,196),(800,'2003','CN','VIAR',32,0,0,196),(801,'2003','CN','VIAR',33,0,0,196),(802,'2003','CN','RGRL',1,18660,0,196),(803,'2003','CN','RGRL',11,14284,0,196),(804,'2003','CN','RGRL',21,11588,0,196),(805,'2003','CN','RGRL',22,160,0,196),(806,'2003','CN','RGRL',23,2535,0,196),(807,'2003','CN','RGRL',12,4377,0,196),(808,'2003','CN','RGRL',31,2967,0,196),(809,'2003','CN','RGRL',32,412,0,196),(810,'2003','CN','RGRL',33,998,0,196),(811,'2004','CN','ALL',1,72048,0,196),(812,'2004','CN','ALL',11,60655,0,196),(813,'2004','CN','ALL',21,42163,0,196),(814,'2004','CN','ALL',22,3017,0,196),(815,'2004','CN','ALL',23,15475,0,196),(816,'2004','CN','ALL',12,11393,0,196),(817,'2004','CN','ALL',31,6099,0,196),(818,'2004','CN','ALL',32,970,0,196),(819,'2004','CN','ALL',33,4325,0,196),(820,'2004','CN','CNNL',1,30853,0,196),(821,'2004','CN','CNNL',11,28561,0,196),(822,'2004','CN','CNNL',21,18424,0,196),(823,'2004','CN','CNNL',22,1967,0,196),(824,'2004','CN','CNNL',23,8170,0,196),(825,'2004','CN','CNNL',12,2291,0,196),(826,'2004','CN','CNNL',31,338,0,196),(827,'2004','CN','CNNL',32,59,0,196),(828,'2004','CN','CNNL',33,1894,0,196),(829,'2004','CN','CNPC',1,22193,0,196),(830,'2004','CN','CNPC',11,17384,0,196),(831,'2004','CN','CNPC',21,11827,0,196),(832,'2004','CN','CNPC',22,766,0,196),(833,'2004','CN','CNPC',23,4791,0,196),(834,'2004','CN','CNPC',12,4809,0,196),(835,'2004','CN','CNPC',31,2807,0,196),(836,'2004','CN','CNPC',32,452,0,196),(837,'2004','CN','CNPC',33,1550,0,196),(838,'2004','CN','VIAR',1,216,0,196),(839,'2004','CN','VIAR',11,208,0,196),(840,'2004','CN','VIAR',21,208,0,196),(841,'2004','CN','VIAR',22,0,0,196),(842,'2004','CN','VIAR',23,0,0,196),(843,'2004','CN','VIAR',12,8,0,196),(844,'2004','CN','VIAR',31,8,0,196),(845,'2004','CN','VIAR',32,0,0,196),(846,'2004','CN','VIAR',33,0,0,196),(847,'2004','CN','RGRL',1,18787,0,196),(848,'2004','CN','RGRL',11,14502,0,196),(849,'2004','CN','RGRL',21,11704,0,196),(850,'2004','CN','RGRL',22,284,0,196),(851,'2004','CN','RGRL',23,2514,0,196),(852,'2004','CN','RGRL',12,4285,0,196),(853,'2004','CN','RGRL',31,2946,0,196),(854,'2004','CN','RGRL',32,458,0,196),(855,'2004','CN','RGRL',33,881,0,196),(856,'2005','CN','ALL',1,72367,0,196),(857,'2005','CN','ALL',11,57884,0,196),(858,'2005','CN','ALL',21,39391,0,196),(859,'2005','CN','ALL',22,3378,0,196),(860,'2005','CN','ALL',23,15116,0,196),(861,'2005','CN','ALL',12,14483,0,196),(862,'2005','CN','ALL',31,8379,0,196),(863,'2005','CN','ALL',32,1032,0,196),(864,'2005','CN','ALL',33,5071,0,196),(865,'2005','CN','CNNL',1,34110,0,196),(866,'2005','CN','CNNL',11,28829,0,196),(867,'2005','CN','CNNL',21,18422,0,196),(868,'2005','CN','CNNL',22,1969,0,196),(869,'2005','CN','CNNL',23,8438,0,196),(870,'2005','CN','CNNL',12,5281,0,196),(871,'2005','CN','CNNL',31,2609,0,196),(872,'2005','CN','CNNL',32,56,0,196),(873,'2005','CN','CNNL',33,2617,0,196),(874,'2005','CN','CNPC',1,21956,0,196),(875,'2005','CN','CNPC',11,17144,0,196),(876,'2005','CN','CNPC',21,11542,0,196),(877,'2005','CN','CNPC',22,817,0,196),(878,'2005','CN','CNPC',23,4785,0,196),(879,'2005','CN','CNPC',12,4812,0,196),(880,'2005','CN','CNPC',31,2807,0,196),(881,'2005','CN','CNPC',32,455,0,196),(882,'2005','CN','CNPC',33,1550,0,196),(883,'2005','CN','VIAR',1,216,0,196),(884,'2005','CN','VIAR',11,208,0,196),(885,'2005','CN','VIAR',21,208,0,196),(886,'2005','CN','VIAR',22,0,0,196),(887,'2005','CN','VIAR',23,0,0,196),(888,'2005','CN','VIAR',12,8,0,196),(889,'2005','CN','VIAR',31,8,0,196),(890,'2005','CN','VIAR',32,0,0,196),(891,'2005','CN','VIAR',33,0,0,196),(892,'2005','CN','RGRL',1,16085,0,196),(893,'2005','CN','RGRL',11,11704,0,196),(894,'2005','CN','RGRL',21,9219,0,196),(895,'2005','CN','RGRL',22,592,0,196),(896,'2005','CN','RGRL',23,1893,0,196),(897,'2005','CN','RGRL',12,4382,0,196),(898,'2005','CN','RGRL',31,2956,0,196),(899,'2005','CN','RGRL',32,521,0,196),(900,'2005','CN','RGRL',33,905,0,196),(901,'2006','CN','ALL',1,71812,0,196),(902,'2006','CN','ALL',11,57349,0,196),(903,'2006','CN','ALL',21,39045,0,196),(904,'2006','CN','ALL',22,3377,0,196),(905,'2006','CN','ALL',23,14926,0,196),(906,'2006','CN','ALL',12,14463,0,196),(907,'2006','CN','ALL',31,8374,0,196),(908,'2006','CN','ALL',32,1075,0,196),(909,'2006','CN','ALL',33,5014,0,196),(910,'2006','CN','CNNL',1,35802,0,196),(911,'2006','CN','CNNL',11,30534,0,196),(912,'2006','CN','CNNL',21,20098,0,196),(913,'2006','CN','CNNL',22,1955,0,196),(914,'2006','CN','CNNL',23,8481,0,196),(915,'2006','CN','CNNL',12,5268,0,196),(916,'2006','CN','CNNL',31,2598,0,196),(917,'2006','CN','CNNL',32,56,0,196),(918,'2006','CN','CNNL',33,2614,0,196),(919,'2006','CN','CNPC',1,21675,0,196),(920,'2006','CN','CNPC',11,16872,0,196),(921,'2006','CN','CNPC',21,11288,0,196),(922,'2006','CN','CNPC',22,830,0,196),(923,'2006','CN','CNPC',23,4754,0,196),(924,'2006','CN','CNPC',12,4802,0,196),(925,'2006','CN','CNPC',31,2797,0,196),(926,'2006','CN','CNPC',32,457,0,196),(927,'2006','CN','CNPC',33,1548,0,196),(928,'2006','CN','VIAR',1,216,0,196),(929,'2006','CN','VIAR',11,208,0,196),(930,'2006','CN','VIAR',21,208,0,196),(931,'2006','CN','VIAR',22,0,0,196),(932,'2006','CN','VIAR',23,0,0,196),(933,'2006','CN','VIAR',12,8,0,196),(934,'2006','CN','VIAR',31,8,0,196),(935,'2006','CN','VIAR',32,0,0,196),(936,'2006','CN','VIAR',33,0,0,196),(937,'2006','CN','RGRL',1,14120,0,196),(938,'2006','CN','RGRL',11,9735,0,196),(939,'2006','CN','RGRL',21,7452,0,196),(940,'2006','CN','RGRL',22,592,0,196),(941,'2006','CN','RGRL',23,1691,0,196),(942,'2006','CN','RGRL',12,4385,0,196),(943,'2006','CN','RGRL',31,2971,0,196),(944,'2006','CN','RGRL',32,562,0,196),(945,'2006','CN','RGRL',33,851,0,196),(946,'2007','CN','ALL',1,71716,0,196),(947,'2007','CN','ALL',11,57646,0,196),(948,'2007','CN','ALL',21,39222,0,196),(949,'2007','CN','ALL',22,3392,0,196),(950,'2007','CN','ALL',23,15033,0,196),(951,'2007','CN','ALL',12,14069,0,196),(952,'2007','CN','ALL',31,8057,0,196),(953,'2007','CN','ALL',32,1052,0,196),(954,'2007','CN','ALL',33,4961,0,196),(955,'2007','CN','CNNL',1,36160,0,196),(956,'2007','CN','CNNL',11,30891,0,196),(957,'2007','CN','CNNL',21,20352,0,196),(958,'2007','CN','CNNL',22,1955,0,196),(959,'2007','CN','CNNL',23,8584,0,196),(960,'2007','CN','CNNL',12,5270,0,196),(961,'2007','CN','CNNL',31,2598,0,196),(962,'2007','CN','CNNL',32,56,0,196),(963,'2007','CN','CNNL',33,2616,0,196),(964,'2007','CN','CNPC',1,21589,0,196),(965,'2007','CN','CNPC',11,16829,0,196),(966,'2007','CN','CNPC',21,11243,0,196),(967,'2007','CN','CNPC',22,829,0,196),(968,'2007','CN','CNPC',23,4757,0,196),(969,'2007','CN','CNPC',12,4760,0,196),(970,'2007','CN','CNPC',31,2754,0,196),(971,'2007','CN','CNPC',32,457,0,196),(972,'2007','CN','CNPC',33,1550,0,196),(973,'2007','CN','VIAR',1,216,0,196),(974,'2007','CN','VIAR',11,208,0,196),(975,'2007','CN','VIAR',21,208,0,196),(976,'2007','CN','VIAR',22,0,0,196),(977,'2007','CN','VIAR',23,0,0,196),(978,'2007','CN','VIAR',12,8,0,196),(979,'2007','CN','VIAR',31,8,0,196),(980,'2007','CN','VIAR',32,0,0,196),(981,'2007','CN','VIAR',33,0,0,196),(982,'2007','CN','RGRL',1,13750,0,196),(983,'2007','CN','RGRL',11,9719,0,196),(984,'2007','CN','RGRL',21,7419,0,196),(985,'2007','CN','RGRL',22,608,0,196),(986,'2007','CN','RGRL',23,1692,0,196),(987,'2007','CN','RGRL',12,4031,0,196),(988,'2007','CN','RGRL',31,2697,0,196),(989,'2007','CN','RGRL',32,539,0,196),(990,'2007','CN','RGRL',33,795,0,196),(991,'2008','CN','ALL',1,70230,0,196),(992,'2008','CN','ALL',11,56989,0,196),(993,'2008','CN','ALL',21,38599,0,196),(994,'2008','CN','ALL',22,3399,0,196),(995,'2008','CN','ALL',23,14991,0,196),(996,'2008','CN','ALL',12,13240,0,196),(997,'2008','CN','ALL',31,7670,0,196),(998,'2008','CN','ALL',32,938,0,196),(999,'2008','CN','ALL',33,4632,0,196),(1000,'2008','CN','CNNL',1,37465,0,196),(1001,'2008','CN','CNNL',11,31995,0,196),(1002,'2008','CN','CNNL',21,21187,0,196),(1003,'2008','CN','CNNL',22,1988,0,196),(1004,'2008','CN','CNNL',23,8819,0,196),(1005,'2008','CN','CNNL',12,5471,0,196),(1006,'2008','CN','CNNL',31,2756,0,196),(1007,'2008','CN','CNNL',32,98,0,196),(1008,'2008','CN','CNNL',33,2617,0,196),(1009,'2008','CN','CNPC',1,21345,0,196),(1010,'2008','CN','CNPC',11,16584,0,196),(1011,'2008','CN','CNPC',21,10993,0,196),(1012,'2008','CN','CNPC',22,840,0,196),(1013,'2008','CN','CNPC',23,4751,0,196),(1014,'2008','CN','CNPC',12,4760,0,196),(1015,'2008','CN','CNPC',31,2754,0,196),(1016,'2008','CN','CNPC',32,457,0,196),(1017,'2008','CN','CNPC',33,1550,0,196),(1018,'2008','CN','VIAR',1,269,0,196),(1019,'2008','CN','VIAR',11,245,0,196),(1020,'2008','CN','VIAR',21,208,0,196),(1021,'2008','CN','VIAR',22,0,0,196),(1022,'2008','CN','VIAR',23,37,0,196),(1023,'2008','CN','VIAR',12,24,0,196),(1024,'2008','CN','VIAR',31,24,0,196),(1025,'2008','CN','VIAR',32,0,0,196),(1026,'2008','CN','VIAR',33,0,0,196),(1027,'2008','CN','RGRL',1,11151,0,196),(1028,'2008','CN','RGRL',11,8166,0,196),(1029,'2008','CN','RGRL',21,6210,0,196),(1030,'2008','CN','RGRL',22,571,0,196),(1031,'2008','CN','RGRL',23,1385,0,196),(1032,'2008','CN','RGRL',12,2985,0,196),(1033,'2008','CN','RGRL',31,2136,0,196),(1034,'2008','CN','RGRL',32,384,0,196),(1035,'2008','CN','RGRL',33,465,0,196),(1036,'2009','CN','ALL',1,67537,0,196),(1037,'2009','CN','ALL',11,54488,0,196),(1038,'2009','CN','ALL',21,36451,0,196),(1039,'2009','CN','ALL',22,3367,0,196),(1040,'2009','CN','ALL',23,14671,0,196),(1041,'2009','CN','ALL',12,13049,0,196),(1042,'2009','CN','ALL',31,7581,0,196),(1043,'2009','CN','ALL',32,873,0,196),(1044,'2009','CN','ALL',33,4594,0,196),(1045,'2009','CN','CNNL',1,36565,0,196),(1046,'2009','CN','CNNL',11,31053,0,196),(1047,'2009','CN','CNNL',21,20258,0,196),(1048,'2009','CN','CNNL',22,1988,0,196),(1049,'2009','CN','CNNL',23,8806,0,196),(1050,'2009','CN','CNNL',12,5512,0,196),(1051,'2009','CN','CNNL',31,2797,0,196),(1052,'2009','CN','CNNL',32,98,0,196),(1053,'2009','CN','CNNL',33,2617,0,196),(1054,'2009','CN','CNPC',1,21055,0,196),(1055,'2009','CN','CNPC',11,16299,0,196),(1056,'2009','CN','CNPC',21,10755,0,196),(1057,'2009','CN','CNPC',22,842,0,196),(1058,'2009','CN','CNPC',23,4703,0,196),(1059,'2009','CN','CNPC',12,4756,0,196),(1060,'2009','CN','CNPC',31,2754,0,196),(1061,'2009','CN','CNPC',32,457,0,196),(1062,'2009','CN','CNPC',33,1545,0,196),(1063,'2009','CN','VIAR',1,270,0,196),(1064,'2009','CN','VIAR',11,245,0,196),(1065,'2009','CN','VIAR',21,208,0,196),(1066,'2009','CN','VIAR',22,0,0,196),(1067,'2009','CN','VIAR',23,38,0,196),(1068,'2009','CN','VIAR',12,24,0,196),(1069,'2009','CN','VIAR',31,24,0,196),(1070,'2009','CN','VIAR',32,0,0,196),(1071,'2009','CN','VIAR',33,0,0,196),(1072,'2009','CN','RGRL',1,9647,0,196),(1073,'2009','CN','RGRL',11,6891,0,196),(1074,'2009','CN','RGRL',21,5230,0,196),(1075,'2009','CN','RGRL',22,537,0,196),(1076,'2009','CN','RGRL',23,1124,0,196),(1077,'2009','CN','RGRL',12,2757,0,196),(1078,'2009','CN','RGRL',31,2006,0,196),(1079,'2009','CN','RGRL',32,319,0,196),(1080,'2009','CN','RGRL',33,432,0,196),(1081,'2010','CN','ALL',1,66312,0,196),(1082,'2010','CN','ALL',11,53410,0,196),(1083,'2010','CN','ALL',21,35953,0,196),(1084,'2010','CN','ALL',22,3626,0,196),(1085,'2010','CN','ALL',23,13830,0,196),(1086,'2010','CN','ALL',12,12902,0,196),(1087,'2010','CN','ALL',31,7489,0,196),(1088,'2010','CN','ALL',32,793,0,196),(1089,'2010','CN','ALL',33,4620,0,196),(1090,'2010','CN','CNNL',1,NULL,0,196),(1091,'2010','CN','CNNL',11,NULL,0,196),(1092,'2010','CN','CNNL',21,NULL,0,196),(1093,'2010','CN','CNNL',22,NULL,0,196),(1094,'2010','CN','CNNL',23,NULL,0,196),(1095,'2010','CN','CNNL',12,NULL,0,196),(1096,'2010','CN','CNNL',31,NULL,0,196),(1097,'2010','CN','CNNL',32,NULL,0,196),(1098,'2010','CN','CNNL',33,NULL,0,196),(1099,'2010','CN','CNPC',1,NULL,0,196),(1100,'2010','CN','CNPC',11,NULL,0,196),(1101,'2010','CN','CNPC',21,NULL,0,196),(1102,'2010','CN','CNPC',22,NULL,0,196),(1103,'2010','CN','CNPC',23,NULL,0,196),(1104,'2010','CN','CNPC',12,NULL,0,196),(1105,'2010','CN','CNPC',31,NULL,0,196),(1106,'2010','CN','CNPC',32,NULL,0,196),(1107,'2010','CN','CNPC',33,NULL,0,196),(1108,'2010','CN','VIAR',1,NULL,0,196),(1109,'2010','CN','VIAR',11,NULL,0,196),(1110,'2010','CN','VIAR',21,NULL,0,196),(1111,'2010','CN','VIAR',22,NULL,0,196),(1112,'2010','CN','VIAR',23,NULL,0,196),(1113,'2010','CN','VIAR',12,NULL,0,196),(1114,'2010','CN','VIAR',31,NULL,0,196),(1115,'2010','CN','VIAR',32,NULL,0,196),(1116,'2010','CN','VIAR',33,NULL,0,196),(1117,'2010','CN','RGRL',1,9104,0,196),(1118,'2010','CN','RGRL',11,6278,0,196),(1119,'2010','CN','RGRL',21,4855,0,196),(1120,'2010','CN','RGRL',22,474,0,196),(1121,'2010','CN','RGRL',23,950,0,196),(1122,'2010','CN','RGRL',12,2826,0,196),(1123,'2010','CN','RGRL',31,2202,0,196),(1124,'2010','CN','RGRL',32,195,0,196),(1125,'2010','CN','RGRL',33,429,0,196),(1126,'2011','CN','ALL',1,64218,0,196),(1127,'2011','CN','ALL',11,51648,0,196),(1128,'2011','CN','ALL',21,34839,0,196),(1129,'2011','CN','ALL',22,3278,0,196),(1130,'2011','CN','ALL',23,13531,0,196),(1131,'2011','CN','ALL',12,12570,0,196),(1132,'2011','CN','ALL',31,7238,0,196),(1133,'2011','CN','ALL',32,827,0,196),(1134,'2011','CN','ALL',33,4506,0,196),(1135,'2011','CN','CNNL',1,NULL,0,196),(1136,'2011','CN','CNNL',11,NULL,0,196),(1137,'2011','CN','CNNL',21,NULL,0,196),(1138,'2011','CN','CNNL',22,NULL,0,196),(1139,'2011','CN','CNNL',23,NULL,0,196),(1140,'2011','CN','CNNL',12,NULL,0,196),(1141,'2011','CN','CNNL',31,NULL,0,196),(1142,'2011','CN','CNNL',32,NULL,0,196),(1143,'2011','CN','CNNL',33,NULL,0,196),(1144,'2011','CN','CNPC',1,NULL,0,196),(1145,'2011','CN','CNPC',11,NULL,0,196),(1146,'2011','CN','CNPC',21,NULL,0,196),(1147,'2011','CN','CNPC',22,NULL,0,196),(1148,'2011','CN','CNPC',23,NULL,0,196),(1149,'2011','CN','CNPC',12,NULL,0,196),(1150,'2011','CN','CNPC',31,NULL,0,196),(1151,'2011','CN','CNPC',32,NULL,0,196),(1152,'2011','CN','CNPC',33,NULL,0,196),(1153,'2011','CN','VIAR',1,NULL,0,196),(1154,'2011','CN','VIAR',11,NULL,0,196),(1155,'2011','CN','VIAR',21,NULL,0,196),(1156,'2011','CN','VIAR',22,NULL,0,196),(1157,'2011','CN','VIAR',23,NULL,0,196),(1158,'2011','CN','VIAR',12,NULL,0,196),(1159,'2011','CN','VIAR',31,NULL,0,196),(1160,'2011','CN','VIAR',32,NULL,0,196),(1161,'2011','CN','VIAR',33,NULL,0,196),(1162,'2011','CN','RGRL',1,8670,0,196),(1163,'2011','CN','RGRL',11,6137,0,196),(1164,'2011','CN','RGRL',21,4582,0,196),(1165,'2011','CN','RGRL',22,601,0,196),(1166,'2011','CN','RGRL',23,954,0,196),(1167,'2011','CN','RGRL',12,2532,0,196),(1168,'2011','CN','RGRL',31,1939,0,196),(1169,'2011','CN','RGRL',32,199,0,196),(1170,'2011','CN','RGRL',33,393,0,196),(1171,'2012','CN','ALL',1,63104,0,196),(1172,'2012','CN','ALL',11,50740,0,196),(1173,'2012','CN','ALL',21,34685,0,196),(1174,'2012','CN','ALL',22,3280,0,196),(1175,'2012','CN','ALL',23,12775,0,196),(1176,'2012','CN','ALL',12,12364,0,196),(1177,'2012','CN','ALL',31,6960,0,196),(1178,'2012','CN','ALL',32,902,0,196),(1179,'2012','CN','ALL',33,4502,0,196),(1180,'2012','CN','CNNL',1,NULL,0,196),(1181,'2012','CN','CNNL',11,NULL,0,196),(1182,'2012','CN','CNNL',21,NULL,0,196),(1183,'2012','CN','CNNL',22,NULL,0,196),(1184,'2012','CN','CNNL',23,NULL,0,196),(1185,'2012','CN','CNNL',12,NULL,0,196),(1186,'2012','CN','CNNL',31,NULL,0,196),(1187,'2012','CN','CNNL',32,NULL,0,196),(1188,'2012','CN','CNNL',33,NULL,0,196),(1189,'2012','CN','CNPC',1,NULL,0,196),(1190,'2012','CN','CNPC',11,NULL,0,196),(1191,'2012','CN','CNPC',21,NULL,0,196),(1192,'2012','CN','CNPC',22,NULL,0,196),(1193,'2012','CN','CNPC',23,NULL,0,196),(1194,'2012','CN','CNPC',12,NULL,0,196),(1195,'2012','CN','CNPC',31,NULL,0,196),(1196,'2012','CN','CNPC',32,NULL,0,196),(1197,'2012','CN','CNPC',33,NULL,0,196),(1198,'2012','CN','VIAR',1,NULL,0,196),(1199,'2012','CN','VIAR',11,NULL,0,196),(1200,'2012','CN','VIAR',21,NULL,0,196),(1201,'2012','CN','VIAR',22,NULL,0,196),(1202,'2012','CN','VIAR',23,NULL,0,196),(1203,'2012','CN','VIAR',12,NULL,0,196),(1204,'2012','CN','VIAR',31,NULL,0,196),(1205,'2012','CN','VIAR',32,NULL,0,196),(1206,'2012','CN','VIAR',33,NULL,0,196),(1207,'2012','CN','RGRL',1,8228,0,196),(1208,'2012','CN','RGRL',11,6081,0,196),(1209,'2012','CN','RGRL',21,4524,0,196),(1210,'2012','CN','RGRL',22,603,0,196),(1211,'2012','CN','RGRL',23,954,0,196),(1212,'2012','CN','RGRL',12,2148,0,196),(1213,'2012','CN','RGRL',31,1608,0,196),(1214,'2012','CN','RGRL',32,199,0,196),(1215,'2012','CN','RGRL',33,341,0,196),(1216,'2013','CN','ALL',1,62341,0,196),(1217,'2013','CN','ALL',11,50269,0,196),(1218,'2013','CN','ALL',21,34717,0,196),(1219,'2013','CN','ALL',22,3156,0,196),(1220,'2013','CN','ALL',23,12397,0,196),(1221,'2013','CN','ALL',12,12072,0,196),(1222,'2013','CN','ALL',31,6788,0,196),(1223,'2013','CN','ALL',32,843,0,196),(1224,'2013','CN','ALL',33,4441,0,196),(1225,'2013','CN','CNNL',1,NULL,0,196),(1226,'2013','CN','CNNL',11,NULL,0,196),(1227,'2013','CN','CNNL',21,NULL,0,196),(1228,'2013','CN','CNNL',22,NULL,0,196),(1229,'2013','CN','CNNL',23,NULL,0,196),(1230,'2013','CN','CNNL',12,NULL,0,196),(1231,'2013','CN','CNNL',31,NULL,0,196),(1232,'2013','CN','CNNL',32,NULL,0,196),(1233,'2013','CN','CNNL',33,NULL,0,196),(1234,'2013','CN','CNPC',1,NULL,0,196),(1235,'2013','CN','CNPC',11,NULL,0,196),(1236,'2013','CN','CNPC',21,NULL,0,196),(1237,'2013','CN','CNPC',22,NULL,0,196),(1238,'2013','CN','CNPC',23,NULL,0,196),(1239,'2013','CN','CNPC',12,NULL,0,196),(1240,'2013','CN','CNPC',31,NULL,0,196),(1241,'2013','CN','CNPC',32,NULL,0,196),(1242,'2013','CN','CNPC',33,NULL,0,196),(1243,'2013','CN','VIAR',1,NULL,0,196),(1244,'2013','CN','VIAR',11,NULL,0,196),(1245,'2013','CN','VIAR',21,NULL,0,196),(1246,'2013','CN','VIAR',22,NULL,0,196),(1247,'2013','CN','VIAR',23,NULL,0,196),(1248,'2013','CN','VIAR',12,NULL,0,196),(1249,'2013','CN','VIAR',31,NULL,0,196),(1250,'2013','CN','VIAR',32,NULL,0,196),(1251,'2013','CN','VIAR',33,NULL,0,196),(1252,'2013','CN','RGRL',1,7911,0,196),(1253,'2013','CN','RGRL',11,6032,0,196),(1254,'2013','CN','RGRL',21,4674,0,196),(1255,'2013','CN','RGRL',22,483,0,196),(1256,'2013','CN','RGRL',23,876,0,196),(1257,'2013','CN','RGRL',12,1880,0,196),(1258,'2013','CN','RGRL',31,1400,0,196),(1259,'2013','CN','RGRL',32,185,0,196),(1260,'2013','CN','RGRL',33,295,0,196),(1261,'2014','CN','ALL',1,62307,0,196),(1262,'2014','CN','ALL',11,50098,0,196),(1263,'2014','CN','ALL',21,34494,0,196),(1264,'2014','CN','ALL',22,3388,0,196),(1265,'2014','CN','ALL',23,12217,0,196),(1266,'2014','CN','ALL',12,12209,0,196),(1267,'2014','CN','ALL',31,6948,0,196),(1268,'2014','CN','ALL',32,876,0,196),(1269,'2014','CN','ALL',33,4384,0,196),(1270,'2014','CN','CNNL',1,NULL,0,196),(1271,'2014','CN','CNNL',11,NULL,0,196),(1272,'2014','CN','CNNL',21,NULL,0,196),(1273,'2014','CN','CNNL',22,NULL,0,196),(1274,'2014','CN','CNNL',23,NULL,0,196),(1275,'2014','CN','CNNL',12,NULL,0,196),(1276,'2014','CN','CNNL',31,NULL,0,196),(1277,'2014','CN','CNNL',32,NULL,0,196),(1278,'2014','CN','CNNL',33,NULL,0,196),(1279,'2014','CN','CNPC',1,NULL,0,196),(1280,'2014','CN','CNPC',11,NULL,0,196),(1281,'2014','CN','CNPC',21,NULL,0,196),(1282,'2014','CN','CNPC',22,NULL,0,196),(1283,'2014','CN','CNPC',23,NULL,0,196),(1284,'2014','CN','CNPC',12,NULL,0,196),(1285,'2014','CN','CNPC',31,NULL,0,196),(1286,'2014','CN','CNPC',32,NULL,0,196),(1287,'2014','CN','CNPC',33,NULL,0,196),(1288,'2014','CN','VIAR',1,NULL,0,196),(1289,'2014','CN','VIAR',11,NULL,0,196),(1290,'2014','CN','VIAR',21,NULL,0,196),(1291,'2014','CN','VIAR',22,NULL,0,196),(1292,'2014','CN','VIAR',23,NULL,0,196),(1293,'2014','CN','VIAR',12,NULL,0,196),(1294,'2014','CN','VIAR',31,NULL,0,196),(1295,'2014','CN','VIAR',32,NULL,0,196),(1296,'2014','CN','VIAR',33,NULL,0,196),(1297,'2014','CN','RGRL',1,8444,0,196),(1298,'2014','CN','RGRL',11,6492,0,196),(1299,'2014','CN','RGRL',21,4890,0,196),(1300,'2014','CN','RGRL',22,687,0,196),(1301,'2014','CN','RGRL',23,914,0,196),(1302,'2014','CN','RGRL',12,1952,0,196),(1303,'2014','CN','RGRL',31,1443,0,196),(1304,'2014','CN','RGRL',32,210,0,196),(1305,'2014','CN','RGRL',33,300,0,196),(1306,'2015','CN','ALL',1,63562,0,196),(1307,'2015','CN','ALL',11,50454,0,196),(1308,'2015','CN','ALL',21,35205,0,196),(1309,'2015','CN','ALL',22,3252,0,196),(1310,'2015','CN','ALL',23,11998,0,196),(1311,'2015','CN','ALL',12,13108,0,196),(1312,'2015','CN','ALL',31,7858,0,196),(1313,'2015','CN','ALL',32,812,0,196),(1314,'2015','CN','ALL',33,4438,0,196),(1315,'2015','CN','CNNL',1,NULL,0,196),(1316,'2015','CN','CNNL',11,NULL,0,196),(1317,'2015','CN','CNNL',21,NULL,0,196),(1318,'2015','CN','CNNL',22,NULL,0,196),(1319,'2015','CN','CNNL',23,NULL,0,196),(1320,'2015','CN','CNNL',12,NULL,0,196),(1321,'2015','CN','CNNL',31,NULL,0,196),(1322,'2015','CN','CNNL',32,NULL,0,196),(1323,'2015','CN','CNNL',33,NULL,0,196),(1324,'2015','CN','CNPC',1,NULL,0,196),(1325,'2015','CN','CNPC',11,NULL,0,196),(1326,'2015','CN','CNPC',21,NULL,0,196),(1327,'2015','CN','CNPC',22,NULL,0,196),(1328,'2015','CN','CNPC',23,NULL,0,196),(1329,'2015','CN','CNPC',12,NULL,0,196),(1330,'2015','CN','CNPC',31,NULL,0,196),(1331,'2015','CN','CNPC',32,NULL,0,196),(1332,'2015','CN','CNPC',33,NULL,0,196),(1333,'2015','CN','VIAR',1,NULL,0,196),(1334,'2015','CN','VIAR',11,NULL,0,196),(1335,'2015','CN','VIAR',21,NULL,0,196),(1336,'2015','CN','VIAR',22,NULL,0,196),(1337,'2015','CN','VIAR',23,NULL,0,196),(1338,'2015','CN','VIAR',12,NULL,0,196),(1339,'2015','CN','VIAR',31,NULL,0,196),(1340,'2015','CN','VIAR',32,NULL,0,196),(1341,'2015','CN','VIAR',33,NULL,0,196),(1342,'2015','CN','RGRL',1,9851,0,196),(1343,'2015','CN','RGRL',11,7623,0,196),(1344,'2015','CN','RGRL',21,6157,0,196),(1345,'2015','CN','RGRL',22,521,0,196),(1346,'2015','CN','RGRL',23,946,0,196),(1347,'2015','CN','RGRL',12,2228,0,196),(1348,'2015','CN','RGRL',31,1685,0,196),(1349,'2015','CN','RGRL',32,213,0,196),(1350,'2015','CN','RGRL',33,329,0,196),(1351,'2016','CN','ALL',1,61856,0,196),(1352,'2016','CN','ALL',11,48902,0,196),(1353,'2016','CN','ALL',21,33904,0,196),(1354,'2016','CN','ALL',22,3295,0,196),(1355,'2016','CN','ALL',23,11703,0,196),(1356,'2016','CN','ALL',12,12953,0,196),(1357,'2016','CN','ALL',31,7545,0,196),(1358,'2016','CN','ALL',32,917,0,196),(1359,'2016','CN','ALL',33,4492,0,196),(1360,'2016','CN','CNNL',1,NULL,0,196),(1361,'2016','CN','CNNL',11,NULL,0,196),(1362,'2016','CN','CNNL',21,NULL,0,196),(1363,'2016','CN','CNNL',22,NULL,0,196),(1364,'2016','CN','CNNL',23,NULL,0,196),(1365,'2016','CN','CNNL',12,NULL,0,196),(1366,'2016','CN','CNNL',31,NULL,0,196),(1367,'2016','CN','CNNL',32,NULL,0,196),(1368,'2016','CN','CNNL',33,NULL,0,196),(1369,'2016','CN','CNPC',1,NULL,0,196),(1370,'2016','CN','CNPC',11,NULL,0,196),(1371,'2016','CN','CNPC',21,NULL,0,196),(1372,'2016','CN','CNPC',22,NULL,0,196),(1373,'2016','CN','CNPC',23,NULL,0,196),(1374,'2016','CN','CNPC',12,NULL,0,196),(1375,'2016','CN','CNPC',31,NULL,0,196),(1376,'2016','CN','CNPC',32,NULL,0,196),(1377,'2016','CN','CNPC',33,NULL,0,196),(1378,'2016','CN','VIAR',1,NULL,0,196),(1379,'2016','CN','VIAR',11,NULL,0,196),(1380,'2016','CN','VIAR',21,NULL,0,196),(1381,'2016','CN','VIAR',22,NULL,0,196),(1382,'2016','CN','VIAR',23,NULL,0,196),(1383,'2016','CN','VIAR',12,NULL,0,196),(1384,'2016','CN','VIAR',31,NULL,0,196),(1385,'2016','CN','VIAR',32,NULL,0,196),(1386,'2016','CN','VIAR',33,NULL,0,196),(1387,'2016','CN','RGRL',1,8640,0,196),(1388,'2016','CN','RGRL',11,6531,0,196),(1389,'2016','CN','RGRL',21,5148,0,196),(1390,'2016','CN','RGRL',22,557,0,196),(1391,'2016','CN','RGRL',23,825,0,196),(1392,'2016','CN','RGRL',12,2110,0,196),(1393,'2016','CN','RGRL',31,1377,0,196),(1394,'2016','CN','RGRL',32,348,0,196),(1395,'2016','CN','RGRL',33,385,0,196),(1396,'2017','CN','ALL',1,61859,0,196),(1397,'2017','CN','ALL',11,49130,0,196),(1398,'2017','CN','ALL',21,33978,0,196),(1399,'2017','CN','ALL',22,3308,0,196),(1400,'2017','CN','ALL',23,11844,0,196),(1401,'2017','CN','ALL',12,12729,0,196),(1402,'2017','CN','ALL',31,7487,0,196),(1403,'2017','CN','ALL',32,821,0,196),(1404,'2017','CN','ALL',33,4422,0,196),(1405,'2017','CN','RGRL',1,8852,0,196),(1406,'2017','CN','RGRL',11,6843,0,196),(1407,'2017','CN','RGRL',21,5301,0,196),(1408,'2017','CN','RGRL',22,544,0,196),(1409,'2017','CN','RGRL',23,998,0,196),(1410,'2017','CN','RGRL',12,2009,0,196),(1411,'2017','CN','RGRL',31,1291,0,196),(1412,'2017','CN','RGRL',32,392,0,196),(1413,'2017','CN','RGRL',33,326,0,196);
/*!40000 ALTER TABLE `track_lengths_operated` ENABLE KEYS */;
UNLOCK TABLES;

--
-- Table structure for table `track_type`
--

DROP TABLE IF EXISTS `track_type`;
/*!40101 SET @saved_cs_client     = @@character_set_client */;
 SET character_set_client = utf8mb4 ;
CREATE TABLE `track_type` (
  `Track_type_ID` int(11) NOT NULL,
  `Track_Description` varchar(200) DEFAULT NULL,
  PRIMARY KEY (`Track_type_ID`)
) ENGINE=InnoDB DEFAULT CHARSET=utf8mb4 COLLATE=utf8mb4_0900_ai_ci;
/*!40101 SET character_set_client = @saved_cs_client */;

--
-- Dumping data for table `track_type`
--

LOCK TABLES `track_type` WRITE;
/*!40000 ALTER TABLE `track_type` DISABLE KEYS */;
INSERT INTO `track_type` VALUES (1,'Total track operated'),(11,'Total line owned'),(12,'Total line operated under lease, contract, trackage rights or jointly owned'),(21,'Line owned, first main track'),(22,'Line owned, second and other main track'),(23,'Line owned, industrial, yard and sidings'),(31,'Line operated under lease, contract, trackage rights or jointly owned, first main track'),(32,'Line operated under lease, contract, trackage rights or jointly owned, second and other main track'),(33,'Line operated under lease, contract, trackage rights or jointly owned, industrial, yard and sidings');
/*!40000 ALTER TABLE `track_type` ENABLE KEYS */;
UNLOCK TABLES;
/*!40103 SET TIME_ZONE=@OLD_TIME_ZONE */;

/*!40101 SET SQL_MODE=@OLD_SQL_MODE */;
/*!40014 SET FOREIGN_KEY_CHECKS=@OLD_FOREIGN_KEY_CHECKS */;
/*!40014 SET UNIQUE_CHECKS=@OLD_UNIQUE_CHECKS */;
/*!40101 SET CHARACTER_SET_CLIENT=@OLD_CHARACTER_SET_CLIENT */;
/*!40101 SET CHARACTER_SET_RESULTS=@OLD_CHARACTER_SET_RESULTS */;
/*!40101 SET COLLATION_CONNECTION=@OLD_COLLATION_CONNECTION */;
/*!40111 SET SQL_NOTES=@OLD_SQL_NOTES */;

-- Dump completed on 2019-05-31 12:32:50
