Year,Location_ID,Company_ID,Track_type_ID,Value,Scalar_ID,UOM_ID
1986,CN,ALL,1,91935,0,196
1986,CN,ALL,11,75720,0,196
1986,CN,ALL,21,32446,0,196
1986,CN,ALL,22,24657,0,196
1986,CN,ALL,23,18617,0,196
1986,CN,ALL,12,16215,0,196
1986,CN,ALL,31,4889,0,196
1986,CN,ALL,32,5206,0,196
1986,CN,ALL,33,6120,0,196
1986,CN,CNNL,1,50708,0,196
1986,CN,CNNL,11,46293,0,196
1986,CN,CNNL,21,19285,0,196
1986,CN,CNNL,22,15493,0,196
1986,CN,CNNL,23,11515,0,196
1986,CN,CNNL,12,4415,0,196
1986,CN,CNNL,31,592,0,196
1986,CN,CNNL,32,687,0,196
1986,CN,CNNL,33,3137,0,196
1986,CN,CNPC,1,33458,0,196
1986,CN,CNPC,11,23678,0,196
1986,CN,CNPC,21,9041,0,196
1986,CN,CNPC,22,8900,0,196
1986,CN,CNPC,23,5737,0,196
1986,CN,CNPC,12,9780,0,196
1986,CN,CNPC,31,3123,0,196
1986,CN,CNPC,32,4207,0,196
1986,CN,CNPC,33,2450,0,196
1986,CN,VIAR,1,0,0,196
1986,CN,VIAR,11,0,0,196
1986,CN,VIAR,21,0,0,196
1986,CN,VIAR,22,0,0,196
1986,CN,VIAR,23,0,0,196
1986,CN,VIAR,12,0,0,196
1986,CN,VIAR,31,0,0,196
1986,CN,VIAR,32,0,0,196
1986,CN,VIAR,33,0,0,196
1986,CN,RGRL,1,7769,0,196
1986,CN,RGRL,11,5749,0,196
1986,CN,RGRL,21,4120,0,196
1986,CN,RGRL,22,264,0,196
1986,CN,RGRL,23,1365,0,196
1986,CN,RGRL,12,2020,0,196
1986,CN,RGRL,31,1175,0,196
1986,CN,RGRL,32,312,0,196
1986,CN,RGRL,33,533,0,196
1987,CN,ALL,1,93369,0,196
1987,CN,ALL,11,75786,0,196
1987,CN,ALL,21,32590,0,196
1987,CN,ALL,22,24402,0,196
1987,CN,ALL,23,18794,0,196
1987,CN,ALL,12,17583,0,196
1987,CN,ALL,31,5461,0,196
1987,CN,ALL,32,5365,0,196
1987,CN,ALL,33,6757,0,196
1987,CN,CNNL,1,51364,0,196
1987,CN,CNNL,11,46721,0,196
1987,CN,CNNL,21,19426,0,196
1987,CN,CNNL,22,15467,0,196
1987,CN,CNNL,23,11828,0,196
1987,CN,CNNL,12,4643,0,196
1987,CN,CNNL,31,636,0,196
1987,CN,CNNL,32,637,0,196
1987,CN,CNNL,33,3370,0,196
1987,CN,CNPC,1,33370,0,196
1987,CN,CNPC,11,23316,0,196
1987,CN,CNPC,21,9044,0,196
1987,CN,CNPC,22,8671,0,196
1987,CN,CNPC,23,5600,0,196
1987,CN,CNPC,12,10054,0,196
1987,CN,CNPC,31,3256,0,196
1987,CN,CNPC,32,4261,0,196
1987,CN,CNPC,33,2537,0,196
1987,CN,VIAR,1,0,0,196
1987,CN,VIAR,11,0,0,196
1987,CN,VIAR,21,0,0,196
1987,CN,VIAR,22,0,0,196
1987,CN,VIAR,23,0,0,196
1987,CN,VIAR,12,0,0,196
1987,CN,VIAR,31,0,0,196
1987,CN,VIAR,32,0,0,196
1987,CN,VIAR,33,0,0,196
1987,CN,RGRL,1,8636,0,196
1987,CN,RGRL,11,5750,0,196
1987,CN,RGRL,21,4120,0,196
1987,CN,RGRL,22,264,0,196
1987,CN,RGRL,23,1366,0,196
1987,CN,RGRL,12,2887,0,196
1987,CN,RGRL,31,1569,0,196
1987,CN,RGRL,32,468,0,196
1987,CN,RGRL,33,849,0,196
1988,CN,ALL,1,90372,0,196
1988,CN,ALL,11,73786,0,196
1988,CN,ALL,21,32773,0,196
1988,CN,ALL,22,22775,0,196
1988,CN,ALL,23,18238,0,196
1988,CN,ALL,12,16586,0,196
1988,CN,ALL,31,5452,0,196
1988,CN,ALL,32,4536,0,196
1988,CN,ALL,33,6599,0,196
1988,CN,CNNL,1,48753,0,196
1988,CN,CNNL,11,44655,0,196
1988,CN,CNNL,21,19495,0,196
1988,CN,CNNL,22,13921,0,196
1988,CN,CNNL,23,11239,0,196
1988,CN,CNNL,12,4098,0,196
1988,CN,CNNL,31,636,0,196
1988,CN,CNNL,32,288,0,196
1988,CN,CNNL,33,3173,0,196
1988,CN,CNPC,1,32638,0,196
1988,CN,CNPC,11,22988,0,196
1988,CN,CNPC,21,9056,0,196
1988,CN,CNPC,22,8425,0,196
1988,CN,CNPC,23,5507,0,196
1988,CN,CNPC,12,9650,0,196
1988,CN,CNPC,31,3249,0,196
1988,CN,CNPC,32,3935,0,196
1988,CN,CNPC,33,2466,0,196
1988,CN,VIAR,1,0,0,196
1988,CN,VIAR,11,0,0,196
1988,CN,VIAR,21,0,0,196
1988,CN,VIAR,22,0,0,196
1988,CN,VIAR,23,0,0,196
1988,CN,VIAR,12,0,0,196
1988,CN,VIAR,31,0,0,196
1988,CN,VIAR,32,0,0,196
1988,CN,VIAR,33,0,0,196
1988,CN,RGRL,1,8981,0,196
1988,CN,RGRL,11,6143,0,196
1988,CN,RGRL,21,4222,0,196
1988,CN,RGRL,22,429,0,196
1988,CN,RGRL,23,1491,0,196
1988,CN,RGRL,12,2838,0,196
1988,CN,RGRL,31,1567,0,196
1988,CN,RGRL,32,312,0,196
1988,CN,RGRL,33,959,0,196
1989,CN,ALL,1,88165,0,196
1989,CN,ALL,11,71615,0,196
1989,CN,ALL,21,32524,0,196
1989,CN,ALL,22,21142,0,196
1989,CN,ALL,23,17948,0,196
1989,CN,ALL,12,16551,0,196
1989,CN,ALL,31,5833,0,196
1989,CN,ALL,32,4207,0,196
1989,CN,ALL,33,6511,0,196
1989,CN,CNNL,1,47243,0,196
1989,CN,CNNL,11,42798,0,196
1989,CN,CNNL,21,19156,0,196
1989,CN,CNNL,22,12721,0,196
1989,CN,CNNL,23,10922,0,196
1989,CN,CNNL,12,4445,0,196
1989,CN,CNNL,31,961,0,196
1989,CN,CNNL,32,288,0,196
1989,CN,CNNL,33,3195,0,196
1989,CN,CNPC,1,31720,0,196
1989,CN,CNPC,11,22442,0,196
1989,CN,CNPC,21,9054,0,196
1989,CN,CNPC,22,7960,0,196
1989,CN,CNPC,23,5427,0,196
1989,CN,CNPC,12,9278,0,196
1989,CN,CNPC,31,3289,0,196
1989,CN,CNPC,32,3634,0,196
1989,CN,CNPC,33,2356,0,196
1989,CN,VIAR,1,0,0,196
1989,CN,VIAR,11,0,0,196
1989,CN,VIAR,21,0,0,196
1989,CN,VIAR,22,0,0,196
1989,CN,VIAR,23,0,0,196
1989,CN,VIAR,12,0,0,196
1989,CN,VIAR,31,0,0,196
1989,CN,VIAR,32,0,0,196
1989,CN,VIAR,33,0,0,196
1989,CN,RGRL,1,9202,0,196
1989,CN,RGRL,11,6374,0,196
1989,CN,RGRL,21,4315,0,196
1989,CN,RGRL,22,461,0,196
1989,CN,RGRL,23,1599,0,196
1989,CN,RGRL,12,2828,0,196
1989,CN,RGRL,31,1583,0,196
1989,CN,RGRL,32,285,0,196
1989,CN,RGRL,33,960,0,196
1990,CN,ALL,1,86010,0,196
1990,CN,ALL,11,70350,0,196
1990,CN,ALL,21,32459,0,196
1990,CN,ALL,22,20244,0,196
1990,CN,ALL,23,17647,0,196
1990,CN,ALL,12,15660,0,196
1990,CN,ALL,31,5517,0,196
1990,CN,ALL,32,3754,0,196
1990,CN,ALL,33,6390,0,196
1990,CN,CNNL,1,46205,0,196
1990,CN,CNNL,11,42103,0,196
1990,CN,CNNL,21,18854,0,196
1990,CN,CNNL,22,12495,0,196
1990,CN,CNNL,23,10754,0,196
1990,CN,CNNL,12,4102,0,196
1990,CN,CNNL,31,699,0,196
1990,CN,CNNL,32,288,0,196
1990,CN,CNNL,33,3115,0,196
1990,CN,CNPC,1,30367,0,196
1990,CN,CNPC,11,21691,0,196
1990,CN,CNPC,21,9049,0,196
1990,CN,CNPC,22,7295,0,196
1990,CN,CNPC,23,5347,0,196
1990,CN,CNPC,12,8676,0,196
1990,CN,CNPC,31,3235,0,196
1990,CN,CNPC,32,3180,0,196
1990,CN,CNPC,33,2261,0,196
1990,CN,VIAR,1,0,0,196
1990,CN,VIAR,11,0,0,196
1990,CN,VIAR,21,0,0,196
1990,CN,VIAR,22,0,0,196
1990,CN,VIAR,23,0,0,196
1990,CN,VIAR,12,0,0,196
1990,CN,VIAR,31,0,0,196
1990,CN,VIAR,32,0,0,196
1990,CN,VIAR,33,0,0,196
1990,CN,RGRL,1,9438,0,196
1990,CN,RGRL,11,6556,0,196
1990,CN,RGRL,21,4555,0,196
1990,CN,RGRL,22,454,0,196
1990,CN,RGRL,23,1546,0,196
1990,CN,RGRL,12,2882,0,196
1990,CN,RGRL,31,1583,0,196
1990,CN,RGRL,32,285,0,196
1990,CN,RGRL,33,1014,0,196
1991,CN,ALL,1,85324,0,196
1991,CN,ALL,11,69916,0,196
1991,CN,ALL,21,32543,0,196
1991,CN,ALL,22,19851,0,196
1991,CN,ALL,23,17523,0,196
1991,CN,ALL,12,15408,0,196
1991,CN,ALL,31,5727,0,196
1991,CN,ALL,32,3362,0,196
1991,CN,ALL,33,6320,0,196
1991,CN,CNNL,1,45822,0,196
1991,CN,CNNL,11,41772,0,196
1991,CN,CNNL,21,18824,0,196
1991,CN,CNNL,22,12289,0,196
1991,CN,CNNL,23,10660,0,196
1991,CN,CNNL,12,4050,0,196
1991,CN,CNNL,31,903,0,196
1991,CN,CNNL,32,35,0,196
1991,CN,CNNL,33,3112,0,196
1991,CN,CNPC,1,29939,0,196
1991,CN,CNPC,11,21490,0,196
1991,CN,CNPC,21,9051,0,196
1991,CN,CNPC,22,7127,0,196
1991,CN,CNPC,23,5312,0,196
1991,CN,CNPC,12,8450,0,196
1991,CN,CNPC,31,3230,0,196
1991,CN,CNPC,32,3041,0,196
1991,CN,CNPC,33,2179,0,196
1991,CN,VIAR,1,0,0,196
1991,CN,VIAR,11,0,0,196
1991,CN,VIAR,21,0,0,196
1991,CN,VIAR,22,0,0,196
1991,CN,VIAR,23,0,0,196
1991,CN,VIAR,12,0,0,196
1991,CN,VIAR,31,0,0,196
1991,CN,VIAR,32,0,0,196
1991,CN,VIAR,33,0,0,196
1991,CN,RGRL,1,9562,0,196
1991,CN,RGRL,11,6654,0,196
1991,CN,RGRL,21,4668,0,196
1991,CN,RGRL,22,435,0,196
1991,CN,RGRL,23,1551,0,196
1991,CN,RGRL,12,2908,0,196
1991,CN,RGRL,31,1594,0,196
1991,CN,RGRL,32,285,0,196
1991,CN,RGRL,33,1029,0,196
1992,CN,ALL,1,84951,0,196
1992,CN,ALL,11,69929,0,196
1992,CN,ALL,21,33143,0,196
1992,CN,ALL,22,19459,0,196
1992,CN,ALL,23,17327,0,196
1992,CN,ALL,12,15022,0,196
1992,CN,ALL,31,5770,0,196
1992,CN,ALL,32,2982,0,196
1992,CN,ALL,33,6269,0,196
1992,CN,CNNL,1,45685,0,196
1992,CN,CNNL,11,41642,0,196
1992,CN,CNNL,21,19016,0,196
1992,CN,CNNL,22,12000,0,196
1992,CN,CNNL,23,10626,0,196
1992,CN,CNNL,12,4042,0,196
1992,CN,CNNL,31,903,0,196
1992,CN,CNNL,32,35,0,196
1992,CN,CNNL,33,3104,0,196
1992,CN,CNPC,1,29284,0,196
1992,CN,CNPC,11,21212,0,196
1992,CN,CNPC,21,9051,0,196
1992,CN,CNPC,22,7024,0,196
1992,CN,CNPC,23,5137,0,196
1992,CN,CNPC,12,8072,0,196
1992,CN,CNPC,31,3273,0,196
1992,CN,CNPC,32,2662,0,196
1992,CN,CNPC,33,2137,0,196
1992,CN,VIAR,1,0,0,196
1992,CN,VIAR,11,0,0,196
1992,CN,VIAR,21,0,0,196
1992,CN,VIAR,22,0,0,196
1992,CN,VIAR,23,0,0,196
1992,CN,VIAR,12,0,0,196
1992,CN,VIAR,31,0,0,196
1992,CN,VIAR,32,0,0,196
1992,CN,VIAR,33,0,0,196
1992,CN,RGRL,1,9982,0,196
1992,CN,RGRL,11,7074,0,196
1992,CN,RGRL,21,5076,0,196
1992,CN,RGRL,22,435,0,196
1992,CN,RGRL,23,1563,0,196
1992,CN,RGRL,12,2908,0,196
1992,CN,RGRL,31,1594,0,196
1992,CN,RGRL,32,285,0,196
1992,CN,RGRL,33,1029,0,196
1993,CN,ALL,1,84408,0,196
1993,CN,ALL,11,69642,0,196
1993,CN,ALL,21,33071,0,196
1993,CN,ALL,22,19350,0,196
1993,CN,ALL,23,17221,0,196
1993,CN,ALL,12,14766,0,196
1993,CN,ALL,31,4973,0,196
1993,CN,ALL,32,3622,0,196
1993,CN,ALL,33,6171,0,196
1993,CN,CNNL,1,45203,0,196
1993,CN,CNNL,11,41190,0,196
1993,CN,CNNL,21,18829,0,196
1993,CN,CNNL,22,11806,0,196
1993,CN,CNNL,23,10555,0,196
1993,CN,CNNL,12,4013,0,196
1993,CN,CNNL,31,909,0,196
1993,CN,CNNL,32,35,0,196
1993,CN,CNNL,33,3069,0,196
1993,CN,CNPC,1,28948,0,196
1993,CN,CNPC,11,21106,0,196
1993,CN,CNPC,21,8959,0,196
1993,CN,CNPC,22,7118,0,196
1993,CN,CNPC,23,5029,0,196
1993,CN,CNPC,12,7842,0,196
1993,CN,CNPC,31,2470,0,196
1993,CN,CNPC,32,3301,0,196
1993,CN,CNPC,33,2071,0,196
1993,CN,VIAR,1,0,0,196
1993,CN,VIAR,11,0,0,196
1993,CN,VIAR,21,0,0,196
1993,CN,VIAR,22,0,0,196
1993,CN,VIAR,23,0,0,196
1993,CN,VIAR,12,0,0,196
1993,CN,VIAR,31,0,0,196
1993,CN,VIAR,32,0,0,196
1993,CN,VIAR,33,0,0,196
1993,CN,RGRL,1,10257,0,196
1993,CN,RGRL,11,7346,0,196
1993,CN,RGRL,21,5283,0,196
1993,CN,RGRL,22,425,0,196
1993,CN,RGRL,23,1638,0,196
1993,CN,RGRL,12,2911,0,196
1993,CN,RGRL,31,1594,0,196
1993,CN,RGRL,32,286,0,196
1993,CN,RGRL,33,1031,0,196
1994,CN,ALL,1,83506,0,196
1994,CN,ALL,11,69362,0,196
1994,CN,ALL,21,33462,0,196
1994,CN,ALL,22,18777,0,196
1994,CN,ALL,23,17124,0,196
1994,CN,ALL,12,14144,0,196
1994,CN,ALL,31,4973,0,196
1994,CN,ALL,32,3061,0,196
1994,CN,ALL,33,6111,0,196
1994,CN,CNNL,1,44796,0,196
1994,CN,CNNL,11,40796,0,196
1994,CN,CNNL,21,18827,0,196
1994,CN,CNNL,22,11457,0,196
1994,CN,CNNL,23,10511,0,196
1994,CN,CNNL,12,4000,0,196
1994,CN,CNNL,31,907,0,196
1994,CN,CNNL,32,35,0,196
1994,CN,CNNL,33,3057,0,196
1994,CN,CNPC,1,28152,0,196
1994,CN,CNPC,11,20937,0,196
1994,CN,CNPC,21,8959,0,196
1994,CN,CNPC,22,6977,0,196
1994,CN,CNPC,23,5000,0,196
1994,CN,CNPC,12,7215,0,196
1994,CN,CNPC,31,2470,0,196
1994,CN,CNPC,32,2737,0,196
1994,CN,CNPC,33,2008,0,196
1994,CN,VIAR,1,0,0,196
1994,CN,VIAR,11,0,0,196
1994,CN,VIAR,21,0,0,196
1994,CN,VIAR,22,0,0,196
1994,CN,VIAR,23,0,0,196
1994,CN,VIAR,12,0,0,196
1994,CN,VIAR,31,0,0,196
1994,CN,VIAR,32,0,0,196
1994,CN,VIAR,33,0,0,196
1994,CN,RGRL,1,10558,0,196
1994,CN,RGRL,11,7629,0,196
1994,CN,RGRL,21,5675,0,196
1994,CN,RGRL,22,342,0,196
1994,CN,RGRL,23,1612,0,196
1994,CN,RGRL,12,2929,0,196
1994,CN,RGRL,31,1596,0,196
1994,CN,RGRL,32,288,0,196
1994,CN,RGRL,33,1045,0,196
1995,CN,ALL,1,80267,0,196
1995,CN,ALL,11,67653,0,196
1995,CN,ALL,21,33396,0,196
1995,CN,ALL,22,17668,0,196
1995,CN,ALL,23,16588,0,196
1995,CN,ALL,12,12615,0,196
1995,CN,ALL,31,4615,0,196
1995,CN,ALL,32,2309,0,196
1995,CN,ALL,33,5690,0,196
1995,CN,CNNL,1,42597,0,196
1995,CN,CNNL,11,39189,0,196
1995,CN,CNNL,21,18550,0,196
1995,CN,CNNL,22,10634,0,196
1995,CN,CNNL,23,10005,0,196
1995,CN,CNNL,12,3408,0,196
1995,CN,CNNL,31,497,0,196
1995,CN,CNNL,32,35,0,196
1995,CN,CNNL,33,2876,0,196
1995,CN,CNPC,1,26868,0,196
1995,CN,CNPC,11,20612,0,196
1995,CN,CNPC,21,8962,0,196
1995,CN,CNPC,22,6694,0,196
1995,CN,CNPC,23,4956,0,196
1995,CN,CNPC,12,6256,0,196
1995,CN,CNPC,31,2470,0,196
1995,CN,CNPC,32,1994,0,196
1995,CN,CNPC,33,1791,0,196
1995,CN,VIAR,1,0,0,196
1995,CN,VIAR,11,0,0,196
1995,CN,VIAR,21,0,0,196
1995,CN,VIAR,22,0,0,196
1995,CN,VIAR,23,0,0,196
1995,CN,VIAR,12,0,0,196
1995,CN,VIAR,31,0,0,196
1995,CN,VIAR,32,0,0,196
1995,CN,VIAR,33,0,0,196
1995,CN,RGRL,1,10803,0,196
1995,CN,RGRL,11,7852,0,196
1995,CN,RGRL,21,5883,0,196
1995,CN,RGRL,22,341,0,196
1995,CN,RGRL,23,1628,0,196
1995,CN,RGRL,12,2951,0,196
1995,CN,RGRL,31,1649,0,196
1995,CN,RGRL,32,280,0,196
1995,CN,RGRL,33,1023,0,196
1996,CN,ALL,1,77390,0,196
1996,CN,ALL,11,65576,0,196
1996,CN,ALL,21,45931,0,196
1996,CN,ALL,22,3321,0,196
1996,CN,ALL,23,16325,0,196
1996,CN,ALL,12,11814,0,196
1996,CN,ALL,31,5931,0,196
1996,CN,ALL,32,717,0,196
1996,CN,ALL,33,5166,0,196
1996,CN,CNNL,1,41086,0,196
1996,CN,CNNL,11,37704,0,196
1996,CN,CNNL,21,25841,0,196
1996,CN,CNNL,22,2062,0,196
1996,CN,CNNL,23,9801,0,196
1996,CN,CNNL,12,3382,0,196
1996,CN,CNNL,31,467,0,196
1996,CN,CNNL,32,64,0,196
1996,CN,CNNL,33,2850,0,196
1996,CN,CNPC,1,25757,0,196
1996,CN,CNPC,11,20086,0,196
1996,CN,CNPC,21,14099,0,196
1996,CN,CNPC,22,1096,0,196
1996,CN,CNPC,23,4891,0,196
1996,CN,CNPC,12,5671,0,196
1996,CN,CNPC,31,3566,0,196
1996,CN,CNPC,32,454,0,196
1996,CN,CNPC,33,1651,0,196
1996,CN,VIAR,1,100,0,196
1996,CN,VIAR,11,92,0,196
1996,CN,VIAR,21,92,0,196
1996,CN,VIAR,22,0,0,196
1996,CN,VIAR,23,0,0,196
1996,CN,VIAR,12,8,0,196
1996,CN,VIAR,31,8,0,196
1996,CN,VIAR,32,0,0,196
1996,CN,VIAR,33,0,0,196
1996,CN,RGRL,1,10448,0,196
1996,CN,RGRL,11,7694,0,196
1996,CN,RGRL,21,5899,0,196
1996,CN,RGRL,22,162,0,196
1996,CN,RGRL,23,1633,0,196
1996,CN,RGRL,12,2753,0,196
1996,CN,RGRL,31,1890,0,196
1996,CN,RGRL,32,198,0,196
1996,CN,RGRL,33,665,0,196
1997,CN,ALL,1,76063,0,196
1997,CN,ALL,11,64395,0,196
1997,CN,ALL,21,45030,0,196
1997,CN,ALL,22,3229,0,196
1997,CN,ALL,23,16136,0,196
1997,CN,ALL,12,11667,0,196
1997,CN,ALL,31,5847,0,196
1997,CN,ALL,32,684,0,196
1997,CN,ALL,33,5136,0,196
1997,CN,CNNL,1,37738,0,196
1997,CN,CNNL,11,34511,0,196
1997,CN,CNNL,21,23120,0,196
1997,CN,CNNL,22,2042,0,196
1997,CN,CNNL,23,9350,0,196
1997,CN,CNNL,12,3227,0,196
1997,CN,CNNL,31,468,0,196
1997,CN,CNNL,32,64,0,196
1997,CN,CNNL,33,2695,0,196
1997,CN,CNPC,1,25269,0,196
1997,CN,CNPC,11,19225,0,196
1997,CN,CNPC,21,13358,0,196
1997,CN,CNPC,22,988,0,196
1997,CN,CNPC,23,4878,0,196
1997,CN,CNPC,12,6044,0,196
1997,CN,CNPC,31,3832,0,196
1997,CN,CNPC,32,453,0,196
1997,CN,CNPC,33,1759,0,196
1997,CN,VIAR,1,100,0,196
1997,CN,VIAR,11,92,0,196
1997,CN,VIAR,21,92,0,196
1997,CN,VIAR,22,0,0,196
1997,CN,VIAR,23,0,0,196
1997,CN,VIAR,12,8,0,196
1997,CN,VIAR,31,8,0,196
1997,CN,VIAR,32,0,0,196
1997,CN,VIAR,33,0,0,196
1997,CN,RGRL,1,12956,0,196
1997,CN,RGRL,11,10567,0,196
1997,CN,RGRL,21,8460,0,196
1997,CN,RGRL,22,199,0,196
1997,CN,RGRL,23,1908,0,196
1997,CN,RGRL,12,2388,0,196
1997,CN,RGRL,31,1539,0,196
1997,CN,RGRL,32,167,0,196
1997,CN,RGRL,33,682,0,196
1998,CN,ALL,1,74530,0,196
1998,CN,ALL,11,63071,0,196
1998,CN,ALL,21,44054,0,196
1998,CN,ALL,22,3243,0,196
1998,CN,ALL,23,15774,0,196
1998,CN,ALL,12,11459,0,196
1998,CN,ALL,31,5856,0,196
1998,CN,ALL,32,686,0,196
1998,CN,ALL,33,4917,0,196
1998,CN,CNNL,1,34483,0,196
1998,CN,CNNL,11,31520,0,196
1998,CN,CNNL,21,20656,0,196
1998,CN,CNNL,22,2054,0,196
1998,CN,CNNL,23,8810,0,196
1998,CN,CNNL,12,2963,0,196
1998,CN,CNNL,31,457,0,196
1998,CN,CNNL,32,64,0,196
1998,CN,CNNL,33,2442,0,196
1998,CN,CNPC,1,24635,0,196
1998,CN,CNPC,11,19099,0,196
1998,CN,CNPC,21,13183,0,196
1998,CN,CNPC,22,988,0,196
1998,CN,CNPC,23,4928,0,196
1998,CN,CNPC,12,5535,0,196
1998,CN,CNPC,31,3411,0,196
1998,CN,CNPC,32,453,0,196
1998,CN,CNPC,33,1671,0,196
1998,CN,VIAR,1,216,0,196
1998,CN,VIAR,11,208,0,196
1998,CN,VIAR,21,208,0,196
1998,CN,VIAR,22,0,0,196
1998,CN,VIAR,23,0,0,196
1998,CN,VIAR,12,8,0,196
1998,CN,VIAR,31,8,0,196
1998,CN,VIAR,32,0,0,196
1998,CN,VIAR,33,0,0,196
1998,CN,RGRL,1,15196,0,196
1998,CN,RGRL,11,12244,0,196
1998,CN,RGRL,21,10007,0,196
1998,CN,RGRL,22,200,0,196
1998,CN,RGRL,23,2037,0,196
1998,CN,RGRL,12,2952,0,196
1998,CN,RGRL,31,1979,0,196
1998,CN,RGRL,32,169,0,196
1998,CN,RGRL,33,804,0,196
1999,CN,ALL,1,74052,0,196
1999,CN,ALL,11,62373,0,196
1999,CN,ALL,21,43368,0,196
1999,CN,ALL,22,3234,0,196
1999,CN,ALL,23,15772,0,196
1999,CN,ALL,12,11679,0,196
1999,CN,ALL,31,5888,0,196
1999,CN,ALL,32,938,0,196
1999,CN,ALL,33,4853,0,196
1999,CN,CNNL,1,32360,0,196
1999,CN,CNNL,11,29463,0,196
1999,CN,CNNL,21,18866,0,196
1999,CN,CNNL,22,2036,0,196
1999,CN,CNNL,23,8561,0,196
1999,CN,CNNL,12,2896,0,196
1999,CN,CNNL,31,457,0,196
1999,CN,CNNL,32,64,0,196
1999,CN,CNNL,33,2375,0,196
1999,CN,CNPC,1,23154,0,196
1999,CN,CNPC,11,18263,0,196
1999,CN,CNPC,21,12559,0,196
1999,CN,CNPC,22,906,0,196
1999,CN,CNPC,23,4797,0,196
1999,CN,CNPC,12,4891,0,196
1999,CN,CNPC,31,2890,0,196
1999,CN,CNPC,32,454,0,196
1999,CN,CNPC,33,1547,0,196
1999,CN,VIAR,1,216,0,196
1999,CN,VIAR,11,208,0,196
1999,CN,VIAR,21,208,0,196
1999,CN,VIAR,22,0,0,196
1999,CN,VIAR,23,0,0,196
1999,CN,VIAR,12,8,0,196
1999,CN,VIAR,31,8,0,196
1999,CN,VIAR,32,0,0,196
1999,CN,VIAR,33,0,0,196
1999,CN,RGRL,1,18323,0,196
1999,CN,RGRL,11,14440,0,196
1999,CN,RGRL,21,11734,0,196
1999,CN,RGRL,22,291,0,196
1999,CN,RGRL,23,2414,0,196
1999,CN,RGRL,12,3883,0,196
1999,CN,RGRL,31,2532,0,196
1999,CN,RGRL,32,420,0,196
1999,CN,RGRL,33,931,0,196
2000,CN,ALL,1,74412,0,196
2000,CN,ALL,11,62672,0,196
2000,CN,ALL,21,43390,0,196
2000,CN,ALL,22,3231,0,196
2000,CN,ALL,23,16051,0,196
2000,CN,ALL,12,11741,0,196
2000,CN,ALL,31,6132,0,196
2000,CN,ALL,32,932,0,196
2000,CN,ALL,33,4677,0,196
2000,CN,CNNL,1,31764,0,196
2000,CN,CNNL,11,29117,0,196
2000,CN,CNNL,21,18509,0,196
2000,CN,CNNL,22,2033,0,196
2000,CN,CNNL,23,8575,0,196
2000,CN,CNNL,12,2647,0,196
2000,CN,CNNL,31,457,0,196
2000,CN,CNNL,32,64,0,196
2000,CN,CNNL,33,2126,0,196
2000,CN,CNPC,1,22590,0,196
2000,CN,CNPC,11,17762,0,196
2000,CN,CNPC,21,12043,0,196
2000,CN,CNPC,22,906,0,196
2000,CN,CNPC,23,4814,0,196
2000,CN,CNPC,12,4828,0,196
2000,CN,CNPC,31,2839,0,196
2000,CN,CNPC,32,449,0,196
2000,CN,CNPC,33,1540,0,196
2000,CN,VIAR,1,216,0,196
2000,CN,VIAR,11,208,0,196
2000,CN,VIAR,21,208,0,196
2000,CN,VIAR,22,0,0,196
2000,CN,VIAR,23,0,0,196
2000,CN,VIAR,12,8,0,196
2000,CN,VIAR,31,8,0,196
2000,CN,VIAR,32,0,0,196
2000,CN,VIAR,33,0,0,196
2000,CN,RGRL,1,19842,0,196
2000,CN,RGRL,11,15585,0,196
2000,CN,RGRL,21,12630,0,196
2000,CN,RGRL,22,292,0,196
2000,CN,RGRL,23,2662,0,196
2000,CN,RGRL,12,4257,0,196
2000,CN,RGRL,31,2828,0,196
2000,CN,RGRL,32,418,0,196
2000,CN,RGRL,33,1011,0,196
2001,CN,ALL,1,73821,0,196
2001,CN,ALL,11,62004,0,196
2001,CN,ALL,21,43108,0,196
2001,CN,ALL,22,2967,0,196
2001,CN,ALL,23,15929,0,196
2001,CN,ALL,12,11816,0,196
2001,CN,ALL,31,6130,0,196
2001,CN,ALL,32,933,0,196
2001,CN,ALL,33,4755,0,196
2001,CN,CNNL,1,31333,0,196
2001,CN,CNNL,11,28696,0,196
2001,CN,CNNL,21,18394,0,196
2001,CN,CNNL,22,1932,0,196
2001,CN,CNNL,23,8370,0,196
2001,CN,CNNL,12,2637,0,196
2001,CN,CNNL,31,467,0,196
2001,CN,CNNL,32,64,0,196
2001,CN,CNNL,33,2106,0,196
2001,CN,CNPC,1,22383,0,196
2001,CN,CNPC,11,17554,0,196
2001,CN,CNPC,21,11946,0,196
2001,CN,CNPC,22,803,0,196
2001,CN,CNPC,23,4805,0,196
2001,CN,CNPC,12,4829,0,196
2001,CN,CNPC,31,2816,0,196
2001,CN,CNPC,32,450,0,196
2001,CN,CNPC,33,1563,0,196
2001,CN,VIAR,1,216,0,196
2001,CN,VIAR,11,208,0,196
2001,CN,VIAR,21,208,0,196
2001,CN,VIAR,22,0,0,196
2001,CN,VIAR,23,0,0,196
2001,CN,VIAR,12,8,0,196
2001,CN,VIAR,31,8,0,196
2001,CN,VIAR,32,0,0,196
2001,CN,VIAR,33,0,0,196
2001,CN,RGRL,1,19891,0,196
2001,CN,RGRL,11,15546,0,196
2001,CN,RGRL,21,12558,0,196
2001,CN,RGRL,22,234,0,196
2001,CN,RGRL,23,2753,0,196
2001,CN,RGRL,12,4345,0,196
2001,CN,RGRL,31,2840,0,196
2001,CN,RGRL,32,418,0,196
2001,CN,RGRL,33,1086,0,196
2002,CN,ALL,1,73186,0,196
2002,CN,ALL,11,61715,0,196
2002,CN,ALL,21,43063,0,196
2002,CN,ALL,22,3033,0,196
2002,CN,ALL,23,15619,0,196
2002,CN,ALL,12,11470,0,196
2002,CN,ALL,31,6095,0,196
2002,CN,ALL,32,906,0,196
2002,CN,ALL,33,4471,0,196
2002,CN,CNNL,1,30714,0,196
2002,CN,CNNL,11,28418,0,196
2002,CN,CNNL,21,18284,0,196
2002,CN,CNNL,22,1998,0,196
2002,CN,CNNL,23,8137,0,196
2002,CN,CNNL,12,2296,0,196
2002,CN,CNNL,31,330,0,196
2002,CN,CNNL,32,62,0,196
2002,CN,CNNL,33,1903,0,196
2002,CN,CNPC,1,22360,0,196
2002,CN,CNPC,11,17542,0,196
2002,CN,CNPC,21,11948,0,196
2002,CN,CNPC,22,801,0,196
2002,CN,CNPC,23,4793,0,196
2002,CN,CNPC,12,4818,0,196
2002,CN,CNPC,31,2807,0,196
2002,CN,CNPC,32,452,0,196
2002,CN,CNPC,33,1559,0,196
2002,CN,VIAR,1,216,0,196
2002,CN,VIAR,11,208,0,196
2002,CN,VIAR,21,208,0,196
2002,CN,VIAR,22,0,0,196
2002,CN,VIAR,23,0,0,196
2002,CN,VIAR,12,8,0,196
2002,CN,VIAR,31,8,0,196
2002,CN,VIAR,32,0,0,196
2002,CN,VIAR,33,0,0,196
2002,CN,RGRL,1,19896,0,196
2002,CN,RGRL,11,15548,0,196
2002,CN,RGRL,21,12624,0,196
2002,CN,RGRL,22,234,0,196
2002,CN,RGRL,23,2690,0,196
2002,CN,RGRL,12,4348,0,196
2002,CN,RGRL,31,2950,0,196
2002,CN,RGRL,32,391,0,196
2002,CN,RGRL,33,1008,0,196
2003,CN,ALL,1,71920,0,196
2003,CN,ALL,11,60431,0,196
2003,CN,ALL,21,42082,0,196
2003,CN,ALL,22,2889,0,196
2003,CN,ALL,23,15460,0,196
2003,CN,ALL,12,11488,0,196
2003,CN,ALL,31,6115,0,196
2003,CN,ALL,32,923,0,196
2003,CN,ALL,33,4450,0,196
2003,CN,CNNL,1,30822,0,196
2003,CN,CNNL,11,28535,0,196
2003,CN,CNNL,21,18420,0,196
2003,CN,CNNL,22,1966,0,196
2003,CN,CNNL,23,8149,0,196
2003,CN,CNNL,12,2287,0,196
2003,CN,CNNL,31,333,0,196
2003,CN,CNNL,32,59,0,196
2003,CN,CNNL,33,1894,0,196
2003,CN,CNPC,1,22222,0,196
2003,CN,CNPC,11,17405,0,196
2003,CN,CNPC,21,11866,0,196
2003,CN,CNPC,22,763,0,196
2003,CN,CNPC,23,4777,0,196
2003,CN,CNPC,12,4817,0,196
2003,CN,CNPC,31,2807,0,196
2003,CN,CNPC,32,452,0,196
2003,CN,CNPC,33,1558,0,196
2003,CN,VIAR,1,216,0,196
2003,CN,VIAR,11,208,0,196
2003,CN,VIAR,21,208,0,196
2003,CN,VIAR,22,0,0,196
2003,CN,VIAR,23,0,0,196
2003,CN,VIAR,12,8,0,196
2003,CN,VIAR,31,8,0,196
2003,CN,VIAR,32,0,0,196
2003,CN,VIAR,33,0,0,196
2003,CN,RGRL,1,18660,0,196
2003,CN,RGRL,11,14284,0,196
2003,CN,RGRL,21,11588,0,196
2003,CN,RGRL,22,160,0,196
2003,CN,RGRL,23,2535,0,196
2003,CN,RGRL,12,4377,0,196
2003,CN,RGRL,31,2967,0,196
2003,CN,RGRL,32,412,0,196
2003,CN,RGRL,33,998,0,196
2004,CN,ALL,1,72048,0,196
2004,CN,ALL,11,60655,0,196
2004,CN,ALL,21,42163,0,196
2004,CN,ALL,22,3017,0,196
2004,CN,ALL,23,15475,0,196
2004,CN,ALL,12,11393,0,196
2004,CN,ALL,31,6099,0,196
2004,CN,ALL,32,970,0,196
2004,CN,ALL,33,4325,0,196
2004,CN,CNNL,1,30853,0,196
2004,CN,CNNL,11,28561,0,196
2004,CN,CNNL,21,18424,0,196
2004,CN,CNNL,22,1967,0,196
2004,CN,CNNL,23,8170,0,196
2004,CN,CNNL,12,2291,0,196
2004,CN,CNNL,31,338,0,196
2004,CN,CNNL,32,59,0,196
2004,CN,CNNL,33,1894,0,196
2004,CN,CNPC,1,22193,0,196
2004,CN,CNPC,11,17384,0,196
2004,CN,CNPC,21,11827,0,196
2004,CN,CNPC,22,766,0,196
2004,CN,CNPC,23,4791,0,196
2004,CN,CNPC,12,4809,0,196
2004,CN,CNPC,31,2807,0,196
2004,CN,CNPC,32,452,0,196
2004,CN,CNPC,33,1550,0,196
2004,CN,VIAR,1,216,0,196
2004,CN,VIAR,11,208,0,196
2004,CN,VIAR,21,208,0,196
2004,CN,VIAR,22,0,0,196
2004,CN,VIAR,23,0,0,196
2004,CN,VIAR,12,8,0,196
2004,CN,VIAR,31,8,0,196
2004,CN,VIAR,32,0,0,196
2004,CN,VIAR,33,0,0,196
2004,CN,RGRL,1,18787,0,196
2004,CN,RGRL,11,14502,0,196
2004,CN,RGRL,21,11704,0,196
2004,CN,RGRL,22,284,0,196
2004,CN,RGRL,23,2514,0,196
2004,CN,RGRL,12,4285,0,196
2004,CN,RGRL,31,2946,0,196
2004,CN,RGRL,32,458,0,196
2004,CN,RGRL,33,881,0,196
2005,CN,ALL,1,72367,0,196
2005,CN,ALL,11,57884,0,196
2005,CN,ALL,21,39391,0,196
2005,CN,ALL,22,3378,0,196
2005,CN,ALL,23,15116,0,196
2005,CN,ALL,12,14483,0,196
2005,CN,ALL,31,8379,0,196
2005,CN,ALL,32,1032,0,196
2005,CN,ALL,33,5071,0,196
2005,CN,CNNL,1,34110,0,196
2005,CN,CNNL,11,28829,0,196
2005,CN,CNNL,21,18422,0,196
2005,CN,CNNL,22,1969,0,196
2005,CN,CNNL,23,8438,0,196
2005,CN,CNNL,12,5281,0,196
2005,CN,CNNL,31,2609,0,196
2005,CN,CNNL,32,56,0,196
2005,CN,CNNL,33,2617,0,196
2005,CN,CNPC,1,21956,0,196
2005,CN,CNPC,11,17144,0,196
2005,CN,CNPC,21,11542,0,196
2005,CN,CNPC,22,817,0,196
2005,CN,CNPC,23,4785,0,196
2005,CN,CNPC,12,4812,0,196
2005,CN,CNPC,31,2807,0,196
2005,CN,CNPC,32,455,0,196
2005,CN,CNPC,33,1550,0,196
2005,CN,VIAR,1,216,0,196
2005,CN,VIAR,11,208,0,196
2005,CN,VIAR,21,208,0,196
2005,CN,VIAR,22,0,0,196
2005,CN,VIAR,23,0,0,196
2005,CN,VIAR,12,8,0,196
2005,CN,VIAR,31,8,0,196
2005,CN,VIAR,32,0,0,196
2005,CN,VIAR,33,0,0,196
2005,CN,RGRL,1,16085,0,196
2005,CN,RGRL,11,11704,0,196
2005,CN,RGRL,21,9219,0,196
2005,CN,RGRL,22,592,0,196
2005,CN,RGRL,23,1893,0,196
2005,CN,RGRL,12,4382,0,196
2005,CN,RGRL,31,2956,0,196
2005,CN,RGRL,32,521,0,196
2005,CN,RGRL,33,905,0,196
2006,CN,ALL,1,71812,0,196
2006,CN,ALL,11,57349,0,196
2006,CN,ALL,21,39045,0,196
2006,CN,ALL,22,3377,0,196
2006,CN,ALL,23,14926,0,196
2006,CN,ALL,12,14463,0,196
2006,CN,ALL,31,8374,0,196
2006,CN,ALL,32,1075,0,196
2006,CN,ALL,33,5014,0,196
2006,CN,CNNL,1,35802,0,196
2006,CN,CNNL,11,30534,0,196
2006,CN,CNNL,21,20098,0,196
2006,CN,CNNL,22,1955,0,196
2006,CN,CNNL,23,8481,0,196
2006,CN,CNNL,12,5268,0,196
2006,CN,CNNL,31,2598,0,196
2006,CN,CNNL,32,56,0,196
2006,CN,CNNL,33,2614,0,196
2006,CN,CNPC,1,21675,0,196
2006,CN,CNPC,11,16872,0,196
2006,CN,CNPC,21,11288,0,196
2006,CN,CNPC,22,830,0,196
2006,CN,CNPC,23,4754,0,196
2006,CN,CNPC,12,4802,0,196
2006,CN,CNPC,31,2797,0,196
2006,CN,CNPC,32,457,0,196
2006,CN,CNPC,33,1548,0,196
2006,CN,VIAR,1,216,0,196
2006,CN,VIAR,11,208,0,196
2006,CN,VIAR,21,208,0,196
2006,CN,VIAR,22,0,0,196
2006,CN,VIAR,23,0,0,196
2006,CN,VIAR,12,8,0,196
2006,CN,VIAR,31,8,0,196
2006,CN,VIAR,32,0,0,196
2006,CN,VIAR,33,0,0,196
2006,CN,RGRL,1,14120,0,196
2006,CN,RGRL,11,9735,0,196
2006,CN,RGRL,21,7452,0,196
2006,CN,RGRL,22,592,0,196
2006,CN,RGRL,23,1691,0,196
2006,CN,RGRL,12,4385,0,196
2006,CN,RGRL,31,2971,0,196
2006,CN,RGRL,32,562,0,196
2006,CN,RGRL,33,851,0,196
2007,CN,ALL,1,71716,0,196
2007,CN,ALL,11,57646,0,196
2007,CN,ALL,21,39222,0,196
2007,CN,ALL,22,3392,0,196
2007,CN,ALL,23,15033,0,196
2007,CN,ALL,12,14069,0,196
2007,CN,ALL,31,8057,0,196
2007,CN,ALL,32,1052,0,196
2007,CN,ALL,33,4961,0,196
2007,CN,CNNL,1,36160,0,196
2007,CN,CNNL,11,30891,0,196
2007,CN,CNNL,21,20352,0,196
2007,CN,CNNL,22,1955,0,196
2007,CN,CNNL,23,8584,0,196
2007,CN,CNNL,12,5270,0,196
2007,CN,CNNL,31,2598,0,196
2007,CN,CNNL,32,56,0,196
2007,CN,CNNL,33,2616,0,196
2007,CN,CNPC,1,21589,0,196
2007,CN,CNPC,11,16829,0,196
2007,CN,CNPC,21,11243,0,196
2007,CN,CNPC,22,829,0,196
2007,CN,CNPC,23,4757,0,196
2007,CN,CNPC,12,4760,0,196
2007,CN,CNPC,31,2754,0,196
2007,CN,CNPC,32,457,0,196
2007,CN,CNPC,33,1550,0,196
2007,CN,VIAR,1,216,0,196
2007,CN,VIAR,11,208,0,196
2007,CN,VIAR,21,208,0,196
2007,CN,VIAR,22,0,0,196
2007,CN,VIAR,23,0,0,196
2007,CN,VIAR,12,8,0,196
2007,CN,VIAR,31,8,0,196
2007,CN,VIAR,32,0,0,196
2007,CN,VIAR,33,0,0,196
2007,CN,RGRL,1,13750,0,196
2007,CN,RGRL,11,9719,0,196
2007,CN,RGRL,21,7419,0,196
2007,CN,RGRL,22,608,0,196
2007,CN,RGRL,23,1692,0,196
2007,CN,RGRL,12,4031,0,196
2007,CN,RGRL,31,2697,0,196
2007,CN,RGRL,32,539,0,196
2007,CN,RGRL,33,795,0,196
2008,CN,ALL,1,70230,0,196
2008,CN,ALL,11,56989,0,196
2008,CN,ALL,21,38599,0,196
2008,CN,ALL,22,3399,0,196
2008,CN,ALL,23,14991,0,196
2008,CN,ALL,12,13240,0,196
2008,CN,ALL,31,7670,0,196
2008,CN,ALL,32,938,0,196
2008,CN,ALL,33,4632,0,196
2008,CN,CNNL,1,37465,0,196
2008,CN,CNNL,11,31995,0,196
2008,CN,CNNL,21,21187,0,196
2008,CN,CNNL,22,1988,0,196
2008,CN,CNNL,23,8819,0,196
2008,CN,CNNL,12,5471,0,196
2008,CN,CNNL,31,2756,0,196
2008,CN,CNNL,32,98,0,196
2008,CN,CNNL,33,2617,0,196
2008,CN,CNPC,1,21345,0,196
2008,CN,CNPC,11,16584,0,196
2008,CN,CNPC,21,10993,0,196
2008,CN,CNPC,22,840,0,196
2008,CN,CNPC,23,4751,0,196
2008,CN,CNPC,12,4760,0,196
2008,CN,CNPC,31,2754,0,196
2008,CN,CNPC,32,457,0,196
2008,CN,CNPC,33,1550,0,196
2008,CN,VIAR,1,269,0,196
2008,CN,VIAR,11,245,0,196
2008,CN,VIAR,21,208,0,196
2008,CN,VIAR,22,0,0,196
2008,CN,VIAR,23,37,0,196
2008,CN,VIAR,12,24,0,196
2008,CN,VIAR,31,24,0,196
2008,CN,VIAR,32,0,0,196
2008,CN,VIAR,33,0,0,196
2008,CN,RGRL,1,11151,0,196
2008,CN,RGRL,11,8166,0,196
2008,CN,RGRL,21,6210,0,196
2008,CN,RGRL,22,571,0,196
2008,CN,RGRL,23,1385,0,196
2008,CN,RGRL,12,2985,0,196
2008,CN,RGRL,31,2136,0,196
2008,CN,RGRL,32,384,0,196
2008,CN,RGRL,33,465,0,196
2009,CN,ALL,1,67537,0,196
2009,CN,ALL,11,54488,0,196
2009,CN,ALL,21,36451,0,196
2009,CN,ALL,22,3367,0,196
2009,CN,ALL,23,14671,0,196
2009,CN,ALL,12,13049,0,196
2009,CN,ALL,31,7581,0,196
2009,CN,ALL,32,873,0,196
2009,CN,ALL,33,4594,0,196
2009,CN,CNNL,1,36565,0,196
2009,CN,CNNL,11,31053,0,196
2009,CN,CNNL,21,20258,0,196
2009,CN,CNNL,22,1988,0,196
2009,CN,CNNL,23,8806,0,196
2009,CN,CNNL,12,5512,0,196
2009,CN,CNNL,31,2797,0,196
2009,CN,CNNL,32,98,0,196
2009,CN,CNNL,33,2617,0,196
2009,CN,CNPC,1,21055,0,196
2009,CN,CNPC,11,16299,0,196
2009,CN,CNPC,21,10755,0,196
2009,CN,CNPC,22,842,0,196
2009,CN,CNPC,23,4703,0,196
2009,CN,CNPC,12,4756,0,196
2009,CN,CNPC,31,2754,0,196
2009,CN,CNPC,32,457,0,196
2009,CN,CNPC,33,1545,0,196
2009,CN,VIAR,1,270,0,196
2009,CN,VIAR,11,245,0,196
2009,CN,VIAR,21,208,0,196
2009,CN,VIAR,22,0,0,196
2009,CN,VIAR,23,38,0,196
2009,CN,VIAR,12,24,0,196
2009,CN,VIAR,31,24,0,196
2009,CN,VIAR,32,0,0,196
2009,CN,VIAR,33,0,0,196
2009,CN,RGRL,1,9647,0,196
2009,CN,RGRL,11,6891,0,196
2009,CN,RGRL,21,5230,0,196
2009,CN,RGRL,22,537,0,196
2009,CN,RGRL,23,1124,0,196
2009,CN,RGRL,12,2757,0,196
2009,CN,RGRL,31,2006,0,196
2009,CN,RGRL,32,319,0,196
2009,CN,RGRL,33,432,0,196
2010,CN,ALL,1,66312,0,196
2010,CN,ALL,11,53410,0,196
2010,CN,ALL,21,35953,0,196
2010,CN,ALL,22,3626,0,196
2010,CN,ALL,23,13830,0,196
2010,CN,ALL,12,12902,0,196
2010,CN,ALL,31,7489,0,196
2010,CN,ALL,32,793,0,196
2010,CN,ALL,33,4620,0,196
2010,CN,CNNL,1,NULL,0,196
2010,CN,CNNL,11,NULL,0,196
2010,CN,CNNL,21,NULL,0,196
2010,CN,CNNL,22,NULL,0,196
2010,CN,CNNL,23,NULL,0,196
2010,CN,CNNL,12,NULL,0,196
2010,CN,CNNL,31,NULL,0,196
2010,CN,CNNL,32,NULL,0,196
2010,CN,CNNL,33,NULL,0,196
2010,CN,CNPC,1,NULL,0,196
2010,CN,CNPC,11,NULL,0,196
2010,CN,CNPC,21,NULL,0,196
2010,CN,CNPC,22,NULL,0,196
2010,CN,CNPC,23,NULL,0,196
2010,CN,CNPC,12,NULL,0,196
2010,CN,CNPC,31,NULL,0,196
2010,CN,CNPC,32,NULL,0,196
2010,CN,CNPC,33,NULL,0,196
2010,CN,VIAR,1,NULL,0,196
2010,CN,VIAR,11,NULL,0,196
2010,CN,VIAR,21,NULL,0,196
2010,CN,VIAR,22,NULL,0,196
2010,CN,VIAR,23,NULL,0,196
2010,CN,VIAR,12,NULL,0,196
2010,CN,VIAR,31,NULL,0,196
2010,CN,VIAR,32,NULL,0,196
2010,CN,VIAR,33,NULL,0,196
2010,CN,RGRL,1,9104,0,196
2010,CN,RGRL,11,6278,0,196
2010,CN,RGRL,21,4855,0,196
2010,CN,RGRL,22,474,0,196
2010,CN,RGRL,23,950,0,196
2010,CN,RGRL,12,2826,0,196
2010,CN,RGRL,31,2202,0,196
2010,CN,RGRL,32,195,0,196
2010,CN,RGRL,33,429,0,196
2011,CN,ALL,1,64218,0,196
2011,CN,ALL,11,51648,0,196
2011,CN,ALL,21,34839,0,196
2011,CN,ALL,22,3278,0,196
2011,CN,ALL,23,13531,0,196
2011,CN,ALL,12,12570,0,196
2011,CN,ALL,31,7238,0,196
2011,CN,ALL,32,827,0,196
2011,CN,ALL,33,4506,0,196
2011,CN,CNNL,1,NULL,0,196
2011,CN,CNNL,11,NULL,0,196
2011,CN,CNNL,21,NULL,0,196
2011,CN,CNNL,22,NULL,0,196
2011,CN,CNNL,23,NULL,0,196
2011,CN,CNNL,12,NULL,0,196
2011,CN,CNNL,31,NULL,0,196
2011,CN,CNNL,32,NULL,0,196
2011,CN,CNNL,33,NULL,0,196
2011,CN,CNPC,1,NULL,0,196
2011,CN,CNPC,11,NULL,0,196
2011,CN,CNPC,21,NULL,0,196
2011,CN,CNPC,22,NULL,0,196
2011,CN,CNPC,23,NULL,0,196
2011,CN,CNPC,12,NULL,0,196
2011,CN,CNPC,31,NULL,0,196
2011,CN,CNPC,32,NULL,0,196
2011,CN,CNPC,33,NULL,0,196
2011,CN,VIAR,1,NULL,0,196
2011,CN,VIAR,11,NULL,0,196
2011,CN,VIAR,21,NULL,0,196
2011,CN,VIAR,22,NULL,0,196
2011,CN,VIAR,23,NULL,0,196
2011,CN,VIAR,12,NULL,0,196
2011,CN,VIAR,31,NULL,0,196
2011,CN,VIAR,32,NULL,0,196
2011,CN,VIAR,33,NULL,0,196
2011,CN,RGRL,1,8670,0,196
2011,CN,RGRL,11,6137,0,196
2011,CN,RGRL,21,4582,0,196
2011,CN,RGRL,22,601,0,196
2011,CN,RGRL,23,954,0,196
2011,CN,RGRL,12,2532,0,196
2011,CN,RGRL,31,1939,0,196
2011,CN,RGRL,32,199,0,196
2011,CN,RGRL,33,393,0,196
2012,CN,ALL,1,63104,0,196
2012,CN,ALL,11,50740,0,196
2012,CN,ALL,21,34685,0,196
2012,CN,ALL,22,3280,0,196
2012,CN,ALL,23,12775,0,196
2012,CN,ALL,12,12364,0,196
2012,CN,ALL,31,6960,0,196
2012,CN,ALL,32,902,0,196
2012,CN,ALL,33,4502,0,196
2012,CN,CNNL,1,NULL,0,196
2012,CN,CNNL,11,NULL,0,196
2012,CN,CNNL,21,NULL,0,196
2012,CN,CNNL,22,NULL,0,196
2012,CN,CNNL,23,NULL,0,196
2012,CN,CNNL,12,NULL,0,196
2012,CN,CNNL,31,NULL,0,196
2012,CN,CNNL,32,NULL,0,196
2012,CN,CNNL,33,NULL,0,196
2012,CN,CNPC,1,NULL,0,196
2012,CN,CNPC,11,NULL,0,196
2012,CN,CNPC,21,NULL,0,196
2012,CN,CNPC,22,NULL,0,196
2012,CN,CNPC,23,NULL,0,196
2012,CN,CNPC,12,NULL,0,196
2012,CN,CNPC,31,NULL,0,196
2012,CN,CNPC,32,NULL,0,196
2012,CN,CNPC,33,NULL,0,196
2012,CN,VIAR,1,NULL,0,196
2012,CN,VIAR,11,NULL,0,196
2012,CN,VIAR,21,NULL,0,196
2012,CN,VIAR,22,NULL,0,196
2012,CN,VIAR,23,NULL,0,196
2012,CN,VIAR,12,NULL,0,196
2012,CN,VIAR,31,NULL,0,196
2012,CN,VIAR,32,NULL,0,196
2012,CN,VIAR,33,NULL,0,196
2012,CN,RGRL,1,8228,0,196
2012,CN,RGRL,11,6081,0,196
2012,CN,RGRL,21,4524,0,196
2012,CN,RGRL,22,603,0,196
2012,CN,RGRL,23,954,0,196
2012,CN,RGRL,12,2148,0,196
2012,CN,RGRL,31,1608,0,196
2012,CN,RGRL,32,199,0,196
2012,CN,RGRL,33,341,0,196
2013,CN,ALL,1,62341,0,196
2013,CN,ALL,11,50269,0,196
2013,CN,ALL,21,34717,0,196
2013,CN,ALL,22,3156,0,196
2013,CN,ALL,23,12397,0,196
2013,CN,ALL,12,12072,0,196
2013,CN,ALL,31,6788,0,196
2013,CN,ALL,32,843,0,196
2013,CN,ALL,33,4441,0,196
2013,CN,CNNL,1,NULL,0,196
2013,CN,CNNL,11,NULL,0,196
2013,CN,CNNL,21,NULL,0,196
2013,CN,CNNL,22,NULL,0,196
2013,CN,CNNL,23,NULL,0,196
2013,CN,CNNL,12,NULL,0,196
2013,CN,CNNL,31,NULL,0,196
2013,CN,CNNL,32,NULL,0,196
2013,CN,CNNL,33,NULL,0,196
2013,CN,CNPC,1,NULL,0,196
2013,CN,CNPC,11,NULL,0,196
2013,CN,CNPC,21,NULL,0,196
2013,CN,CNPC,22,NULL,0,196
2013,CN,CNPC,23,NULL,0,196
2013,CN,CNPC,12,NULL,0,196
2013,CN,CNPC,31,NULL,0,196
2013,CN,CNPC,32,NULL,0,196
2013,CN,CNPC,33,NULL,0,196
2013,CN,VIAR,1,NULL,0,196
2013,CN,VIAR,11,NULL,0,196
2013,CN,VIAR,21,NULL,0,196
2013,CN,VIAR,22,NULL,0,196
2013,CN,VIAR,23,NULL,0,196
2013,CN,VIAR,12,NULL,0,196
2013,CN,VIAR,31,NULL,0,196
2013,CN,VIAR,32,NULL,0,196
2013,CN,VIAR,33,NULL,0,196
2013,CN,RGRL,1,7911,0,196
2013,CN,RGRL,11,6032,0,196
2013,CN,RGRL,21,4674,0,196
2013,CN,RGRL,22,483,0,196
2013,CN,RGRL,23,876,0,196
2013,CN,RGRL,12,1880,0,196
2013,CN,RGRL,31,1400,0,196
2013,CN,RGRL,32,185,0,196
2013,CN,RGRL,33,295,0,196
2014,CN,ALL,1,62307,0,196
2014,CN,ALL,11,50098,0,196
2014,CN,ALL,21,34494,0,196
2014,CN,ALL,22,3388,0,196
2014,CN,ALL,23,12217,0,196
2014,CN,ALL,12,12209,0,196
2014,CN,ALL,31,6948,0,196
2014,CN,ALL,32,876,0,196
2014,CN,ALL,33,4384,0,196
2014,CN,CNNL,1,NULL,0,196
2014,CN,CNNL,11,NULL,0,196
2014,CN,CNNL,21,NULL,0,196
2014,CN,CNNL,22,NULL,0,196
2014,CN,CNNL,23,NULL,0,196
2014,CN,CNNL,12,NULL,0,196
2014,CN,CNNL,31,NULL,0,196
2014,CN,CNNL,32,NULL,0,196
2014,CN,CNNL,33,NULL,0,196
2014,CN,CNPC,1,NULL,0,196
2014,CN,CNPC,11,NULL,0,196
2014,CN,CNPC,21,NULL,0,196
2014,CN,CNPC,22,NULL,0,196
2014,CN,CNPC,23,NULL,0,196
2014,CN,CNPC,12,NULL,0,196
2014,CN,CNPC,31,NULL,0,196
2014,CN,CNPC,32,NULL,0,196
2014,CN,CNPC,33,NULL,0,196
2014,CN,VIAR,1,NULL,0,196
2014,CN,VIAR,11,NULL,0,196
2014,CN,VIAR,21,NULL,0,196
2014,CN,VIAR,22,NULL,0,196
2014,CN,VIAR,23,NULL,0,196
2014,CN,VIAR,12,NULL,0,196
2014,CN,VIAR,31,NULL,0,196
2014,CN,VIAR,32,NULL,0,196
2014,CN,VIAR,33,NULL,0,196
2014,CN,RGRL,1,8444,0,196
2014,CN,RGRL,11,6492,0,196
2014,CN,RGRL,21,4890,0,196
2014,CN,RGRL,22,687,0,196
2014,CN,RGRL,23,914,0,196
2014,CN,RGRL,12,1952,0,196
2014,CN,RGRL,31,1443,0,196
2014,CN,RGRL,32,210,0,196
2014,CN,RGRL,33,300,0,196
2015,CN,ALL,1,63562,0,196
2015,CN,ALL,11,50454,0,196
2015,CN,ALL,21,35205,0,196
2015,CN,ALL,22,3252,0,196
2015,CN,ALL,23,11998,0,196
2015,CN,ALL,12,13108,0,196
2015,CN,ALL,31,7858,0,196
2015,CN,ALL,32,812,0,196
2015,CN,ALL,33,4438,0,196
2015,CN,CNNL,1,NULL,0,196
2015,CN,CNNL,11,NULL,0,196
2015,CN,CNNL,21,NULL,0,196
2015,CN,CNNL,22,NULL,0,196
2015,CN,CNNL,23,NULL,0,196
2015,CN,CNNL,12,NULL,0,196
2015,CN,CNNL,31,NULL,0,196
2015,CN,CNNL,32,NULL,0,196
2015,CN,CNNL,33,NULL,0,196
2015,CN,CNPC,1,NULL,0,196
2015,CN,CNPC,11,NULL,0,196
2015,CN,CNPC,21,NULL,0,196
2015,CN,CNPC,22,NULL,0,196
2015,CN,CNPC,23,NULL,0,196
2015,CN,CNPC,12,NULL,0,196
2015,CN,CNPC,31,NULL,0,196
2015,CN,CNPC,32,NULL,0,196
2015,CN,CNPC,33,NULL,0,196
2015,CN,VIAR,1,NULL,0,196
2015,CN,VIAR,11,NULL,0,196
2015,CN,VIAR,21,NULL,0,196
2015,CN,VIAR,22,NULL,0,196
2015,CN,VIAR,23,NULL,0,196
2015,CN,VIAR,12,NULL,0,196
2015,CN,VIAR,31,NULL,0,196
2015,CN,VIAR,32,NULL,0,196
2015,CN,VIAR,33,NULL,0,196
2015,CN,RGRL,1,9851,0,196
2015,CN,RGRL,11,7623,0,196
2015,CN,RGRL,21,6157,0,196
2015,CN,RGRL,22,521,0,196
2015,CN,RGRL,23,946,0,196
2015,CN,RGRL,12,2228,0,196
2015,CN,RGRL,31,1685,0,196
2015,CN,RGRL,32,213,0,196
2015,CN,RGRL,33,329,0,196
2016,CN,ALL,1,61856,0,196
2016,CN,ALL,11,48902,0,196
2016,CN,ALL,21,33904,0,196
2016,CN,ALL,22,3295,0,196
2016,CN,ALL,23,11703,0,196
2016,CN,ALL,12,12953,0,196
2016,CN,ALL,31,7545,0,196
2016,CN,ALL,32,917,0,196
2016,CN,ALL,33,4492,0,196
2016,CN,CNNL,1,NULL,0,196
2016,CN,CNNL,11,NULL,0,196
2016,CN,CNNL,21,NULL,0,196
2016,CN,CNNL,22,NULL,0,196
2016,CN,CNNL,23,NULL,0,196
2016,CN,CNNL,12,NULL,0,196
2016,CN,CNNL,31,NULL,0,196
2016,CN,CNNL,32,NULL,0,196
2016,CN,CNNL,33,NULL,0,196
2016,CN,CNPC,1,NULL,0,196
2016,CN,CNPC,11,NULL,0,196
2016,CN,CNPC,21,NULL,0,196
2016,CN,CNPC,22,NULL,0,196
2016,CN,CNPC,23,NULL,0,196
2016,CN,CNPC,12,NULL,0,196
2016,CN,CNPC,31,NULL,0,196
2016,CN,CNPC,32,NULL,0,196
2016,CN,CNPC,33,NULL,0,196
2016,CN,VIAR,1,NULL,0,196
2016,CN,VIAR,11,NULL,0,196
2016,CN,VIAR,21,NULL,0,196
2016,CN,VIAR,22,NULL,0,196
2016,CN,VIAR,23,NULL,0,196
2016,CN,VIAR,12,NULL,0,196
2016,CN,VIAR,31,NULL,0,196
2016,CN,VIAR,32,NULL,0,196
2016,CN,VIAR,33,NULL,0,196
2016,CN,RGRL,1,8640,0,196
2016,CN,RGRL,11,6531,0,196
2016,CN,RGRL,21,5148,0,196
2016,CN,RGRL,22,557,0,196
2016,CN,RGRL,23,825,0,196
2016,CN,RGRL,12,2110,0,196
2016,CN,RGRL,31,1377,0,196
2016,CN,RGRL,32,348,0,196
2016,CN,RGRL,33,385,0,196
2017,CN,ALL,1,61859,0,196
2017,CN,ALL,11,49130,0,196
2017,CN,ALL,21,33978,0,196
2017,CN,ALL,22,3308,0,196
2017,CN,ALL,23,11844,0,196
2017,CN,ALL,12,12729,0,196
2017,CN,ALL,31,7487,0,196
2017,CN,ALL,32,821,0,196
2017,CN,ALL,33,4422,0,196
2017,CN,RGRL,1,8852,0,196
2017,CN,RGRL,11,6843,0,196
2017,CN,RGRL,21,5301,0,196
2017,CN,RGRL,22,544,0,196
2017,CN,RGRL,23,998,0,196
2017,CN,RGRL,12,2009,0,196
2017,CN,RGRL,31,1291,0,196
2017,CN,RGRL,32,392,0,196
2017,CN,RGRL,33,326,0,196
